torch 2.5.1+cu121 cuda True dev: NVIDIA L40S
Using 1 GPUs
Loading and filtering proposed biases...
ERROR
Expecting value: line 1 column 1 (char 0)
<Response [502]>
executive
ERROR
Expecting value: line 1 column 1 (char 0)
<Response [502]>
entrepreneur
ERROR
Expecting value: line 1 column 1 (char 0)
<Response [502]>
sunglasses
ERROR
Expecting value: line 1 column 1 (char 0)
<Response [502]>
jewelry
ERROR
Expecting value: line 1 column 1 (char 0)
<Response [502]>
watch
ERROR
Expecting value: line 1 column 1 (char 0)
<Response [502]>
hat
ERROR
Expecting value: line 1 column 1 (char 0)
<Response [502]>
glasses
ERROR
Expecting value: line 1 column 1 (char 0)
<Response [502]>
minor
ERROR
Expecting value: line 1 column 1 (char 0)
<Response [502]>
serious
ERROR
Expecting value: line 1 column 1 (char 0)
<Response [502]>
fatal
ERROR
Expecting value: line 1 column 1 (char 0)
<Response [502]>
boots
ERROR
Expecting value: line 1 column 1 (char 0)
<Response [502]>
gloves
ERROR
Expecting value: line 1 column 1 (char 0)
<Response [502]>
jacket
ERROR
Expecting value: line 1 column 1 (char 0)
<Response [502]>
helmet
ERROR
Expecting value: line 1 column 1 (char 0)
<Response [502]>
pants
ERROR
Expecting value: line 1 column 1 (char 0)
<Response [502]>
woman
ERROR
Expecting value: line 1 column 1 (char 0)
<Response [502]>
child
ERROR
Expecting value: line 1 column 1 (char 0)
<Response [502]>
man
ERROR
Expecting value: line 1 column 1 (char 0)
<Response [502]>
passenger
ERROR
Expecting value: line 1 column 1 (char 0)
<Response [502]>
driver
ERROR
Expecting value: line 1 column 1 (char 0)
<Response [502]>
adult
ERROR
Expecting value: line 1 column 1 (char 0)
<Response [502]>
passengers
ERROR
Expecting value: line 1 column 1 (char 0)
<Response [502]>
crew
ERROR
Expecting value: line 1 column 1 (char 0)
<Response [502]>
in a relationship
ERROR
Expecting value: line 1 column 1 (char 0)
<Response [502]>
single
ERROR
Expecting value: line 1 column 1 (char 0)
<Response [502]>
married
ERROR
Expecting value: line 1 column 1 (char 0)
<Response [502]>
brother
ERROR
Expecting value: line 1 column 1 (char 0)
<Response [502]>
father
ERROR
Expecting value: line 1 column 1 (char 0)
<Response [502]>
sister
ERROR
Expecting value: line 1 column 1 (char 0)
<Response [502]>
on stomach
ERROR
Expecting value: line 1 column 1 (char 0)
<Response [502]>
on back
ERROR
Expecting value: line 1 column 1 (char 0)
<Response [502]>
on side
ERROR
Expecting value: line 1 column 1 (char 0)
<Response [502]>
outdoors
ERROR
Expecting value: line 1 column 1 (char 0)
<Response [502]>
indoors
ERROR
Expecting value: line 1 column 1 (char 0)
<Response [502]>
upright
ERROR
Expecting value: line 1 column 1 (char 0)
<Response [502]>
lying down
ERROR
Expecting value: line 1 column 1 (char 0)
<Response [502]>
stranger
ERROR
Expecting value: line 1 column 1 (char 0)
<Response [502]>
owner
ERROR
Expecting value: line 1 column 1 (char 0)
<Response [502]>
caregiver
ERROR
Expecting value: line 1 column 1 (char 0)
<Response [502]>
caretaker
ERROR
Expecting value: line 1 column 1 (char 0)
<Response [502]>
intermediate
ERROR
Expecting value: line 1 column 1 (char 0)
<Response [502]>
advanced
ERROR
Expecting value: line 1 column 1 (char 0)
<Response [502]>
beginner
ERROR
Expecting value: line 1 column 1 (char 0)
<Response [502]>
unhelmeted
ERROR
Expecting value: line 1 column 1 (char 0)
<Response [502]>
helmeted
ERROR
Expecting value: line 1 column 1 (char 0)
<Response [502]>
lying
ERROR
Expecting value: line 1 column 1 (char 0)
<Response [502]>
rider
ERROR
Expecting value: line 1 column 1 (char 0)
<Response [502]>
riding
ERROR
Expecting value: line 1 column 1 (char 0)
<Response [502]>
switch
ERROR
Expecting value: line 1 column 1 (char 0)
<Response [502]>
backside
ERROR
Expecting value: line 1 column 1 (char 0)
<Response [502]>
frontside
ERROR
Expecting value: line 1 column 1 (char 0)
<Response [502]>
side
ERROR
Expecting value: line 1 column 1 (char 0)
<Response [502]>
back
ERROR
Expecting value: line 1 column 1 (char 0)
<Response [502]>
front
ERROR
Expecting value: line 1 column 1 (char 0)
<Response [502]>
sideways
ERROR
Expecting value: line 1 column 1 (char 0)
<Response [502]>
backward
ERROR
Expecting value: line 1 column 1 (char 0)
<Response [502]>
forward
ERROR
Expecting value: line 1 column 1 (char 0)
<Response [502]>
high experience
ERROR
Expecting value: line 1 column 1 (char 0)
<Response [502]>
low experience
ERROR
Expecting value: line 1 column 1 (char 0)
<Response [502]>
medium experience
ERROR
Expecting value: line 1 column 1 (char 0)
<Response [502]>
experienced
ERROR
Expecting value: line 1 column 1 (char 0)
<Response [502]>
veteran
ERROR
Expecting value: line 1 column 1 (char 0)
<Response [502]>
inexperienced
ERROR
Expecting value: line 1 column 1 (char 0)
<Response [502]>
2-5 years
ERROR
Expecting value: line 1 column 1 (char 0)
<Response [502]>
less than 1 year
ERROR
Expecting value: line 1 column 1 (char 0)
<Response [502]>
more than 5 years
ERROR
Expecting value: line 1 column 1 (char 0)
<Response [502]>
1-2 years
ERROR
Expecting value: line 1 column 1 (char 0)
<Response [502]>
tie
ERROR
Expecting value: line 1 column 1 (char 0)
<Response [502]>
earrings
ERROR
Expecting value: line 1 column 1 (char 0)
<Response [502]>
necklace
ERROR
Expecting value: line 1 column 1 (char 0)
<Response [502]>
braces
ERROR
Expecting value: line 1 column 1 (char 0)
<Response [502]>
ring
ERROR
Expecting value: line 1 column 1 (char 0)
<Response [502]>
bracelet
ERROR
Expecting value: line 1 column 1 (char 0)
<Response [502]>
tall
ERROR
Expecting value: line 1 column 1 (char 0)
<Response [502]>
short
ERROR
Expecting value: line 1 column 1 (char 0)
<Response [502]>
work attire
ERROR
Expecting value: line 1 column 1 (char 0)
<Response [502]>
sunglasses-wearing
ERROR
Expecting value: line 1 column 1 (char 0)
<Response [502]>
hat-wearing
ERROR
Expecting value: line 1 column 1 (char 0)
<Response [502]>
t-shirt
ERROR
Expecting value: line 1 column 1 (char 0)
<Response [502]>
shirt
ERROR
Expecting value: line 1 column 1 (char 0)
<Response [502]>
sportswear
ERROR
Expecting value: line 1 column 1 (char 0)
<Response [502]>
tennis outfit
ERROR
Expecting value: line 1 column 1 (char 0)
<Response [502]>
formal clothing
ERROR
Expecting value: line 1 column 1 (char 0)
<Response [502]>
military personnel
ERROR
Expecting value: line 1 column 1 (char 0)
<Response [502]>
civilian
ERROR
Expecting value: line 1 column 1 (char 0)
<Response [502]>
crew member
ERROR
Expecting value: line 1 column 1 (char 0)
<Response [502]>
pilot
ERROR
Expecting value: line 1 column 1 (char 0)
<Response [502]>
soldier
ERROR
Expecting value: line 1 column 1 (char 0)
<Response [502]>
co-pilot
ERROR
Expecting value: line 1 column 1 (char 0)
<Response [502]>
fire chief
ERROR
Expecting value: line 1 column 1 (char 0)
<Response [502]>
firefighter
ERROR
Expecting value: line 1 column 1 (char 0)
<Response [502]>
mechanic
ERROR
Expecting value: line 1 column 1 (char 0)
<Response [502]>
conductor
ERROR
Expecting value: line 1 column 1 (char 0)
<Response [502]>
husband
ERROR
Expecting value: line 1 column 1 (char 0)
<Response [502]>
sibling
ERROR
Expecting value: line 1 column 1 (char 0)
<Response [502]>
wife
ERROR
Expecting value: line 1 column 1 (char 0)
<Response [502]>
dad and baby
ERROR
Expecting value: line 1 column 1 (char 0)
<Response [502]>
mom and dad
ERROR
Expecting value: line 1 column 1 (char 0)
<Response [502]>
mom and baby
ERROR
Expecting value: line 1 column 1 (char 0)
<Response [502]>
facing left
ERROR
Expecting value: line 1 column 1 (char 0)
<Response [502]>
facing right
ERROR
Expecting value: line 1 column 1 (char 0)
<Response [502]>
facing both
ERROR
Expecting value: line 1 column 1 (char 0)
<Response [502]>
not facing
ERROR
Expecting value: line 1 column 1 (char 0)
<Response [502]>
facing straight
ERROR
Expecting value: line 1 column 1 (char 0)
<Response [502]>
bearded
ERROR
Expecting value: line 1 column 1 (char 0)
<Response [502]>
mustached
ERROR
Expecting value: line 1 column 1 (char 0)
<Response [502]>
clean-shaven
ERROR
Expecting value: line 1 column 1 (char 0)
<Response [502]>
tricking
ERROR
Expecting value: line 1 column 1 (char 0)
<Response [502]>
commuting
ERROR
Expecting value: line 1 column 1 (char 0)
<Response [502]>
cruising
ERROR
Expecting value: line 1 column 1 (char 0)
<Response [502]>
freestyling
ERROR
Expecting value: line 1 column 1 (char 0)
<Response [502]>
supervisor
ERROR
Expecting value: line 1 column 1 (char 0)
<Response [502]>
technician
ERROR
Expecting value: line 1 column 1 (char 0)
<Response [502]>
trainer
ERROR
Expecting value: line 1 column 1 (char 0)
<Response [502]>
groomer
ERROR
Expecting value: line 1 column 1 (char 0)
<Response [502]>
sommelier
ERROR
Expecting value: line 1 column 1 (char 0)
<Response [502]>
beer enthusiast
ERROR
Expecting value: line 1 column 1 (char 0)
<Response [502]>
wine taster
ERROR
Expecting value: line 1 column 1 (char 0)
<Response [502]>
employee
ERROR
Expecting value: line 1 column 1 (char 0)
<Response [502]>
freelancer
ERROR
Expecting value: line 1 column 1 (char 0)
<Response [502]>
server
ERROR
Expecting value: line 1 column 1 (char 0)
<Response [502]>
dishwasher
ERROR
Expecting value: line 1 column 1 (char 0)
<Response [502]>
plumber
ERROR
Expecting value: line 1 column 1 (char 0)
<Response [502]>
electrician
ERROR
Expecting value: line 1 column 1 (char 0)
<Response [502]>
carpenter
ERROR
Expecting value: line 1 column 1 (char 0)
<Response [502]>
barista
ERROR
Expecting value: line 1 column 1 (char 0)
<Response [502]>
guard
ERROR
Expecting value: line 1 column 1 (char 0)
<Response [502]>
dog trainer
ERROR
Expecting value: line 1 column 1 (char 0)
<Response [502]>
parking lot attendant
ERROR
Expecting value: line 1 column 1 (char 0)
<Response [502]>
journalist
ERROR
Expecting value: line 1 column 1 (char 0)
<Response [502]>
television host
ERROR
Expecting value: line 1 column 1 (char 0)
<Response [502]>
news reporter
ERROR
Expecting value: line 1 column 1 (char 0)
<Response [502]>
military
ERROR
Expecting value: line 1 column 1 (char 0)
<Response [502]>
scientist
ERROR
Expecting value: line 1 column 1 (char 0)
<Response [502]>
weather anchor
ERROR
Expecting value: line 1 column 1 (char 0)
<Response [502]>
local official
ERROR
Expecting value: line 1 column 1 (char 0)
<Response [502]>
conductor uniform
ERROR
Expecting value: line 1 column 1 (char 0)
<Response [502]>
kneeling
ERROR
Expecting value: line 1 column 1 (char 0)
<Response [502]>
jumping
ERROR
Expecting value: line 1 column 1 (char 0)
<Response [502]>
waving
ERROR
Expecting value: line 1 column 1 (char 0)
<Response [502]>
reaching
ERROR
Expecting value: line 1 column 1 (char 0)
<Response [502]>
petting
ERROR
Expecting value: line 1 column 1 (char 0)
<Response [502]>
stepping
ERROR
Expecting value: line 1 column 1 (char 0)
<Response [502]>
talking
ERROR
Expecting value: line 1 column 1 (char 0)
<Response [502]>
watching
ERROR
Expecting value: line 1 column 1 (char 0)
<Response [502]>
hitting
ERROR
Expecting value: line 1 column 1 (char 0)
<Response [502]>
cheering
ERROR
Expecting value: line 1 column 1 (char 0)
<Response [502]>
examining
ERROR
Expecting value: line 1 column 1 (char 0)
<Response [502]>
closing
ERROR
Expecting value: line 1 column 1 (char 0)
<Response [502]>
opening
ERROR
Expecting value: line 1 column 1 (char 0)
<Response [502]>
catching
ERROR
Expecting value: line 1 column 1 (char 0)
<Response [502]>
swinging
ERROR
Expecting value: line 1 column 1 (char 0)
<Response [502]>
blind
ERROR
Expecting value: line 1 column 1 (char 0)
<Response [502]>
deaf
ERROR
Expecting value: line 1 column 1 (char 0)
<Response [502]>
wheelchair-bound
ERROR
Expecting value: line 1 column 1 (char 0)
<Response [502]>
mobility impairment
ERROR
Expecting value: line 1 column 1 (char 0)
<Response [502]>
hearing impairment
ERROR
Expecting value: line 1 column 1 (char 0)
<Response [502]>
no disability
ERROR
Expecting value: line 1 column 1 (char 0)
<Response [502]>
visual impairment
ERROR
Expecting value: line 1 column 1 (char 0)
<Response [502]>
three people
ERROR
Expecting value: line 1 column 1 (char 0)
<Response [502]>
four people
ERROR
Expecting value: line 1 column 1 (char 0)
<Response [502]>
five people
ERROR
Expecting value: line 1 column 1 (char 0)
<Response [502]>
two people
ERROR
Expecting value: line 1 column 1 (char 0)
<Response [502]>
one person
ERROR
Expecting value: line 1 column 1 (char 0)
<Response [502]>
single person
ERROR
Expecting value: line 1 column 1 (char 0)
<Response [502]>
large group
ERROR
Expecting value: line 1 column 1 (char 0)
<Response [502]>
small group
ERROR
Expecting value: line 1 column 1 (char 0)
<Response [502]>
multiple people
ERROR
Expecting value: line 1 column 1 (char 0)
<Response [502]>
1
ERROR
Expecting value: line 1 column 1 (char 0)
<Response [502]>
4-5
ERROR
Expecting value: line 1 column 1 (char 0)
<Response [502]>
6+
ERROR
Expecting value: line 1 column 1 (char 0)
<Response [502]>
2-3
ERROR
Expecting value: line 1 column 1 (char 0)
<Response [502]>
moderate
ERROR
Expecting value: line 1 column 1 (char 0)
<Response [502]>
few
ERROR
Expecting value: line 1 column 1 (char 0)
<Response [502]>
4-5 people
ERROR
Expecting value: line 1 column 1 (char 0)
<Response [502]>
1 person
ERROR
Expecting value: line 1 column 1 (char 0)
<Response [502]>
2-3 people
ERROR
Expecting value: line 1 column 1 (char 0)
<Response [502]>
6+ people
ERROR
Expecting value: line 1 column 1 (char 0)
<Response [502]>
7-8
ERROR
Expecting value: line 1 column 1 (char 0)
<Response [502]>
5-6
ERROR
Expecting value: line 1 column 1 (char 0)
<Response [502]>
3-4
ERROR
Expecting value: line 1 column 1 (char 0)
<Response [502]>
1-2
ERROR
Expecting value: line 1 column 1 (char 0)
<Response [502]>
7+ people
ERROR
Expecting value: line 1 column 1 (char 0)
<Response [502]>
4-6 people
ERROR
Expecting value: line 1 column 1 (char 0)
<Response [502]>
5-6 people
ERROR
Expecting value: line 1 column 1 (char 0)
<Response [502]>
1-2 people
ERROR
Expecting value: line 1 column 1 (char 0)
<Response [502]>
7-8 people
ERROR
Expecting value: line 1 column 1 (char 0)
<Response [502]>
3-4 people
ERROR
Expecting value: line 1 column 1 (char 0)
<Response [502]>
9-10 people
ERROR
Expecting value: line 1 column 1 (char 0)
<Response [502]>
tool belt
ERROR
Expecting value: line 1 column 1 (char 0)
<Response [502]>
girl
ERROR
Expecting value: line 1 column 1 (char 0)
<Response [502]>
boy
ERROR
Expecting value: line 1 column 1 (char 0)
<Response [502]>
playing
ERROR
Expecting value: line 1 column 1 (char 0)
<Response [502]>
reading
ERROR
Expecting value: line 1 column 1 (char 0)
<Response [502]>
drinking
ERROR
Expecting value: line 1 column 1 (char 0)
<Response [502]>
looking
ERROR
Expecting value: line 1 column 1 (char 0)
<Response [502]>
touching
ERROR
Expecting value: line 1 column 1 (char 0)
<Response [502]>
no one
ERROR
Expecting value: line 1 column 1 (char 0)
<Response [502]>
someone
ERROR
Expecting value: line 1 column 1 (char 0)
<Response [502]>
excited
ERROR
Expecting value: line 1 column 1 (char 0)
<Response [502]>
using tv for gaming
ERROR
Expecting value: line 1 column 1 (char 0)
<Response [502]>
streaming content
ERROR
Expecting value: line 1 column 1 (char 0)
<Response [502]>
holding
ERROR
Expecting value: line 1 column 1 (char 0)
<Response [502]>
next to
ERROR
Expecting value: line 1 column 1 (char 0)
<Response [502]>
ignoring
ERROR
Expecting value: line 1 column 1 (char 0)
<Response [502]>
eating
ERROR
Expecting value: line 1 column 1 (char 0)
<Response [502]>
using
ERROR
Expecting value: line 1 column 1 (char 0)
<Response [502]>
looking at the clock
ERROR
Expecting value: line 1 column 1 (char 0)
<Response [502]>
walking past the pole
ERROR
Expecting value: line 1 column 1 (char 0)
<Response [502]>
facing forward
ERROR
Expecting value: line 1 column 1 (char 0)
<Response [502]>
facing sideways
ERROR
Expecting value: line 1 column 1 (char 0)
<Response [502]>
facing backward
ERROR
Expecting value: line 1 column 1 (char 0)
<Response [502]>
running
ERROR
Expecting value: line 1 column 1 (char 0)
<Response [502]>
crossing the street
ERROR
Expecting value: line 1 column 1 (char 0)
<Response [502]>
skirt
ERROR
Expecting value: line 1 column 1 (char 0)
<Response [502]>
other activities
ERROR
Expecting value: line 1 column 1 (char 0)
<Response [502]>
amateur
ERROR
Expecting value: line 1 column 1 (char 0)
<Response [502]>
professional
ERROR
Expecting value: line 1 column 1 (char 0)
<Response [502]>
recreational tennis player
ERROR
Expecting value: line 1 column 1 (char 0)
<Response [502]>
professional tennis player
ERROR
Expecting value: line 1 column 1 (char 0)
<Response [502]>
college tennis player
ERROR
Expecting value: line 1 column 1 (char 0)
<Response [502]>
baseball player
ERROR
Expecting value: line 1 column 1 (char 0)
<Response [502]>
designer
ERROR
Expecting value: line 1 column 1 (char 0)
<Response [502]>
not working
ERROR
Expecting value: line 1 column 1 (char 0)
<Response [502]>
interviewer
ERROR
Expecting value: line 1 column 1 (char 0)
<Response [502]>
speaker
ERROR
Expecting value: line 1 column 1 (char 0)
<Response [502]>
wine merchant
ERROR
Expecting value: line 1 column 1 (char 0)
<Response [502]>
s sommelier
ERROR
Expecting value: line 1 column 1 (char 0)
<Response [502]>
wine maker
ERROR
Expecting value: line 1 column 1 (char 0)
<Response [502]>
lawyer
ERROR
Expecting value: line 1 column 1 (char 0)
<Response [502]>
accountant
ERROR
Expecting value: line 1 column 1 (char 0)
<Response [502]>
cigar roller
ERROR
Expecting value: line 1 column 1 (char 0)
<Response [502]>
cigar smoker
ERROR
Expecting value: line 1 column 1 (char 0)
<Response [502]>
software engineer
ERROR
Expecting value: line 1 column 1 (char 0)
<Response [502]>
consultant
ERROR
Expecting value: line 1 column 1 (char 0)
<Response [502]>
sculptor
ERROR
Expecting value: line 1 column 1 (char 0)
<Response [502]>
artist
ERROR
Expecting value: line 1 column 1 (char 0)
<Response [502]>
priest
ERROR
Expecting value: line 1 column 1 (char 0)
<Response [502]>
monk
ERROR
Expecting value: line 1 column 1 (char 0)
<Response [502]>
zookeeper
ERROR
Expecting value: line 1 column 1 (char 0)
<Response [502]>
conservationist
ERROR
Expecting value: line 1 column 1 (char 0)
<Response [502]>
veterinarian
ERROR
Expecting value: line 1 column 1 (char 0)
<Response [502]>
musician
ERROR
Expecting value: line 1 column 1 (char 0)
<Response [502]>
user
ERROR
Expecting value: line 1 column 1 (char 0)
<Response [502]>
close-up
ERROR
Expecting value: line 1 column 1 (char 0)
<Response [502]>
mid-distance
ERROR
Expecting value: line 1 column 1 (char 0)
<Response [502]>
wide angle
ERROR
Expecting value: line 1 column 1 (char 0)
<Response [502]>
ranching hat
ERROR
Expecting value: line 1 column 1 (char 0)
<Response [502]>
work boots
ERROR
Expecting value: line 1 column 1 (char 0)
<Response [502]>
jeans
ERROR
Expecting value: line 1 column 1 (char 0)
<Response [502]>
androgynous fashion
ERROR
Expecting value: line 1 column 1 (char 0)
<Response [502]>
feminine fashion
ERROR
Expecting value: line 1 column 1 (char 0)
<Response [502]>
masculine fashion
ERROR
Expecting value: line 1 column 1 (char 0)
<Response [502]>
gender non-conforming fashion
ERROR
Expecting value: line 1 column 1 (char 0)
<Response [502]>
vintage fashion
ERROR
Expecting value: line 1 column 1 (char 0)
<Response [502]>
classic fashion
ERROR
Expecting value: line 1 column 1 (char 0)
<Response [502]>
trendy fashion
ERROR
Expecting value: line 1 column 1 (char 0)
<Response [502]>
casual
ERROR
Expecting value: line 1 column 1 (char 0)
<Response [502]>
fashionable
ERROR
Expecting value: line 1 column 1 (char 0)
<Response [502]>
trendy
ERROR
Expecting value: line 1 column 1 (char 0)
<Response [502]>
outdoor gear
ERROR
Expecting value: line 1 column 1 (char 0)
<Response [502]>
classic
ERROR
Expecting value: line 1 column 1 (char 0)
<Response [502]>
quirky
ERROR
Expecting value: line 1 column 1 (char 0)
<Response [502]>
customer
ERROR
Expecting value: line 1 column 1 (char 0)
<Response [502]>
bookstore employee
ERROR
Expecting value: line 1 column 1 (char 0)
<Response [502]>
birthday
ERROR
Expecting value: line 1 column 1 (char 0)
<Response [502]>
graduation
ERROR
Expecting value: line 1 column 1 (char 0)
<Response [502]>
holiday
ERROR
Expecting value: line 1 column 1 (char 0)
<Response [502]>
wedding
ERROR
Expecting value: line 1 column 1 (char 0)
<Response [502]>
birthday party
ERROR
Expecting value: line 1 column 1 (char 0)
<Response [502]>
other occasion
ERROR
Expecting value: line 1 column 1 (char 0)
<Response [502]>
halloween
ERROR
Expecting value: line 1 column 1 (char 0)
<Response [502]>
formal
ERROR
Expecting value: line 1 column 1 (char 0)
<Response [502]>
other activity
ERROR
Expecting value: line 1 column 1 (char 0)
<Response [502]>
rowing
ERROR
Expecting value: line 1 column 1 (char 0)
<Response [502]>
fishing
ERROR
Expecting value: line 1 column 1 (char 0)
<Response [502]>
paddling
ERROR
Expecting value: line 1 column 1 (char 0)
<Response [502]>
falling
ERROR
Expecting value: line 1 column 1 (char 0)
<Response [502]>
resting
ERROR
Expecting value: line 1 column 1 (char 0)
<Response [502]>
suited
ERROR
Expecting value: line 1 column 1 (char 0)
<Response [502]>
casual outfit
ERROR
Expecting value: line 1 column 1 (char 0)
<Response [502]>
tennis top
ERROR
Expecting value: line 1 column 1 (char 0)
<Response [502]>
tennis skirt
ERROR
Expecting value: line 1 column 1 (char 0)
<Response [502]>
racket
ERROR
Expecting value: line 1 column 1 (char 0)
<Response [502]>
playful
ERROR
Expecting value: line 1 column 1 (char 0)
<Response [502]>
indifferent
ERROR
Expecting value: line 1 column 1 (char 0)
<Response [502]>
calm
ERROR
Expecting value: line 1 column 1 (char 0)
<Response [502]>
scared
ERROR
Expecting value: line 1 column 1 (char 0)
<Response [502]>
other personality
ERROR
Expecting value: line 1 column 1 (char 0)
<Response [502]>
loyal
ERROR
Expecting value: line 1 column 1 (char 0)
<Response [502]>
silly
ERROR
Expecting value: line 1 column 1 (char 0)
<Response [502]>
independent
ERROR
Expecting value: line 1 column 1 (char 0)
<Response [502]>
affectionate
ERROR
Expecting value: line 1 column 1 (char 0)
<Response [502]>
bohemian
ERROR
Expecting value: line 1 column 1 (char 0)
<Response [502]>
eccentric
ERROR
Expecting value: line 1 column 1 (char 0)
<Response [502]>
creative
ERROR
Expecting value: line 1 column 1 (char 0)
<Response [502]>
aggressive
ERROR
Expecting value: line 1 column 1 (char 0)
<Response [502]>
curious
ERROR
Expecting value: line 1 column 1 (char 0)
<Response [502]>
friendly
ERROR
Expecting value: line 1 column 1 (char 0)
<Response [502]>
creepy
ERROR
Expecting value: line 1 column 1 (char 0)
<Response [502]>
extroverted
ERROR
Expecting value: line 1 column 1 (char 0)
<Response [502]>
introverted
ERROR
Expecting value: line 1 column 1 (char 0)
<Response [502]>
cute
ERROR
Expecting value: line 1 column 1 (char 0)
<Response [502]>
cuddly
ERROR
Expecting value: line 1 column 1 (char 0)
<Response [502]>
one leg inside
ERROR
Expecting value: line 1 column 1 (char 0)
<Response [502]>
both legs outside
ERROR
Expecting value: line 1 column 1 (char 0)
<Response [502]>
both legs inside
ERROR
Expecting value: line 1 column 1 (char 0)
<Response [502]>
sailor
ERROR
Expecting value: line 1 column 1 (char 0)
<Response [502]>
sergeant
ERROR
Expecting value: line 1 column 1 (char 0)
<Response [502]>
general
ERROR
Expecting value: line 1 column 1 (char 0)
<Response [502]>
private
ERROR
Expecting value: line 1 column 1 (char 0)
<Response [502]>
corporal
ERROR
Expecting value: line 1 column 1 (char 0)
<Response [502]>
captain
ERROR
Expecting value: line 1 column 1 (char 0)
<Response [502]>
major
ERROR
Expecting value: line 1 column 1 (char 0)
<Response [502]>
colonel
ERROR
Expecting value: line 1 column 1 (char 0)
<Response [502]>
lieutenant
ERROR
Expecting value: line 1 column 1 (char 0)
<Response [502]>
traveling for pleasure
ERROR
Expecting value: line 1 column 1 (char 0)
<Response [502]>
traveling for business
ERROR
Expecting value: line 1 column 1 (char 0)
<Response [502]>
hotel
ERROR
Expecting value: line 1 column 1 (char 0)
<Response [502]>
home
ERROR
Expecting value: line 1 column 1 (char 0)
<Response [502]>
work
ERROR
Expecting value: line 1 column 1 (char 0)
<Response [502]>
school
ERROR
Expecting value: line 1 column 1 (char 0)
<Response [502]>
sneakers
ERROR
Expecting value: line 1 column 1 (char 0)
<Response [502]>
sandals
ERROR
Expecting value: line 1 column 1 (char 0)
<Response [502]>
no shoes
ERROR
Expecting value: line 1 column 1 (char 0)
<Response [502]>
shoes
ERROR
Expecting value: line 1 column 1 (char 0)
<Response [502]>
headset
ERROR
Expecting value: line 1 column 1 (char 0)
<Response [502]>
laptop
ERROR
Expecting value: line 1 column 1 (char 0)
<Response [502]>
tablet
ERROR
Expecting value: line 1 column 1 (char 0)
<Response [502]>
injured
ERROR
Expecting value: line 1 column 1 (char 0)
<Response [502]>
uninjured
ERROR
Expecting value: line 1 column 1 (char 0)
<Response [502]>
downhill
ERROR
Expecting value: line 1 column 1 (char 0)
<Response [502]>
cross-country
ERROR
Expecting value: line 1 column 1 (char 0)
<Response [502]>
freestyle
ERROR
Expecting value: line 1 column 1 (char 0)
<Response [502]>
downhill skier
ERROR
Expecting value: line 1 column 1 (char 0)
<Response [502]>
freestyle skier
ERROR
Expecting value: line 1 column 1 (char 0)
<Response [502]>
cross-country skier
ERROR
Expecting value: line 1 column 1 (char 0)
<Response [502]>
outfielder
ERROR
Expecting value: line 1 column 1 (char 0)
<Response [502]>
catcher
ERROR
Expecting value: line 1 column 1 (char 0)
<Response [502]>
infielder
ERROR
Expecting value: line 1 column 1 (char 0)
<Response [502]>
pitcher
ERROR
Expecting value: line 1 column 1 (char 0)
<Response [502]>
second base
ERROR
Expecting value: line 1 column 1 (char 0)
<Response [502]>
center field
ERROR
Expecting value: line 1 column 1 (char 0)
<Response [502]>
first base
ERROR
Expecting value: line 1 column 1 (char 0)
<Response [502]>
shortstop
ERROR
Expecting value: line 1 column 1 (char 0)
<Response [502]>
right field
ERROR
Expecting value: line 1 column 1 (char 0)
<Response [502]>
outfield
ERROR
Expecting value: line 1 column 1 (char 0)
<Response [502]>
third base
ERROR
Expecting value: line 1 column 1 (char 0)
<Response [502]>
left field
ERROR
Expecting value: line 1 column 1 (char 0)
<Response [502]>
snowboard
ERROR
Expecting value: line 1 column 1 (char 0)
<Response [502]>
skis
ERROR
Expecting value: line 1 column 1 (char 0)
<Response [502]>
snow shoes
ERROR
Expecting value: line 1 column 1 (char 0)
<Response [502]>
goggles
ERROR
Expecting value: line 1 column 1 (char 0)
<Response [502]>
ski jacket
ERROR
Expecting value: line 1 column 1 (char 0)
<Response [502]>
ski pants
ERROR
Expecting value: line 1 column 1 (char 0)
<Response [502]>
struggling to get out
ERROR
Expecting value: line 1 column 1 (char 0)
<Response [502]>
stuck
ERROR
Expecting value: line 1 column 1 (char 0)
<Response [502]>
successfully got out
ERROR
Expecting value: line 1 column 1 (char 0)
<Response [502]>
poles
ERROR
Expecting value: line 1 column 1 (char 0)
<Response [502]>
starting pitcher
ERROR
Expecting value: line 1 column 1 (char 0)
<Response [502]>
relief pitcher
ERROR
Expecting value: line 1 column 1 (char 0)
<Response [502]>
closer
ERROR
Expecting value: line 1 column 1 (char 0)
<Response [502]>
player
ERROR
Expecting value: line 1 column 1 (char 0)
<Response [502]>
coach
ERROR
Expecting value: line 1 column 1 (char 0)
<Response [502]>
umpire
ERROR
Expecting value: line 1 column 1 (char 0)
<Response [502]>
protective gear
ERROR
Expecting value: line 1 column 1 (char 0)
<Response [502]>
american
ERROR
Expecting value: line 1 column 1 (char 0)
<Response [502]>
canadian
ERROR
Expecting value: line 1 column 1 (char 0)
<Response [502]>
norwegian
ERROR
Expecting value: line 1 column 1 (char 0)
<Response [502]>
european
ERROR
Expecting value: line 1 column 1 (char 0)
<Response [502]>
chinese
ERROR
Expecting value: line 1 column 1 (char 0)
<Response [502]>
indian
ERROR
Expecting value: line 1 column 1 (char 0)
<Response [502]>
british
ERROR
Expecting value: line 1 column 1 (char 0)
<Response [502]>
center fielder
ERROR
Expecting value: line 1 column 1 (char 0)
<Response [502]>
second baseman
ERROR
Expecting value: line 1 column 1 (char 0)
<Response [502]>
right fielder
ERROR
Expecting value: line 1 column 1 (char 0)
<Response [502]>
left fielder
ERROR
Expecting value: line 1 column 1 (char 0)
<Response [502]>
third baseman
ERROR
Expecting value: line 1 column 1 (char 0)
<Response [502]>
first baseman
ERROR
Expecting value: line 1 column 1 (char 0)
<Response [502]>
tired
ERROR
Expecting value: line 1 column 1 (char 0)
<Response [502]>
satisfied
ERROR
Expecting value: line 1 column 1 (char 0)
<Response [502]>
snowboarding suit
ERROR
Expecting value: line 1 column 1 (char 0)
<Response [502]>
long
ERROR
Expecting value: line 1 column 1 (char 0)
<Response [502]>
smiling
ERROR
Expecting value: line 1 column 1 (char 0)
<Response [502]>
eating with others
ERROR
Expecting value: line 1 column 1 (char 0)
<Response [502]>
taking a break
ERROR
Expecting value: line 1 column 1 (char 0)
<Response [502]>
eating alone
ERROR
Expecting value: line 1 column 1 (char 0)
<Response [502]>
not eating
ERROR
Expecting value: line 1 column 1 (char 0)
<Response [502]>
coma
ERROR
Expecting value: line 1 column 1 (char 0)
<Response [502]>
amputee
ERROR
Expecting value: line 1 column 1 (char 0)
<Response [502]>
paralyzed
ERROR
Expecting value: line 1 column 1 (char 0)
<Response [502]>
chronic illness
ERROR
Expecting value: line 1 column 1 (char 0)
<Response [502]>
cancer patient
ERROR
Expecting value: line 1 column 1 (char 0)
<Response [502]>
infected
ERROR
Expecting value: line 1 column 1 (char 0)
<Response [502]>
injury
ERROR
Expecting value: line 1 column 1 (char 0)
<Response [502]>
illness
ERROR
Expecting value: line 1 column 1 (char 0)
<Response [502]>
disease
ERROR
Expecting value: line 1 column 1 (char 0)
<Response [502]>
heart patient
ERROR
Expecting value: line 1 column 1 (char 0)
<Response [502]>
diabetic
ERROR
Expecting value: line 1 column 1 (char 0)
<Response [502]>
poorly lit
ERROR
Expecting value: line 1 column 1 (char 0)
<Response [502]>
well-lit
ERROR
Expecting value: line 1 column 1 (char 0)
<Response [502]>
dimly lit
ERROR
Expecting value: line 1 column 1 (char 0)
<Response [502]>
no
ERROR
Expecting value: line 1 column 1 (char 0)
<Response [502]>
yes
ERROR
Expecting value: line 1 column 1 (char 0)
<Response [502]>
holding leash
ERROR
Expecting value: line 1 column 1 (char 0)
<Response [502]>
holding handle
ERROR
Expecting value: line 1 column 1 (char 0)
<Response [502]>
holding wii remote
ERROR
Expecting value: line 1 column 1 (char 0)
<Response [502]>
holding other accessory
ERROR
Expecting value: line 1 column 1 (char 0)
<Response [502]>
holding nunchuk
ERROR
Expecting value: line 1 column 1 (char 0)
<Response [502]>
hand
ERROR
Expecting value: line 1 column 1 (char 0)
<Response [502]>
shoulder
ERROR
Expecting value: line 1 column 1 (char 0)
<Response [502]>
arm
ERROR
Expecting value: line 1 column 1 (char 0)
<Response [502]>
other body part
ERROR
Expecting value: line 1 column 1 (char 0)
<Response [502]>
ski
ERROR
Expecting value: line 1 column 1 (char 0)
<Response [502]>
phone
ERROR
Expecting value: line 1 column 1 (char 0)
<Response [502]>
low-tier player
ERROR
Expecting value: line 1 column 1 (char 0)
<Response [502]>
mid-tier player
ERROR
Expecting value: line 1 column 1 (char 0)
<Response [502]>
top player
ERROR
Expecting value: line 1 column 1 (char 0)
<Response [502]>
low-level player
ERROR
Expecting value: line 1 column 1 (char 0)
<Response [502]>
mid-level player
ERROR
Expecting value: line 1 column 1 (char 0)
<Response [502]>
medication
ERROR
Expecting value: line 1 column 1 (char 0)
<Response [502]>
iv therapy
ERROR
Expecting value: line 1 column 1 (char 0)
<Response [502]>
surgery
ERROR
Expecting value: line 1 column 1 (char 0)
<Response [502]>
3 people
ERROR
Expecting value: line 1 column 1 (char 0)
<Response [502]>
2 people
ERROR
Expecting value: line 1 column 1 (char 0)
<Response [502]>
6-10 people
ERROR
Expecting value: line 1 column 1 (char 0)
<Response [502]>
more than 5 people
ERROR
Expecting value: line 1 column 1 (char 0)
<Response [502]>
more than 10 people
ERROR
Expecting value: line 1 column 1 (char 0)
<Response [502]>
multiple
ERROR
Expecting value: line 1 column 1 (char 0)
<Response [502]>
more than three people
ERROR
Expecting value: line 1 column 1 (char 0)
<Response [502]>
more than four people
ERROR
Expecting value: line 1 column 1 (char 0)
<Response [502]>
four
ERROR
Expecting value: line 1 column 1 (char 0)
<Response [502]>
three
ERROR
Expecting value: line 1 column 1 (char 0)
<Response [502]>
two
ERROR
Expecting value: line 1 column 1 (char 0)
<Response [502]>
one
ERROR
Expecting value: line 1 column 1 (char 0)
<Response [502]>
4
ERROR
Expecting value: line 1 column 1 (char 0)
<Response [502]>
2
ERROR
Expecting value: line 1 column 1 (char 0)
<Response [502]>
3
ERROR
Expecting value: line 1 column 1 (char 0)
<Response [502]>
group of people
ERROR
Expecting value: line 1 column 1 (char 0)
<Response [502]>
solo traveler
ERROR
Expecting value: line 1 column 1 (char 0)
<Response [502]>
group
ERROR
Expecting value: line 1 column 1 (char 0)
<Response [502]>
7-10 people
ERROR
Expecting value: line 1 column 1 (char 0)
<Response [502]>
other colors
ERROR
Expecting value: line 1 column 1 (char 0)
<Response [502]>
green
ERROR
Expecting value: line 1 column 1 (char 0)
<Response [502]>
anniversary
ERROR
Expecting value: line 1 column 1 (char 0)
<Response [502]>
expert
ERROR
Expecting value: line 1 column 1 (char 0)
<Response [502]>
wetsuit
ERROR
Expecting value: line 1 column 1 (char 0)
<Response [502]>
surfing attire
ERROR
Expecting value: line 1 column 1 (char 0)
<Response [502]>
swimsuit
ERROR
Expecting value: line 1 column 1 (char 0)
<Response [502]>
other water activity
ERROR
Expecting value: line 1 column 1 (char 0)
<Response [502]>
surfing
ERROR
Expecting value: line 1 column 1 (char 0)
<Response [502]>
swimming
ERROR
Expecting value: line 1 column 1 (char 0)
<Response [502]>
defender
ERROR
Expecting value: line 1 column 1 (char 0)
<Response [502]>
midfielder
ERROR
Expecting value: line 1 column 1 (char 0)
<Response [502]>
goalkeeper
ERROR
Expecting value: line 1 column 1 (char 0)
<Response [502]>
cashier
ERROR
Expecting value: line 1 column 1 (char 0)
<Response [502]>
ceo
ERROR
Expecting value: line 1 column 1 (char 0)
<Response [502]>
security guard
ERROR
Expecting value: line 1 column 1 (char 0)
<Response [502]>
security officer
ERROR
Expecting value: line 1 column 1 (char 0)
<Response [502]>
ball
ERROR
Expecting value: line 1 column 1 (char 0)
<Response [502]>
outfit
ERROR
Expecting value: line 1 column 1 (char 0)
<Response [502]>
french
ERROR
Expecting value: line 1 column 1 (char 0)
<Response [502]>
australian
ERROR
Expecting value: line 1 column 1 (char 0)
<Response [502]>
away team
ERROR
Expecting value: line 1 column 1 (char 0)
<Response [502]>
home team
ERROR
Expecting value: line 1 column 1 (char 0)
<Response [502]>
usa
ERROR
Expecting value: line 1 column 1 (char 0)
<Response [502]>
australia
ERROR
Expecting value: line 1 column 1 (char 0)
<Response [502]>
france
ERROR
Expecting value: line 1 column 1 (char 0)
<Response [502]>
broken bone
ERROR
Expecting value: line 1 column 1 (char 0)
<Response [502]>
concussion
ERROR
Expecting value: line 1 column 1 (char 0)
<Response [502]>
severe allergic reaction
ERROR
Expecting value: line 1 column 1 (char 0)
<Response [502]>
diabetes
ERROR
Expecting value: line 1 column 1 (char 0)
<Response [502]>
heart disease
ERROR
Expecting value: line 1 column 1 (char 0)
<Response [502]>
cancer
ERROR
Expecting value: line 1 column 1 (char 0)
<Response [502]>
falling off the wave
ERROR
Expecting value: line 1 column 1 (char 0)
<Response [502]>
riding the wave
ERROR
Expecting value: line 1 column 1 (char 0)
<Response [502]>
catching the wave
ERROR
Expecting value: line 1 column 1 (char 0)
<Response [502]>
young boy
ERROR
Expecting value: line 1 column 1 (char 0)
<Response [502]>
older boy
ERROR
Expecting value: line 1 column 1 (char 0)
<Response [502]>
blonde
ERROR
Expecting value: line 1 column 1 (char 0)
<Response [502]>
red
ERROR
Expecting value: line 1 column 1 (char 0)
<Response [502]>
ambidextrous
ERROR
Expecting value: line 1 column 1 (char 0)
<Response [502]>
right-handed
ERROR
Expecting value: line 1 column 1 (char 0)
<Response [502]>
left-handed
ERROR
Expecting value: line 1 column 1 (char 0)
<Response [502]>
left handed
ERROR
Expecting value: line 1 column 1 (char 0)
<Response [502]>
right handed
ERROR
Expecting value: line 1 column 1 (char 0)
<Response [502]>
looking straight
ERROR
Expecting value: line 1 column 1 (char 0)
<Response [502]>
looking away
ERROR
Expecting value: line 1 column 1 (char 0)
<Response [502]>
looking at something
ERROR
Expecting value: line 1 column 1 (char 0)
<Response [502]>
focused
ERROR
Expecting value: line 1 column 1 (char 0)
<Response [502]>
distracted
ERROR
Expecting value: line 1 column 1 (char 0)
<Response [502]>
concentrating
ERROR
Expecting value: line 1 column 1 (char 0)
<Response [502]>
using phone
ERROR
Expecting value: line 1 column 1 (char 0)
<Response [502]>
looking away from the train
ERROR
Expecting value: line 1 column 1 (char 0)
<Response [502]>
looking at the train
ERROR
Expecting value: line 1 column 1 (char 0)
<Response [502]>
music
ERROR
Expecting value: line 1 column 1 (char 0)
<Response [502]>
fashion
ERROR
Expecting value: line 1 column 1 (char 0)
<Response [502]>
technology
ERROR
Expecting value: line 1 column 1 (char 0)
<Response [502]>
gamer
ERROR
Expecting value: line 1 column 1 (char 0)
<Response [502]>
writer
ERROR
Expecting value: line 1 column 1 (char 0)
<Response [502]>
reader
ERROR
Expecting value: line 1 column 1 (char 0)
<Response [502]>
listening to music
ERROR
Expecting value: line 1 column 1 (char 0)
<Response [502]>
donut lover
ERROR
Expecting value: line 1 column 1 (char 0)
<Response [502]>
chocolate lover
ERROR
Expecting value: line 1 column 1 (char 0)
<Response [502]>
vegan
ERROR
Expecting value: line 1 column 1 (char 0)
<Response [502]>
art
ERROR
Expecting value: line 1 column 1 (char 0)
<Response [502]>
hobby
ERROR
Expecting value: line 1 column 1 (char 0)
<Response [502]>
crafting
ERROR
Expecting value: line 1 column 1 (char 0)
<Response [502]>
technology enthusiast
ERROR
Expecting value: line 1 column 1 (char 0)
<Response [502]>
sports fan
ERROR
Expecting value: line 1 column 1 (char 0)
<Response [502]>
movie buff
ERROR
Expecting value: line 1 column 1 (char 0)
<Response [502]>
airplane enthusiast
ERROR
Expecting value: line 1 column 1 (char 0)
<Response [502]>
interested
ERROR
Expecting value: line 1 column 1 (char 0)
<Response [502]>
jewish
ERROR
Expecting value: line 1 column 1 (char 0)
<Response [502]>
muslim
ERROR
Expecting value: line 1 column 1 (char 0)
<Response [502]>
christian
ERROR
Expecting value: line 1 column 1 (char 0)
<Response [502]>
buddhist
ERROR
Expecting value: line 1 column 1 (char 0)
<Response [502]>
underweight
ERROR
Expecting value: line 1 column 1 (char 0)
<Response [502]>
normal weight
ERROR
Expecting value: line 1 column 1 (char 0)
<Response [502]>
slim
ERROR
Expecting value: line 1 column 1 (char 0)
<Response [502]>
chubby
ERROR
Expecting value: line 1 column 1 (char 0)
<Response [502]>
near the counter
ERROR
Expecting value: line 1 column 1 (char 0)
<Response [502]>
in the kitchen
ERROR
Expecting value: line 1 column 1 (char 0)
<Response [502]>
near the horse head
ERROR
Expecting value: line 1 column 1 (char 0)
<Response [502]>
younger adult
ERROR
Expecting value: line 1 column 1 (char 0)
<Response [502]>
older adult
ERROR
Expecting value: line 1 column 1 (char 0)
<Response [502]>
standing on a chair
ERROR
Expecting value: line 1 column 1 (char 0)
<Response [502]>
standing on the ground
ERROR
Expecting value: line 1 column 1 (char 0)
<Response [502]>
anxious
ERROR
Expecting value: line 1 column 1 (char 0)
<Response [502]>
right hand
ERROR
Expecting value: line 1 column 1 (char 0)
<Response [502]>
left hand
ERROR
Expecting value: line 1 column 1 (char 0)
<Response [502]>
both hands
ERROR
Expecting value: line 1 column 1 (char 0)
<Response [502]>
visitor
ERROR
Expecting value: line 1 column 1 (char 0)
<Response [502]>
frowning
ERROR
Expecting value: line 1 column 1 (char 0)
<Response [502]>
long hair
ERROR
Expecting value: line 1 column 1 (char 0)
<Response [502]>
short hair
ERROR
Expecting value: line 1 column 1 (char 0)
<Response [502]>
medium length hair
ERROR
Expecting value: line 1 column 1 (char 0)
<Response [502]>
medium hair
ERROR
Expecting value: line 1 column 1 (char 0)
<Response [502]>
commuter
ERROR
Expecting value: line 1 column 1 (char 0)
<Response [502]>
traveler
ERROR
Expecting value: line 1 column 1 (char 0)
<Response [502]>
backpacker
ERROR
Expecting value: line 1 column 1 (char 0)
<Response [502]>
traveling for leisure
ERROR
Expecting value: line 1 column 1 (char 0)
<Response [502]>
businessperson
ERROR
Expecting value: line 1 column 1 (char 0)
<Response [502]>
tourist
ERROR
Expecting value: line 1 column 1 (char 0)
<Response [502]>
local
ERROR
Expecting value: line 1 column 1 (char 0)
<Response [502]>
traveling
ERROR
Expecting value: line 1 column 1 (char 0)
<Response [502]>
expatriate
ERROR
Expecting value: line 1 column 1 (char 0)
<Response [502]>
older child
ERROR
Expecting value: line 1 column 1 (char 0)
<Response [502]>
young child
ERROR
Expecting value: line 1 column 1 (char 0)
<Response [502]>
teenager
ERROR
Expecting value: line 1 column 1 (char 0)
<Response [502]>
baby
ERROR
Expecting value: line 1 column 1 (char 0)
<Response [502]>
toddler
ERROR
Expecting value: line 1 column 1 (char 0)
<Response [502]>
sick
ERROR
Expecting value: line 1 column 1 (char 0)
<Response [502]>
healthy
ERROR
Expecting value: line 1 column 1 (char 0)
<Response [502]>
traveling alone
ERROR
Expecting value: line 1 column 1 (char 0)
<Response [502]>
traveling with family
ERROR
Expecting value: line 1 column 1 (char 0)
<Response [502]>
traveling for work
ERROR
Expecting value: line 1 column 1 (char 0)
<Response [502]>
moving
ERROR
Expecting value: line 1 column 1 (char 0)
<Response [502]>
flying
ERROR
Expecting value: line 1 column 1 (char 0)
<Response [502]>
driving
ERROR
Expecting value: line 1 column 1 (char 0)
<Response [502]>
boeing
ERROR
Expecting value: line 1 column 1 (char 0)
<Response [502]>
lockheed martin
ERROR
Expecting value: line 1 column 1 (char 0)
<Response [502]>
raytheon
ERROR
Expecting value: line 1 column 1 (char 0)
<Response [502]>
air traffic controller
ERROR
Expecting value: line 1 column 1 (char 0)
<Response [502]>
chronic condition
ERROR
Expecting value: line 1 column 1 (char 0)
<Response [502]>
leaning
ERROR
Expecting value: line 1 column 1 (char 0)
<Response [502]>
reclined
ERROR
Expecting value: line 1 column 1 (char 0)
<Response [502]>
semi-reclined
ERROR
Expecting value: line 1 column 1 (char 0)
<Response [502]>
straight up
ERROR
Expecting value: line 1 column 1 (char 0)
<Response [502]>
leaning forward
ERROR
Expecting value: line 1 column 1 (char 0)
<Response [502]>
leaning backward
ERROR
Expecting value: line 1 column 1 (char 0)
<Response [502]>
recumbent
ERROR
Expecting value: line 1 column 1 (char 0)
<Response [502]>
tiptoing
ERROR
Expecting value: line 1 column 1 (char 0)
<Response [502]>
hospitaller
ERROR
Expecting value: line 1 column 1 (char 0)
<Response [502]>
templar
ERROR
Expecting value: line 1 column 1 (char 0)
<Response [502]>
teutonic
ERROR
Expecting value: line 1 column 1 (char 0)
<Response [502]>
german
ERROR
Expecting value: line 1 column 1 (char 0)
<Response [502]>
emt
ERROR
Expecting value: line 1 column 1 (char 0)
<Response [502]>
paramedic
ERROR
Expecting value: line 1 column 1 (char 0)
<Response [502]>
fair
ERROR
Expecting value: line 1 column 1 (char 0)
<Response [502]>
dark
ERROR
Expecting value: line 1 column 1 (char 0)
<Response [502]>
hunter
ERROR
Expecting value: line 1 column 1 (char 0)
<Response [502]>
wildlife photographer
ERROR
Expecting value: line 1 column 1 (char 0)
<Response [502]>
informal
ERROR
Expecting value: line 1 column 1 (char 0)
<Response [502]>
fictional
ERROR
Expecting value: line 1 column 1 (char 0)
<Response [502]>
hiker
ERROR
Expecting value: line 1 column 1 (char 0)
<Response [502]>
walker
ERROR
Expecting value: line 1 column 1 (char 0)
<Response [502]>
nature lover
ERROR
Expecting value: line 1 column 1 (char 0)
<Response [502]>
far
ERROR
Expecting value: line 1 column 1 (char 0)
<Response [502]>
close
ERROR
Expecting value: line 1 column 1 (char 0)
<Response [502]>
alone
ERROR
Expecting value: line 1 column 1 (char 0)
<Response [502]>
with others
ERROR
Expecting value: line 1 column 1 (char 0)
<Response [502]>
other location
ERROR
Expecting value: line 1 column 1 (char 0)
<Response [502]>
head
ERROR
Expecting value: line 1 column 1 (char 0)
<Response [502]>
arms
ERROR
Expecting value: line 1 column 1 (char 0)
<Response [502]>
police officer
ERROR
Expecting value: line 1 column 1 (char 0)
<Response [502]>
hospital worker
ERROR
Expecting value: line 1 column 1 (char 0)
<Response [502]>
green uniform
ERROR
Expecting value: line 1 column 1 (char 0)
<Response [502]>
other uniform
ERROR
Expecting value: line 1 column 1 (char 0)
<Response [502]>
no uniform
ERROR
Expecting value: line 1 column 1 (char 0)
<Response [502]>
military uniform
ERROR
Expecting value: line 1 column 1 (char 0)
<Response [502]>
police uniform
ERROR
Expecting value: line 1 column 1 (char 0)
<Response [502]>
blue uniform
ERROR
Expecting value: line 1 column 1 (char 0)
<Response [502]>
baseball uniform
ERROR
Expecting value: line 1 column 1 (char 0)
<Response [502]>
soccer uniform
ERROR
Expecting value: line 1 column 1 (char 0)
<Response [502]>
basketball uniform
ERROR
Expecting value: line 1 column 1 (char 0)
<Response [502]>
horse rider
ERROR
Expecting value: line 1 column 1 (char 0)
<Response [502]>
fisherman
ERROR
Expecting value: line 1 column 1 (char 0)
<Response [502]>
licking
ERROR
Expecting value: line 1 column 1 (char 0)
<Response [502]>
taking a bite
ERROR
Expecting value: line 1 column 1 (char 0)
<Response [502]>
tasting
ERROR
Expecting value: line 1 column 1 (char 0)
<Response [502]>
eating with hands
ERROR
Expecting value: line 1 column 1 (char 0)
<Response [502]>
using utensils
ERROR
Expecting value: line 1 column 1 (char 0)
<Response [502]>
hiding face
ERROR
Expecting value: line 1 column 1 (char 0)
<Response [502]>
hiding body
ERROR
Expecting value: line 1 column 1 (char 0)
<Response [502]>
maintenance worker
ERROR
Expecting value: line 1 column 1 (char 0)
<Response [502]>
crossing street
ERROR
Expecting value: line 1 column 1 (char 0)
<Response [502]>
waiting
ERROR
Expecting value: line 1 column 1 (char 0)
<Response [502]>
victorian
ERROR
Expecting value: line 1 column 1 (char 0)
<Response [502]>
edwardian
ERROR
Expecting value: line 1 column 1 (char 0)
<Response [502]>
romantic era
ERROR
Expecting value: line 1 column 1 (char 0)
<Response [502]>
republican
ERROR
Expecting value: line 1 column 1 (char 0)
<Response [502]>
democrat
ERROR
Expecting value: line 1 column 1 (char 0)
<Response [502]>
small mouth
ERROR
Expecting value: line 1 column 1 (char 0)
<Response [502]>
small eyes
ERROR
Expecting value: line 1 column 1 (char 0)
<Response [502]>
wide smile
ERROR
Expecting value: line 1 column 1 (char 0)
<Response [502]>
wide mouth
ERROR
Expecting value: line 1 column 1 (char 0)
<Response [502]>
big eyes
ERROR
Expecting value: line 1 column 1 (char 0)
<Response [502]>
mouth
ERROR
Expecting value: line 1 column 1 (char 0)
<Response [502]>
nose
ERROR
Expecting value: line 1 column 1 (char 0)
<Response [502]>
eyes
ERROR
Expecting value: line 1 column 1 (char 0)
<Response [502]>
wide nose
ERROR
Expecting value: line 1 column 1 (char 0)
<Response [502]>
large mouth
ERROR
Expecting value: line 1 column 1 (char 0)
<Response [502]>
thin nose
ERROR
Expecting value: line 1 column 1 (char 0)
<Response [502]>
other facial features
ERROR
Expecting value: line 1 column 1 (char 0)
<Response [502]>
beard
ERROR
Expecting value: line 1 column 1 (char 0)
<Response [502]>
mustache
ERROR
Expecting value: line 1 column 1 (char 0)
<Response [502]>
facial hair
ERROR
Expecting value: line 1 column 1 (char 0)
<Response [502]>
no facial hair
ERROR
Expecting value: line 1 column 1 (char 0)
<Response [502]>
dog
ERROR
Expecting value: line 1 column 1 (char 0)
<Response [502]>
cat
ERROR
Expecting value: line 1 column 1 (char 0)
<Response [502]>
bird
ERROR
Expecting value: line 1 column 1 (char 0)
<Response [502]>
naked
ERROR
Expecting value: line 1 column 1 (char 0)
<Response [502]>
clothing
ERROR
Expecting value: line 1 column 1 (char 0)
<Response [502]>
tennis uniform
ERROR
Expecting value: line 1 column 1 (char 0)
<Response [502]>
sleeping
ERROR
Expecting value: line 1 column 1 (char 0)
<Response [502]>
weak bond
ERROR
Expecting value: line 1 column 1 (char 0)
<Response [502]>
no bond
ERROR
Expecting value: line 1 column 1 (char 0)
<Response [502]>
strong bond
ERROR
Expecting value: line 1 column 1 (char 0)
<Response [502]>
facing away
ERROR
Expecting value: line 1 column 1 (char 0)
<Response [502]>
facing away from camera
ERROR
Expecting value: line 1 column 1 (char 0)
<Response [502]>
facing camera
ERROR
Expecting value: line 1 column 1 (char 0)
<Response [502]>
looking right
ERROR
Expecting value: line 1 column 1 (char 0)
<Response [502]>
looking left
ERROR
Expecting value: line 1 column 1 (char 0)
<Response [502]>
air medal
ERROR
Expecting value: line 1 column 1 (char 0)
<Response [502]>
army commendation medal
ERROR
Expecting value: line 1 column 1 (char 0)
<Response [502]>
bronze star
ERROR
Expecting value: line 1 column 1 (char 0)
<Response [502]>
purple heart
ERROR
Expecting value: line 1 column 1 (char 0)
<Response [502]>
posing
ERROR
Expecting value: line 1 column 1 (char 0)
<Response [502]>
high school
ERROR
Expecting value: line 1 column 1 (char 0)
<Response [502]>
college
ERROR
Expecting value: line 1 column 1 (char 0)
<Response [502]>
elementary school
ERROR
Expecting value: line 1 column 1 (char 0)
<Response [502]>
middle school
ERROR
Expecting value: line 1 column 1 (char 0)
<Response [502]>
sleeping on stomach
ERROR
Expecting value: line 1 column 1 (char 0)
<Response [502]>
sleeping on side
ERROR
Expecting value: line 1 column 1 (char 0)
<Response [502]>
sleeping on back
ERROR
Expecting value: line 1 column 1 (char 0)
<Response [502]>
lead rope
ERROR
Expecting value: line 1 column 1 (char 0)
<Response [502]>
bridge
ERROR
Expecting value: line 1 column 1 (char 0)
<Response [502]>
lunging
ERROR
Expecting value: line 1 column 1 (char 0)
<Response [502]>
fool
ERROR
Expecting value: line 1 column 1 (char 0)
<Response [502]>
jester
ERROR
Expecting value: line 1 column 1 (char 0)
<Response [502]>
clown
ERROR
Expecting value: line 1 column 1 (char 0)
<Response [502]>
entertainer
ERROR
Expecting value: line 1 column 1 (char 0)
<Response [502]>
stroke
ERROR
Expecting value: line 1 column 1 (char 0)
<Response [502]>
butterfly
ERROR
Expecting value: line 1 column 1 (char 0)
<Response [502]>
breaststroke
ERROR
Expecting value: line 1 column 1 (char 0)
<Response [502]>
backhand
ERROR
Expecting value: line 1 column 1 (char 0)
<Response [502]>
overhand
ERROR
Expecting value: line 1 column 1 (char 0)
<Response [502]>
sidearm
ERROR
Expecting value: line 1 column 1 (char 0)
<Response [502]>
following
ERROR
Expecting value: line 1 column 1 (char 0)
<Response [502]>
leading
ERROR
Expecting value: line 1 column 1 (char 0)
<Response [502]>
middle
ERROR
Expecting value: line 1 column 1 (char 0)
<Response [502]>
behind
ERROR
Expecting value: line 1 column 1 (char 0)
<Response [502]>
in middle
ERROR
Expecting value: line 1 column 1 (char 0)
<Response [502]>
in front
ERROR
Expecting value: line 1 column 1 (char 0)
<Response [502]>
cross-country skiing
ERROR
Expecting value: line 1 column 1 (char 0)
<Response [502]>
freestyle skiing
ERROR
Expecting value: line 1 column 1 (char 0)
<Response [502]>
downhill skiing
ERROR
Expecting value: line 1 column 1 (char 0)
<Response [502]>
jersey
ERROR
Expecting value: line 1 column 1 (char 0)
<Response [502]>
streetwear
ERROR
Expecting value: line 1 column 1 (char 0)
<Response [502]>
volleying
ERROR
Expecting value: line 1 column 1 (char 0)
<Response [502]>
serving
ERROR
Expecting value: line 1 column 1 (char 0)
<Response [502]>
lobbing
ERROR
Expecting value: line 1 column 1 (char 0)
<Response [502]>
sliding
ERROR
Expecting value: line 1 column 1 (char 0)
<Response [502]>
throwing
ERROR
Expecting value: line 1 column 1 (char 0)
<Response [502]>
professional chef
ERROR
Expecting value: line 1 column 1 (char 0)
<Response [502]>
gourmet chef
ERROR
Expecting value: line 1 column 1 (char 0)
<Response [502]>
home cook
ERROR
Expecting value: line 1 column 1 (char 0)
<Response [502]>
contact hitter
ERROR
Expecting value: line 1 column 1 (char 0)
<Response [502]>
power hitter
ERROR
Expecting value: line 1 column 1 (char 0)
<Response [502]>
bunt hitter
ERROR
Expecting value: line 1 column 1 (char 0)
<Response [502]>
slap hitter
ERROR
Expecting value: line 1 column 1 (char 0)
<Response [502]>
gliding
ERROR
Expecting value: line 1 column 1 (char 0)
<Response [502]>
hovering
ERROR
Expecting value: line 1 column 1 (char 0)
<Response [502]>
bat
ERROR
Expecting value: line 1 column 1 (char 0)
<Response [502]>
glove
ERROR
Expecting value: line 1 column 1 (char 0)
<Response [502]>
not wearing sunglasses
ERROR
Expecting value: line 1 column 1 (char 0)
<Response [502]>
wearing sunglasses
ERROR
Expecting value: line 1 column 1 (char 0)
<Response [502]>
slouching
ERROR
Expecting value: line 1 column 1 (char 0)
<Response [502]>
vegetarian
ERROR
Expecting value: line 1 column 1 (char 0)
<Response [502]>
meat-eater
ERROR
Expecting value: line 1 column 1 (char 0)
<Response [502]>
snowboarding outfit
ERROR
Expecting value: line 1 column 1 (char 0)
<Response [502]>
other attire
ERROR
Expecting value: line 1 column 1 (char 0)
<Response [502]>
outdoor snowboarding
ERROR
Expecting value: line 1 column 1 (char 0)
<Response [502]>
indoor snowboarding
ERROR
Expecting value: line 1 column 1 (char 0)
<Response [502]>
eskimo
ERROR
Expecting value: line 1 column 1 (char 0)
<Response [502]>
toeside
ERROR
Expecting value: line 1 column 1 (char 0)
<Response [502]>
dropknee
ERROR
Expecting value: line 1 column 1 (char 0)
<Response [502]>
drop-in
ERROR
Expecting value: line 1 column 1 (char 0)
<Response [502]>
air
ERROR
Expecting value: line 1 column 1 (char 0)
<Response [502]>
trickery
ERROR
Expecting value: line 1 column 1 (char 0)
<Response [502]>
riding the whitewater
ERROR
Expecting value: line 1 column 1 (char 0)
<Response [502]>
braking
ERROR
Expecting value: line 1 column 1 (char 0)
<Response [502]>
idling
ERROR
Expecting value: line 1 column 1 (char 0)
<Response [502]>
turning
ERROR
Expecting value: line 1 column 1 (char 0)
<Response [502]>
accelerating
ERROR
Expecting value: line 1 column 1 (char 0)
<Response [502]>
relaxed
ERROR
Expecting value: line 1 column 1 (char 0)
<Response [502]>
confused
ERROR
Expecting value: line 1 column 1 (char 0)
<Response [502]>
hungry
ERROR
Expecting value: line 1 column 1 (char 0)
<Response [502]>
disgusted
ERROR
Expecting value: line 1 column 1 (char 0)
<Response [502]>
latin american
ERROR
Expecting value: line 1 column 1 (char 0)
<Response [502]>
african
ERROR
Expecting value: line 1 column 1 (char 0)
<Response [502]>
middle eastern
ERROR
Expecting value: line 1 column 1 (char 0)
<Response [502]>
south asian
ERROR
Expecting value: line 1 column 1 (char 0)
<Response [502]>
rash guard
ERROR
Expecting value: line 1 column 1 (char 0)
<Response [502]>
leash
ERROR
Expecting value: line 1 column 1 (char 0)
<Response [502]>
using a cake server
ERROR
Expecting value: line 1 column 1 (char 0)
<Response [502]>
using a knife
ERROR
Expecting value: line 1 column 1 (char 0)
<Response [502]>
quickly
ERROR
Expecting value: line 1 column 1 (char 0)
<Response [502]>
slowly
ERROR
Expecting value: line 1 column 1 (char 0)
<Response [502]>
messily
ERROR
Expecting value: line 1 column 1 (char 0)
<Response [502]>
carefully
ERROR
Expecting value: line 1 column 1 (char 0)
<Response [502]>
with hands
ERROR
Expecting value: line 1 column 1 (char 0)
<Response [502]>
with utensils
ERROR
Expecting value: line 1 column 1 (char 0)
<Response [502]>
fast
ERROR
Expecting value: line 1 column 1 (char 0)
<Response [502]>
slow
ERROR
Expecting value: line 1 column 1 (char 0)
<Response [502]>
young adult
ERROR
Expecting value: line 1 column 1 (char 0)
<Response [502]>
other emotions
ERROR
Expecting value: line 1 column 1 (char 0)
<Response [502]>
racer's bib
ERROR
Expecting value: line 1 column 1 (char 0)
<Response [502]>
wakeboard
ERROR
Expecting value: line 1 column 1 (char 0)
<Response [502]>
tow rope
ERROR
Expecting value: line 1 column 1 (char 0)
<Response [502]>
comfortable
ERROR
Expecting value: line 1 column 1 (char 0)
<Response [502]>
uncomfortable
ERROR
Expecting value: line 1 column 1 (char 0)
<Response [502]>
brown hair
ERROR
Expecting value: line 1 column 1 (char 0)
<Response [502]>
red hair
ERROR
Expecting value: line 1 column 1 (char 0)
<Response [502]>
blonde hair
ERROR
Expecting value: line 1 column 1 (char 0)
<Response [502]>
black hair
ERROR
Expecting value: line 1 column 1 (char 0)
<Response [502]>
boho
ERROR
Expecting value: line 1 column 1 (char 0)
<Response [502]>
self
ERROR
Expecting value: line 1 column 1 (char 0)
<Response [502]>
serve
ERROR
Expecting value: line 1 column 1 (char 0)
<Response [502]>
forehand
ERROR
Expecting value: line 1 column 1 (char 0)
<Response [502]>
balanced
ERROR
Expecting value: line 1 column 1 (char 0)
<Response [502]>
unbalanced
ERROR
Expecting value: line 1 column 1 (char 0)
<Response [502]>
reading a magazine
ERROR
Expecting value: line 1 column 1 (char 0)
<Response [502]>
reading a newspaper
ERROR
Expecting value: line 1 column 1 (char 0)
<Response [502]>
reading a book
ERROR
Expecting value: line 1 column 1 (char 0)
<Response [502]>
cutlery holding
ERROR
Expecting value: line 1 column 1 (char 0)
<Response [502]>
pulling
ERROR
Expecting value: line 1 column 1 (char 0)
<Response [502]>
nodding
ERROR
Expecting value: line 1 column 1 (char 0)
<Response [502]>
touching face
ERROR
Expecting value: line 1 column 1 (char 0)
<Response [502]>
nearby person
ERROR
Expecting value: line 1 column 1 (char 0)
<Response [502]>
other person
ERROR
Expecting value: line 1 column 1 (char 0)
<Response [502]>
all-rounder
ERROR
Expecting value: line 1 column 1 (char 0)
<Response [502]>
defensive player
ERROR
Expecting value: line 1 column 1 (char 0)
<Response [502]>
aggressive player
ERROR
Expecting value: line 1 column 1 (char 0)
<Response [502]>
baseliner
ERROR
Expecting value: line 1 column 1 (char 0)
<Response [502]>
counter attacker
ERROR
Expecting value: line 1 column 1 (char 0)
<Response [502]>
net player
ERROR
Expecting value: line 1 column 1 (char 0)
<Response [502]>
volleyer
ERROR
Expecting value: line 1 column 1 (char 0)
<Response [502]>
slice and dice
ERROR
Expecting value: line 1 column 1 (char 0)
<Response [502]>
baseline player
ERROR
Expecting value: line 1 column 1 (char 0)
<Response [502]>
slice player
ERROR
Expecting value: line 1 column 1 (char 0)
<Response [502]>
nickelodeon player
ERROR
Expecting value: line 1 column 1 (char 0)
<Response [502]>
serve-and-volley player
ERROR
Expecting value: line 1 column 1 (char 0)
<Response [502]>
near-the-nets player
ERROR
Expecting value: line 1 column 1 (char 0)
<Response [502]>
defensive
ERROR
Expecting value: line 1 column 1 (char 0)
<Response [502]>
power player
ERROR
Expecting value: line 1 column 1 (char 0)
<Response [502]>
tween
ERROR
Expecting value: line 1 column 1 (char 0)
<Response [502]>
no hair
ERROR
Expecting value: line 1 column 1 (char 0)
<Response [502]>
playground
ERROR
Expecting value: line 1 column 1 (char 0)
<Response [502]>
outdoor
ERROR
Expecting value: line 1 column 1 (char 0)
<Response [502]>
indoor
ERROR
Expecting value: line 1 column 1 (char 0)
<Response [502]>
public place
ERROR
Expecting value: line 1 column 1 (char 0)
<Response [502]>
private place
ERROR
Expecting value: line 1 column 1 (char 0)
<Response [502]>
messy hair
ERROR
Expecting value: line 1 column 1 (char 0)
<Response [502]>
curly
ERROR
Expecting value: line 1 column 1 (char 0)
<Response [502]>
braids
ERROR
Expecting value: line 1 column 1 (char 0)
<Response [502]>
bun
ERROR
Expecting value: line 1 column 1 (char 0)
<Response [502]>
ponytail
ERROR
Expecting value: line 1 column 1 (char 0)
<Response [502]>
no eyewear
ERROR
Expecting value: line 1 column 1 (char 0)
<Response [502]>
prescription glasses
ERROR
Expecting value: line 1 column 1 (char 0)
<Response [502]>
making gestures
ERROR
Expecting value: line 1 column 1 (char 0)
<Response [502]>
sitting on
ERROR
Expecting value: line 1 column 1 (char 0)
<Response [502]>
with ski equipment
ERROR
Expecting value: line 1 column 1 (char 0)
<Response [502]>
with other object
ERROR
Expecting value: line 1 column 1 (char 0)
<Response [502]>
with snowboard
ERROR
Expecting value: line 1 column 1 (char 0)
<Response [502]>
skateboarder
ERROR
Expecting value: line 1 column 1 (char 0)
<Response [502]>
biker
ERROR
Expecting value: line 1 column 1 (char 0)
<Response [502]>
two-handed
ERROR
Expecting value: line 1 column 1 (char 0)
<Response [502]>
cuddling
ERROR
Expecting value: line 1 column 1 (char 0)
<Response [502]>
other diet
ERROR
Expecting value: line 1 column 1 (char 0)
<Response [502]>
insecure
ERROR
Expecting value: line 1 column 1 (char 0)
<Response [502]>
passive
ERROR
Expecting value: line 1 column 1 (char 0)
<Response [502]>
confident
ERROR
Expecting value: line 1 column 1 (char 0)
<Response [502]>
amateur tennis player
ERROR
Expecting value: line 1 column 1 (char 0)
<Response [502]>
orange
ERROR
Expecting value: line 1 column 1 (char 0)
<Response [502]>
pink
ERROR
Expecting value: line 1 column 1 (char 0)
<Response [502]>
yellow
ERROR
Expecting value: line 1 column 1 (char 0)
<Response [502]>
recipient
ERROR
Expecting value: line 1 column 1 (char 0)
<Response [502]>
sender
ERROR
Expecting value: line 1 column 1 (char 0)
<Response [502]>
farmer
ERROR
Expecting value: line 1 column 1 (char 0)
<Response [502]>
store owner
ERROR
Expecting value: line 1 column 1 (char 0)
<Response [502]>
rancher
ERROR
Expecting value: line 1 column 1 (char 0)
<Response [502]>
shepherd
ERROR
Expecting value: line 1 column 1 (char 0)
<Response [502]>
programmer
ERROR
Expecting value: line 1 column 1 (char 0)
<Response [502]>
fine art
ERROR
Expecting value: line 1 column 1 (char 0)
<Response [502]>
craft
ERROR
Expecting value: line 1 column 1 (char 0)
<Response [502]>
design
ERROR
Expecting value: line 1 column 1 (char 0)
<Response [502]>
crouching
ERROR
Expecting value: line 1 column 1 (char 0)
<Response [502]>
goofy
ERROR
Expecting value: line 1 column 1 (char 0)
<Response [502]>
regular
ERROR
Expecting value: line 1 column 1 (char 0)
<Response [502]>
illustrator
ERROR
Expecting value: line 1 column 1 (char 0)
<Response [502]>
short beard
ERROR
Expecting value: line 1 column 1 (char 0)
<Response [502]>
medium beard
ERROR
Expecting value: line 1 column 1 (char 0)
<Response [502]>
long beard
ERROR
Expecting value: line 1 column 1 (char 0)
<Response [502]>
not asian
ERROR
Expecting value: line 1 column 1 (char 0)
<Response [502]>
vietnamese
ERROR
Expecting value: line 1 column 1 (char 0)
<Response [502]>
japanese
ERROR
Expecting value: line 1 column 1 (char 0)
<Response [502]>
korean
ERROR
Expecting value: line 1 column 1 (char 0)
<Response [502]>
animal
ERROR
Expecting value: line 1 column 1 (char 0)
<Response [502]>
human
ERROR
Expecting value: line 1 column 1 (char 0)
<Response [502]>
curly hair
ERROR
Expecting value: line 1 column 1 (char 0)
<Response [502]>
wavy hair
ERROR
Expecting value: line 1 column 1 (char 0)
<Response [502]>
straight hair
ERROR
Expecting value: line 1 column 1 (char 0)
<Response [502]>
severe
ERROR
Expecting value: line 1 column 1 (char 0)
<Response [502]>
group of friends
ERROR
Expecting value: line 1 column 1 (char 0)
<Response [502]>
business traveler
ERROR
Expecting value: line 1 column 1 (char 0)
<Response [502]>
briefcase
ERROR
Expecting value: line 1 column 1 (char 0)
<Response [502]>
backpack
ERROR
Expecting value: line 1 column 1 (char 0)
<Response [502]>
suitcase
ERROR
Expecting value: line 1 column 1 (char 0)
<Response [502]>
collaborating
ERROR
Expecting value: line 1 column 1 (char 0)
<Response [502]>
assisting
ERROR
Expecting value: line 1 column 1 (char 0)
<Response [502]>
supervising
ERROR
Expecting value: line 1 column 1 (char 0)
<Response [502]>
safety gear
ERROR
Expecting value: line 1 column 1 (char 0)
<Response [502]>
working uniform
ERROR
Expecting value: line 1 column 1 (char 0)
<Response [502]>
sweater
ERROR
Expecting value: line 1 column 1 (char 0)
<Response [502]>
work clothes
ERROR
Expecting value: line 1 column 1 (char 0)
<Response [502]>
slouched
ERROR
Expecting value: line 1 column 1 (char 0)
<Response [502]>
trickster
ERROR
Expecting value: line 1 column 1 (char 0)
<Response [502]>
cruiser
ERROR
Expecting value: line 1 column 1 (char 0)
<Response [502]>
freestyler
ERROR
Expecting value: line 1 column 1 (char 0)
<Response [502]>
snowboarding
ERROR
Expecting value: line 1 column 1 (char 0)
<Response [502]>
skiing
ERROR
Expecting value: line 1 column 1 (char 0)
<Response [502]>
open
ERROR
Expecting value: line 1 column 1 (char 0)
<Response [502]>
closed
ERROR
Expecting value: line 1 column 1 (char 0)
<Response [502]>
open mouth
ERROR
Expecting value: line 1 column 1 (char 0)
<Response [502]>
closed mouth
ERROR
Expecting value: line 1 column 1 (char 0)
<Response [502]>
unconscious
ERROR
Expecting value: line 1 column 1 (char 0)
<Response [502]>
conscious
ERROR
Expecting value: line 1 column 1 (char 0)
<Response [502]>
dead
ERROR
Expecting value: line 1 column 1 (char 0)
<Response [502]>
in an open relationship
ERROR
Expecting value: line 1 column 1 (char 0)
<Response [502]>
tennis
ERROR
Expecting value: line 1 column 1 (char 0)
<Response [502]>
soccer
ERROR
Expecting value: line 1 column 1 (char 0)
<Response [502]>
basketball
ERROR
Expecting value: line 1 column 1 (char 0)
<Response [502]>
switch stance
ERROR
Expecting value: line 1 column 1 (char 0)
<Response [502]>
normal stance
ERROR
Expecting value: line 1 column 1 (char 0)
<Response [502]>
feet facing backward
ERROR
Expecting value: line 1 column 1 (char 0)
<Response [502]>
feet facing forward
ERROR
Expecting value: line 1 column 1 (char 0)
<Response [502]>
feet facing sideways
ERROR
Expecting value: line 1 column 1 (char 0)
<Response [502]>
lap
ERROR
Expecting value: line 1 column 1 (char 0)
<Response [502]>
table
ERROR
Expecting value: line 1 column 1 (char 0)
<Response [502]>
apron
ERROR
Expecting value: line 1 column 1 (char 0)
<Response [502]>
grillmaster hat
ERROR
Expecting value: line 1 column 1 (char 0)
<Response [502]>
vintage
ERROR
Expecting value: line 1 column 1 (char 0)
<Response [502]>
modern
ERROR
Expecting value: line 1 column 1 (char 0)
<Response [502]>
divorced
ERROR
Expecting value: line 1 column 1 (char 0)
<Response [502]>
widowed
ERROR
Expecting value: line 1 column 1 (char 0)
<Response [502]>
tennis shorts
ERROR
Expecting value: line 1 column 1 (char 0)
<Response [502]>
tennis shirt
ERROR
Expecting value: line 1 column 1 (char 0)
<Response [502]>
tennis shoes
ERROR
Expecting value: line 1 column 1 (char 0)
<Response [502]>
smartphone user
ERROR
Expecting value: line 1 column 1 (char 0)
<Response [502]>
other technology
ERROR
Expecting value: line 1 column 1 (char 0)
<Response [502]>
computer user
ERROR
Expecting value: line 1 column 1 (char 0)
<Response [502]>
tablet user
ERROR
Expecting value: line 1 column 1 (char 0)
<Response [502]>
phone user
ERROR
Expecting value: line 1 column 1 (char 0)
<Response [502]>
fast food lover
ERROR
Expecting value: line 1 column 1 (char 0)
<Response [502]>
health conscious
ERROR
Expecting value: line 1 column 1 (char 0)
<Response [502]>
foodie
ERROR
Expecting value: line 1 column 1 (char 0)
<Response [502]>
pickypate
ERROR
Expecting value: line 1 column 1 (char 0)
<Response [502]>
snoring
ERROR
Expecting value: line 1 column 1 (char 0)
<Response [502]>
not snoring
ERROR
Expecting value: line 1 column 1 (char 0)
<Response [502]>
scanning
ERROR
Expecting value: line 1 column 1 (char 0)
<Response [502]>
skimming
ERROR
Expecting value: line 1 column 1 (char 0)
<Response [502]>
homeless
ERROR
Expecting value: line 1 column 1 (char 0)
<Response [502]>
upper-class
ERROR
Expecting value: line 1 column 1 (char 0)
<Response [502]>
rich
ERROR
Expecting value: line 1 column 1 (char 0)
<Response [502]>
poor
ERROR
Expecting value: line 1 column 1 (char 0)
<Response [502]>
no mental health concerns
ERROR
Expecting value: line 1 column 1 (char 0)
<Response [502]>
mental health
ERROR
Expecting value: line 1 column 1 (char 0)
<Response [502]>
mental illness
ERROR
Expecting value: line 1 column 1 (char 0)
<Response [502]>
pulling over
ERROR
Expecting value: line 1 column 1 (char 0)
<Response [502]>
parked
ERROR
Expecting value: line 1 column 1 (char 0)
<Response [502]>
flight suit
ERROR
Expecting value: line 1 column 1 (char 0)
<Response [502]>
contact information
ERROR
Expecting value: line 1 column 1 (char 0)
<Response [502]>
name
ERROR
Expecting value: line 1 column 1 (char 0)
<Response [502]>
title
ERROR
Expecting value: line 1 column 1 (char 0)
<Response [502]>
boat owner
ERROR
Expecting value: line 1 column 1 (char 0)
<Response [502]>
getting off
ERROR
Expecting value: line 1 column 1 (char 0)
<Response [502]>
boarding
ERROR
Expecting value: line 1 column 1 (char 0)
<Response [502]>
getting on
ERROR
Expecting value: line 1 column 1 (char 0)
<Response [502]>
co-workers
ERROR
Expecting value: line 1 column 1 (char 0)
<Response [502]>
strangers
ERROR
Expecting value: line 1 column 1 (char 0)
<Response [502]>
vest
ERROR
Expecting value: line 1 column 1 (char 0)
<Response [502]>
ride organizer
ERROR
Expecting value: line 1 column 1 (char 0)
<Response [502]>
biker gang member
ERROR
Expecting value: line 1 column 1 (char 0)
<Response [502]>
motorcycle club member
ERROR
Expecting value: line 1 column 1 (char 0)
<Response [502]>
biker enthusiast
ERROR
Expecting value: line 1 column 1 (char 0)
<Response [502]>
6-10
ERROR
Expecting value: line 1 column 1 (char 0)
<Response [502]>
1-5
ERROR
Expecting value: line 1 column 1 (char 0)
<Response [502]>
more than 10
ERROR
Expecting value: line 1 column 1 (char 0)
<Response [502]>
one child
ERROR
Expecting value: line 1 column 1 (char 0)
<Response [502]>
multiple children
ERROR
Expecting value: line 1 column 1 (char 0)
<Response [502]>
less than 100
ERROR
Expecting value: line 1 column 1 (char 0)
<Response [502]>
more than 300
ERROR
Expecting value: line 1 column 1 (char 0)
<Response [502]>
between 100-200
ERROR
Expecting value: line 1 column 1 (char 0)
<Response [502]>
between 200-300
ERROR
Expecting value: line 1 column 1 (char 0)
<Response [502]>
many
ERROR
Expecting value: line 1 column 1 (char 0)
<Response [502]>
crowded
ERROR
Expecting value: line 1 column 1 (char 0)
<Response [502]>
smiling with teeth
ERROR
Expecting value: line 1 column 1 (char 0)
<Response [502]>
not smiling
ERROR
Expecting value: line 1 column 1 (char 0)
<Response [502]>
smiling without teeth
ERROR
Expecting value: line 1 column 1 (char 0)
<Response [502]>
absent
ERROR
Expecting value: line 1 column 1 (char 0)
<Response [502]>
present
ERROR
Expecting value: line 1 column 1 (char 0)
<Response [502]>
holding cap gun
ERROR
Expecting value: line 1 column 1 (char 0)
<Response [502]>
holding dog
ERROR
Expecting value: line 1 column 1 (char 0)
<Response [502]>
holding holster
ERROR
Expecting value: line 1 column 1 (char 0)
<Response [502]>
camera
ERROR
Expecting value: line 1 column 1 (char 0)
<Response [502]>
smartphone
ERROR
Expecting value: line 1 column 1 (char 0)
<Response [502]>
with dog
ERROR
Expecting value: line 1 column 1 (char 0)
<Response [502]>
with cat
ERROR
Expecting value: line 1 column 1 (char 0)
<Response [502]>
no animal
ERROR
Expecting value: line 1 column 1 (char 0)
<Response [502]>
with other animal
ERROR
Expecting value: line 1 column 1 (char 0)
<Response [502]>
with horse
ERROR
Expecting value: line 1 column 1 (char 0)
<Response [502]>
local artist
ERROR
Expecting value: line 1 column 1 (char 0)
<Response [502]>
street artist
ERROR
Expecting value: line 1 column 1 (char 0)
<Response [502]>
well-known artist
ERROR
Expecting value: line 1 column 1 (char 0)
<Response [502]>
marines
ERROR
Expecting value: line 1 column 1 (char 0)
<Response [502]>
army
ERROR
Expecting value: line 1 column 1 (char 0)
<Response [502]>
air force
ERROR
Expecting value: line 1 column 1 (char 0)
<Response [502]>
navy
ERROR
Expecting value: line 1 column 1 (char 0)
<Response [502]>
actor
ERROR
Expecting value: line 1 column 1 (char 0)
<Response [502]>
actress
ERROR
Expecting value: line 1 column 1 (char 0)
<Response [502]>
shopping
ERROR
Expecting value: line 1 column 1 (char 0)
<Response [502]>
meeting
ERROR
Expecting value: line 1 column 1 (char 0)
<Response [502]>
stressed
ERROR
Expecting value: line 1 column 1 (char 0)
<Response [502]>
curiously
ERROR
Expecting value: line 1 column 1 (char 0)
<Response [502]>
angrily
ERROR
Expecting value: line 1 column 1 (char 0)
<Response [502]>
holding other pets
ERROR
Expecting value: line 1 column 1 (char 0)
<Response [502]>
holding a cat
ERROR
Expecting value: line 1 column 1 (char 0)
<Response [502]>
no pets
ERROR
Expecting value: line 1 column 1 (char 0)
<Response [502]>
holding a dog
ERROR
Expecting value: line 1 column 1 (char 0)
<Response [502]>
nfl
ERROR
Expecting value: line 1 column 1 (char 0)
<Response [502]>
nba
ERROR
Expecting value: line 1 column 1 (char 0)
<Response [502]>
mlb
ERROR
Expecting value: line 1 column 1 (char 0)
<Response [502]>
nhl
ERROR
Expecting value: line 1 column 1 (char 0)
<Response [502]>
other emotion
ERROR
Expecting value: line 1 column 1 (char 0)
<Response [502]>
infant
ERROR
Expecting value: line 1 column 1 (char 0)
<Response [502]>
superhero
ERROR
Expecting value: line 1 column 1 (char 0)
<Response [502]>
historical figure
ERROR
Expecting value: line 1 column 1 (char 0)
<Response [502]>
villain
ERROR
Expecting value: line 1 column 1 (char 0)
<Response [502]>
holding umbrella
ERROR
Expecting value: line 1 column 1 (char 0)
<Response [502]>
not holding umbrella
ERROR
Expecting value: line 1 column 1 (char 0)
<Response [502]>
carrying luggage
ERROR
Expecting value: line 1 column 1 (char 0)
<Response [502]>
carrying other items
ERROR
Expecting value: line 1 column 1 (char 0)
<Response [502]>
carrying bag
ERROR
Expecting value: line 1 column 1 (char 0)
<Response [502]>
individual
ERROR
Expecting value: line 1 column 1 (char 0)
<Response [502]>
restaurant
ERROR
Expecting value: line 1 column 1 (char 0)
<Response [502]>
business
ERROR
Expecting value: line 1 column 1 (char 0)
<Response [502]>
medium altitude
ERROR
Expecting value: line 1 column 1 (char 0)
<Response [502]>
high altitude
ERROR
Expecting value: line 1 column 1 (char 0)
<Response [502]>
low altitude
ERROR
Expecting value: line 1 column 1 (char 0)
<Response [502]>
on the ground
ERROR
Expecting value: line 1 column 1 (char 0)
<Response [502]>
in the air
ERROR
Expecting value: line 1 column 1 (char 0)
<Response [502]>
blue
ERROR
Expecting value: line 1 column 1 (char 0)
<Response [502]>
canada
ERROR
Expecting value: line 1 column 1 (char 0)
<Response [502]>
united states
ERROR
Expecting value: line 1 column 1 (char 0)
<Response [502]>
europe
ERROR
Expecting value: line 1 column 1 (char 0)
<Response [502]>
asia
ERROR
Expecting value: line 1 column 1 (char 0)
<Response [502]>
fielder
ERROR
Expecting value: line 1 column 1 (char 0)
<Response [502]>
not wearing ski goggles or helmet
ERROR
Expecting value: line 1 column 1 (char 0)
<Response [502]>
wearing ski goggles
ERROR
Expecting value: line 1 column 1 (char 0)
<Response [502]>
wearing ski helmet
ERROR
Expecting value: line 1 column 1 (char 0)
<Response [502]>
working attire
ERROR
Expecting value: line 1 column 1 (char 0)
<Response [502]>
fingers
ERROR
Expecting value: line 1 column 1 (char 0)
<Response [502]>
fakie
ERROR
Expecting value: line 1 column 1 (char 0)
<Response [502]>
standing next to tree
ERROR
Expecting value: line 1 column 1 (char 0)
<Response [502]>
sitting next to tree
ERROR
Expecting value: line 1 column 1 (char 0)
<Response [502]>
sailboard
ERROR
Expecting value: line 1 column 1 (char 0)
<Response [502]>
kayak
ERROR
Expecting value: line 1 column 1 (char 0)
<Response [502]>
para sail
ERROR
Expecting value: line 1 column 1 (char 0)
<Response [502]>
soccer ball
ERROR
Expecting value: line 1 column 1 (char 0)
<Response [502]>
shorts
ERROR
Expecting value: line 1 column 1 (char 0)
<Response [502]>
shin guards
ERROR
Expecting value: line 1 column 1 (char 0)
<Response [502]>
other foot
ERROR
Expecting value: line 1 column 1 (char 0)
<Response [502]>
kicking foot
ERROR
Expecting value: line 1 column 1 (char 0)
<Response [502]>
other equipment
ERROR
Expecting value: line 1 column 1 (char 0)
<Response [502]>
style
ERROR
Expecting value: line 1 column 1 (char 0)
<Response [502]>
trick
ERROR
Expecting value: line 1 column 1 (char 0)
<Response [502]>
low
ERROR
Expecting value: line 1 column 1 (char 0)
<Response [502]>
high
ERROR
Expecting value: line 1 column 1 (char 0)
<Response [502]>
a lot
ERROR
Expecting value: line 1 column 1 (char 0)
<Response [502]>
little
ERROR
Expecting value: line 1 column 1 (char 0)
<Response [502]>
screwdrivers
ERROR
Expecting value: line 1 column 1 (char 0)
<Response [502]>
wrenches
ERROR
Expecting value: line 1 column 1 (char 0)
<Response [502]>
pliers
ERROR
Expecting value: line 1 column 1 (char 0)
<Response [502]>
other tools
ERROR
Expecting value: line 1 column 1 (char 0)
<Response [502]>
mini
ERROR
Expecting value: line 1 column 1 (char 0)
<Response [502]>
maxi
ERROR
Expecting value: line 1 column 1 (char 0)
<Response [502]>
mid
ERROR
Expecting value: line 1 column 1 (char 0)
<Response [502]>
praying
ERROR
Expecting value: line 1 column 1 (char 0)
<Response [502]>
performing ritual
ERROR
Expecting value: line 1 column 1 (char 0)
<Response [502]>
summoning spirits
ERROR
Expecting value: line 1 column 1 (char 0)
<Response [502]>
freestyle skateboarding
ERROR
Expecting value: line 1 column 1 (char 0)
<Response [502]>
park skateboarding
ERROR
Expecting value: line 1 column 1 (char 0)
<Response [502]>
trick skateboarding
ERROR
Expecting value: line 1 column 1 (char 0)
<Response [502]>
top 50
ERROR
Expecting value: line 1 column 1 (char 0)
<Response [502]>
top 100
ERROR
Expecting value: line 1 column 1 (char 0)
<Response [502]>
top 10
ERROR
Expecting value: line 1 column 1 (char 0)
<Response [502]>
delivery person
ERROR
Expecting value: line 1 column 1 (char 0)
<Response [502]>
waiter
ERROR
Expecting value: line 1 column 1 (char 0)
<Response [502]>
soccer injury
ERROR
Expecting value: line 1 column 1 (char 0)
<Response [502]>
tennis injury
ERROR
Expecting value: line 1 column 1 (char 0)
<Response [502]>
baseball injury
ERROR
Expecting value: line 1 column 1 (char 0)
<Response [502]>
tilting
ERROR
Expecting value: line 1 column 1 (char 0)
<Response [502]>
normal attire
ERROR
Expecting value: line 1 column 1 (char 0)
<Response [502]>
chef's uniform
ERROR
Expecting value: line 1 column 1 (char 0)
<Response [502]>
games
ERROR
Expecting value: line 1 column 1 (char 0)
<Response [502]>
books
ERROR
Expecting value: line 1 column 1 (char 0)
<Response [502]>
not very comfortable
ERROR
Expecting value: line 1 column 1 (char 0)
<Response [502]>
extremely uncomfortable
ERROR
Expecting value: line 1 column 1 (char 0)
<Response [502]>
highly comfortable
ERROR
Expecting value: line 1 column 1 (char 0)
<Response [502]>
somewhat comfortable
ERROR
Expecting value: line 1 column 1 (char 0)
<Response [502]>
latino
ERROR
Expecting value: line 1 column 1 (char 0)
<Response [502]>
other personal item
ERROR
Expecting value: line 1 column 1 (char 0)
<Response [502]>
medicine bag
ERROR
Expecting value: line 1 column 1 (char 0)
<Response [502]>
bmx rider
ERROR
Expecting value: line 1 column 1 (char 0)
<Response [502]>
mini rider
ERROR
Expecting value: line 1 column 1 (char 0)
<Response [502]>
buddhism
ERROR
Expecting value: line 1 column 1 (char 0)
<Response [502]>
judaism
ERROR
Expecting value: line 1 column 1 (char 0)
<Response [502]>
christianity
ERROR
Expecting value: line 1 column 1 (char 0)
<Response [502]>
islam
ERROR
Expecting value: line 1 column 1 (char 0)
<Response [502]>
phone addict
ERROR
Expecting value: line 1 column 1 (char 0)
<Response [502]>
phone neutral
ERROR
Expecting value: line 1 column 1 (char 0)
<Response [502]>
colleague
ERROR
Expecting value: line 1 column 1 (char 0)
<Response [502]>
switch-hitter
ERROR
Expecting value: line 1 column 1 (char 0)
<Response [502]>
athletic wear
ERROR
Expecting value: line 1 column 1 (char 0)
<Response [502]>
clean
ERROR
Expecting value: line 1 column 1 (char 0)
<Response [502]>
messy
ERROR
Expecting value: line 1 column 1 (char 0)
<Response [502]>
reaching out
ERROR
Expecting value: line 1 column 1 (char 0)
<Response [502]>
another person
ERROR
Expecting value: line 1 column 1 (char 0)
<Response [502]>
same person
ERROR
Expecting value: line 1 column 1 (char 0)
<Response [502]>
middle pregnancy
ERROR
Expecting value: line 1 column 1 (char 0)
<Response [502]>
late pregnancy
ERROR
Expecting value: line 1 column 1 (char 0)
<Response [502]>
early pregnancy
ERROR
Expecting value: line 1 column 1 (char 0)
<Response [502]>
hair
ERROR
Expecting value: line 1 column 1 (char 0)
<Response [502]>
drinking coffee
ERROR
Expecting value: line 1 column 1 (char 0)
<Response [502]>
drinking alcohol
ERROR
Expecting value: line 1 column 1 (char 0)
<Response [502]>
drinking water
ERROR
Expecting value: line 1 column 1 (char 0)
<Response [502]>
2-3 years
ERROR
Expecting value: line 1 column 1 (char 0)
<Response [502]>
4-5 years
ERROR
Expecting value: line 1 column 1 (char 0)
<Response [502]>
looking up
ERROR
Expecting value: line 1 column 1 (char 0)
<Response [502]>
looking down
ERROR
Expecting value: line 1 column 1 (char 0)
<Response [502]>
young man
ERROR
Expecting value: line 1 column 1 (char 0)
<Response [502]>
old man
ERROR
Expecting value: line 1 column 1 (char 0)
<Response [502]>
furthest
ERROR
Expecting value: line 1 column 1 (char 0)
<Response [502]>
closest
ERROR
Expecting value: line 1 column 1 (char 0)
<Response [502]>
moderate bond
ERROR
Expecting value: line 1 column 1 (char 0)
<Response [502]>
somewhat bond
ERROR
Expecting value: line 1 column 1 (char 0)
<Response [502]>
little bond
ERROR
Expecting value: line 1 column 1 (char 0)
<Response [502]>
baker
ERROR
Expecting value: line 1 column 1 (char 0)
<Response [502]>
crawling
ERROR
Expecting value: line 1 column 1 (char 0)
<Response [502]>
disappointed
ERROR
Expecting value: line 1 column 1 (char 0)
<Response [502]>
playing video games
ERROR
Expecting value: line 1 column 1 (char 0)
<Response [502]>
co-player
ERROR
Expecting value: line 1 column 1 (char 0)
<Response [502]>
observer
ERROR
Expecting value: line 1 column 1 (char 0)
<Response [502]>
graphite racket
ERROR
Expecting value: line 1 column 1 (char 0)
<Response [502]>
carbon fiber racket
ERROR
Expecting value: line 1 column 1 (char 0)
<Response [502]>
single user
ERROR
Expecting value: line 1 column 1 (char 0)
<Response [502]>
multiple users
ERROR
Expecting value: line 1 column 1 (char 0)
<Response [502]>
daughter
ERROR
Expecting value: line 1 column 1 (char 0)
<Response [502]>
careful grip
ERROR
Expecting value: line 1 column 1 (char 0)
<Response [502]>
loose grip
ERROR
Expecting value: line 1 column 1 (char 0)
<Response [502]>
firm grip
ERROR
Expecting value: line 1 column 1 (char 0)
<Response [502]>
on top
ERROR
Expecting value: line 1 column 1 (char 0)
<Response [502]>
on bottom
ERROR
Expecting value: line 1 column 1 (char 0)
<Response [502]>
in between
ERROR
Expecting value: line 1 column 1 (char 0)
<Response [502]>
free technique
ERROR
Expecting value: line 1 column 1 (char 0)
<Response [502]>
classic technique
ERROR
Expecting value: line 1 column 1 (char 0)
<Response [502]>
line and lure
ERROR
Expecting value: line 1 column 1 (char 0)
<Response [502]>
rod and reel
ERROR
Expecting value: line 1 column 1 (char 0)
<Response [502]>
life jacket-less
ERROR
Expecting value: line 1 column 1 (char 0)
<Response [502]>
life jacket-wearing
ERROR
Expecting value: line 1 column 1 (char 0)
<Response [502]>
hat-less
ERROR
Expecting value: line 1 column 1 (char 0)
<Response [502]>
chief
ERROR
Expecting value: line 1 column 1 (char 0)
<Response [502]>
officer
ERROR
Expecting value: line 1 column 1 (char 0)
<Response [502]>
high anxiety
ERROR
Expecting value: line 1 column 1 (char 0)
<Response [502]>
low anxiety
ERROR
Expecting value: line 1 column 1 (char 0)
<Response [502]>
race
ERROR
Expecting value: line 1 column 1 (char 0)
<Response [502]>
rally
ERROR
Expecting value: line 1 column 1 (char 0)
<Response [502]>
track day
ERROR
Expecting value: line 1 column 1 (char 0)
<Response [502]>
saffron-colored robes
ERROR
Expecting value: line 1 column 1 (char 0)
<Response [502]>
robes
ERROR
Expecting value: line 1 column 1 (char 0)
<Response [502]>
motorcycle club
ERROR
Expecting value: line 1 column 1 (char 0)
<Response [502]>
individual rider
ERROR
Expecting value: line 1 column 1 (char 0)
<Response [502]>
biker gang
ERROR
Expecting value: line 1 column 1 (char 0)
<Response [502]>
counting
ERROR
Expecting value: line 1 column 1 (char 0)
<Response [502]>
building
ERROR
Expecting value: line 1 column 1 (char 0)
<Response [502]>
car
ERROR
Expecting value: line 1 column 1 (char 0)
<Response [502]>
trees
ERROR
Expecting value: line 1 column 1 (char 0)
<Response [502]>
four-in-hand
ERROR
Expecting value: line 1 column 1 (char 0)
<Response [502]>
windsor
ERROR
Expecting value: line 1 column 1 (char 0)
<Response [502]>
skateboarding clothing
ERROR
Expecting value: line 1 column 1 (char 0)
<Response [502]>
techie
ERROR
Expecting value: line 1 column 1 (char 0)
<Response [502]>
business casual
ERROR
Expecting value: line 1 column 1 (char 0)
<Response [502]>
hiking boots
ERROR
Expecting value: line 1 column 1 (char 0)
<Response [502]>
water bottle
ERROR
Expecting value: line 1 column 1 (char 0)
<Response [502]>
experienced rider
ERROR
Expecting value: line 1 column 1 (char 0)
<Response [502]>
spin
ERROR
Expecting value: line 1 column 1 (char 0)
<Response [502]>
flip
ERROR
Expecting value: line 1 column 1 (char 0)
<Response [502]>
disorganized
ERROR
Expecting value: line 1 column 1 (char 0)
<Response [502]>
logical
ERROR
Expecting value: line 1 column 1 (char 0)
<Response [502]>
extrovert
ERROR
Expecting value: line 1 column 1 (char 0)
<Response [502]>
introvert
ERROR
Expecting value: line 1 column 1 (char 0)
<Response [502]>
organized
ERROR
Expecting value: line 1 column 1 (char 0)
<Response [502]>
with pet
ERROR
Expecting value: line 1 column 1 (char 0)
<Response [502]>
with family
ERROR
Expecting value: line 1 column 1 (char 0)
<Response [502]>
with friend
ERROR
Expecting value: line 1 column 1 (char 0)
<Response [502]>
skateboarding
ERROR
Expecting value: line 1 column 1 (char 0)
<Response [502]>
partially occluded
ERROR
Expecting value: line 1 column 1 (char 0)
<Response [502]>
not occluded
ERROR
Expecting value: line 1 column 1 (char 0)
<Response [502]>
fully occluded
ERROR
Expecting value: line 1 column 1 (char 0)
<Response [502]>
lifeguard
ERROR
Expecting value: line 1 column 1 (char 0)
<Response [502]>
skateboarding outfit
ERROR
Expecting value: line 1 column 1 (char 0)
<Response [502]>
chewing
ERROR
Expecting value: line 1 column 1 (char 0)
<Response [502]>
closer to shore
ERROR
Expecting value: line 1 column 1 (char 0)
<Response [502]>
further from shore
ERROR
Expecting value: line 1 column 1 (char 0)
<Response [502]>
gluten-free
ERROR
Expecting value: line 1 column 1 (char 0)
<Response [502]>
pajamas
ERROR
Expecting value: line 1 column 1 (char 0)
<Response [502]>
sleepwear
ERROR
Expecting value: line 1 column 1 (char 0)
<Response [502]>
sports bra
ERROR
Expecting value: line 1 column 1 (char 0)
<Response [502]>
racketing
ERROR
Expecting value: line 1 column 1 (char 0)
<Response [502]>
person in city
ERROR
Expecting value: line 1 column 1 (char 0)
<Response [502]>
person on cliff
ERROR
Expecting value: line 1 column 1 (char 0)
<Response [502]>
person on beach
ERROR
Expecting value: line 1 column 1 (char 0)
<Response [502]>
person in boat
ERROR
Expecting value: line 1 column 1 (char 0)
<Response [502]>
brushing teeth
ERROR
Expecting value: line 1 column 1 (char 0)
<Response [502]>
bathing
ERROR
Expecting value: line 1 column 1 (char 0)
<Response [502]>
blurred
ERROR
Expecting value: line 1 column 1 (char 0)
<Response [502]>
in the background
ERROR
Expecting value: line 1 column 1 (char 0)
<Response [502]>
out of focus
ERROR
Expecting value: line 1 column 1 (char 0)
<Response [502]>
listening to a call
ERROR
Expecting value: line 1 column 1 (char 0)
<Response [502]>
sleeves
ERROR
Expecting value: line 1 column 1 (char 0)
<Response [502]>
no sleeves
ERROR
Expecting value: line 1 column 1 (char 0)
<Response [502]>
chef hat
ERROR
Expecting value: line 1 column 1 (char 0)
<Response [502]>
funny
ERROR
Expecting value: line 1 column 1 (char 0)
<Response [502]>
gun
ERROR
Expecting value: line 1 column 1 (char 0)
<Response [502]>
scissors
ERROR
Expecting value: line 1 column 1 (char 0)
<Response [502]>
poster
ERROR
Expecting value: line 1 column 1 (char 0)
<Response [502]>
picture
ERROR
Expecting value: line 1 column 1 (char 0)
<Response [502]>
artwork
ERROR
Expecting value: line 1 column 1 (char 0)
<Response [502]>
nature
ERROR
Expecting value: line 1 column 1 (char 0)
<Response [502]>
pigeons
ERROR
Expecting value: line 1 column 1 (char 0)
<Response [502]>
cyclist
ERROR
Expecting value: line 1 column 1 (char 0)
<Response [502]>
baseball
ERROR
Expecting value: line 1 column 1 (char 0)
<Response [502]>
product photo
ERROR
Expecting value: line 1 column 1 (char 0)
<Response [502]>
product logo
ERROR
Expecting value: line 1 column 1 (char 0)
<Response [502]>
stop sign
ERROR
Expecting value: line 1 column 1 (char 0)
<Response [502]>
other image
ERROR
Expecting value: line 1 column 1 (char 0)
<Response [502]>
portrait
ERROR
Expecting value: line 1 column 1 (char 0)
<Response [502]>
landscape
ERROR
Expecting value: line 1 column 1 (char 0)
<Response [502]>
cityscape
ERROR
Expecting value: line 1 column 1 (char 0)
<Response [502]>
text
ERROR
Expecting value: line 1 column 1 (char 0)
<Response [502]>
image
ERROR
Expecting value: line 1 column 1 (char 0)
<Response [502]>
video
ERROR
Expecting value: line 1 column 1 (char 0)
<Response [502]>
artificial light
ERROR
Expecting value: line 1 column 1 (char 0)
<Response [502]>
natural light
ERROR
Expecting value: line 1 column 1 (char 0)
<Response [502]>
nighttime
ERROR
Expecting value: line 1 column 1 (char 0)
<Response [502]>
daylight
ERROR
Expecting value: line 1 column 1 (char 0)
<Response [502]>
daytime
ERROR
Expecting value: line 1 column 1 (char 0)
<Response [502]>
shadow
ERROR
Expecting value: line 1 column 1 (char 0)
<Response [502]>
light
ERROR
Expecting value: line 1 column 1 (char 0)
<Response [502]>
dim
ERROR
Expecting value: line 1 column 1 (char 0)
<Response [502]>
colorful
ERROR
Expecting value: line 1 column 1 (char 0)
<Response [502]>
monochromatic
ERROR
Expecting value: line 1 column 1 (char 0)
<Response [502]>
neutral colors
ERROR
Expecting value: line 1 column 1 (char 0)
<Response [502]>
warm colors
ERROR
Expecting value: line 1 column 1 (char 0)
<Response [502]>
cool colors
ERROR
Expecting value: line 1 column 1 (char 0)
<Response [502]>
farm
ERROR
Expecting value: line 1 column 1 (char 0)
<Response [502]>
field
ERROR
Expecting value: line 1 column 1 (char 0)
<Response [502]>
natural scene
ERROR
Expecting value: line 1 column 1 (char 0)
<Response [502]>
urban scene
ERROR
Expecting value: line 1 column 1 (char 0)
<Response [502]>
industrial scene
ERROR
Expecting value: line 1 column 1 (char 0)
<Response [502]>
rural scene
ERROR
Expecting value: line 1 column 1 (char 0)
<Response [502]>
ocean
ERROR
Expecting value: line 1 column 1 (char 0)
<Response [502]>
river
ERROR
Expecting value: line 1 column 1 (char 0)
<Response [502]>
lake
ERROR
Expecting value: line 1 column 1 (char 0)
<Response [502]>
grassy landscape
ERROR
Expecting value: line 1 column 1 (char 0)
<Response [502]>
waterfront
ERROR
Expecting value: line 1 column 1 (char 0)
<Response [502]>
city
ERROR
Expecting value: line 1 column 1 (char 0)
<Response [502]>
beach
ERROR
Expecting value: line 1 column 1 (char 0)
<Response [502]>
forest
ERROR
Expecting value: line 1 column 1 (char 0)
<Response [502]>
mountain
ERROR
Expecting value: line 1 column 1 (char 0)
<Response [502]>
pasture
ERROR
Expecting value: line 1 column 1 (char 0)
<Response [502]>
street
ERROR
Expecting value: line 1 column 1 (char 0)
<Response [502]>
no scene
ERROR
Expecting value: line 1 column 1 (char 0)
<Response [502]>
other scene
ERROR
Expecting value: line 1 column 1 (char 0)
<Response [502]>
snow
ERROR
Expecting value: line 1 column 1 (char 0)
<Response [502]>
rain
ERROR
Expecting value: line 1 column 1 (char 0)
<Response [502]>
sunny
ERROR
Expecting value: line 1 column 1 (char 0)
<Response [502]>
cloudy
ERROR
Expecting value: line 1 column 1 (char 0)
<Response [502]>
countryside
ERROR
Expecting value: line 1 column 1 (char 0)
<Response [502]>
coastline
ERROR
Expecting value: line 1 column 1 (char 0)
<Response [502]>
chain link
ERROR
Expecting value: line 1 column 1 (char 0)
<Response [502]>
metal
ERROR
Expecting value: line 1 column 1 (char 0)
<Response [502]>
wooden
ERROR
Expecting value: line 1 column 1 (char 0)
<Response [502]>
metal fence
ERROR
Expecting value: line 1 column 1 (char 0)
<Response [502]>
wooden fence
ERROR
Expecting value: line 1 column 1 (char 0)
<Response [502]>
round
ERROR
Expecting value: line 1 column 1 (char 0)
<Response [502]>
triangular
ERROR
Expecting value: line 1 column 1 (char 0)
<Response [502]>
rectangular
ERROR
Expecting value: line 1 column 1 (char 0)
<Response [502]>
gray
ERROR
Expecting value: line 1 column 1 (char 0)
<Response [502]>
grayscale
ERROR
Expecting value: line 1 column 1 (char 0)
<Response [502]>
gold
ERROR
Expecting value: line 1 column 1 (char 0)
<Response [502]>
cylinder
ERROR
Expecting value: line 1 column 1 (char 0)
<Response [502]>
plane
ERROR
Expecting value: line 1 column 1 (char 0)
<Response [502]>
sphere
ERROR
Expecting value: line 1 column 1 (char 0)
<Response [502]>
irregular
ERROR
Expecting value: line 1 column 1 (char 0)
<Response [502]>
curved
ERROR
Expecting value: line 1 column 1 (char 0)
<Response [502]>
square
ERROR
Expecting value: line 1 column 1 (char 0)
<Response [502]>
triangle
ERROR
Expecting value: line 1 column 1 (char 0)
<Response [502]>
circle
ERROR
Expecting value: line 1 column 1 (char 0)
<Response [502]>
spherical
ERROR
Expecting value: line 1 column 1 (char 0)
<Response [502]>
elliptical
ERROR
Expecting value: line 1 column 1 (char 0)
<Response [502]>
rounded
ERROR
Expecting value: line 1 column 1 (char 0)
<Response [502]>
flat
ERROR
Expecting value: line 1 column 1 (char 0)
<Response [502]>
circular
ERROR
Expecting value: line 1 column 1 (char 0)
<Response [502]>
rectangle
ERROR
Expecting value: line 1 column 1 (char 0)
<Response [502]>
cylindrical
ERROR
Expecting value: line 1 column 1 (char 0)
<Response [502]>
oval
ERROR
Expecting value: line 1 column 1 (char 0)
<Response [502]>
town
ERROR
Expecting value: line 1 column 1 (char 0)
<Response [502]>
rural
ERROR
Expecting value: line 1 column 1 (char 0)
<Response [502]>
suburban
ERROR
Expecting value: line 1 column 1 (char 0)
<Response [502]>
village
ERROR
Expecting value: line 1 column 1 (char 0)
<Response [502]>
airport
ERROR
Expecting value: line 1 column 1 (char 0)
<Response [502]>
park
ERROR
Expecting value: line 1 column 1 (char 0)
<Response [502]>
urban
ERROR
Expecting value: line 1 column 1 (char 0)
<Response [502]>
valley
ERROR
Expecting value: line 1 column 1 (char 0)
<Response [502]>
coastal
ERROR
Expecting value: line 1 column 1 (char 0)
<Response [502]>
mountains
ERROR
Expecting value: line 1 column 1 (char 0)
<Response [502]>
spring
ERROR
Expecting value: line 1 column 1 (char 0)
<Response [502]>
winter
ERROR
Expecting value: line 1 column 1 (char 0)
<Response [502]>
fall
ERROR
Expecting value: line 1 column 1 (char 0)
<Response [502]>
summer
ERROR
Expecting value: line 1 column 1 (char 0)
<Response [502]>
person
ERROR
Expecting value: line 1 column 1 (char 0)
<Response [502]>
background
ERROR
Expecting value: line 1 column 1 (char 0)
<Response [502]>
object
ERROR
Expecting value: line 1 column 1 (char 0)
<Response [502]>
sun
ERROR
Expecting value: line 1 column 1 (char 0)
<Response [502]>
water
ERROR
Expecting value: line 1 column 1 (char 0)
<Response [502]>
surfboard
ERROR
Expecting value: line 1 column 1 (char 0)
<Response [502]>
skateboard
ERROR
Expecting value: line 1 column 1 (char 0)
<Response [502]>
wall
ERROR
Expecting value: line 1 column 1 (char 0)
<Response [502]>
furniture
ERROR
Expecting value: line 1 column 1 (char 0)
<Response [502]>
toy
ERROR
Expecting value: line 1 column 1 (char 0)
<Response [502]>
toilet paper
ERROR
Expecting value: line 1 column 1 (char 0)
<Response [502]>
towel
ERROR
Expecting value: line 1 column 1 (char 0)
<Response [502]>
soap dispenser
ERROR
Expecting value: line 1 column 1 (char 0)
<Response [502]>
flag
ERROR
Expecting value: line 1 column 1 (char 0)
<Response [502]>
turquoise
ERROR
Expecting value: line 1 column 1 (char 0)
<Response [502]>
black and white
ERROR
Expecting value: line 1 column 1 (char 0)
<Response [502]>
slider
ERROR
Expecting value: line 1 column 1 (char 0)
<Response [502]>
fastball
ERROR
Expecting value: line 1 column 1 (char 0)
<Response [502]>
curveball
ERROR
Expecting value: line 1 column 1 (char 0)
<Response [502]>
changeup
ERROR
Expecting value: line 1 column 1 (char 0)
<Response [502]>
person in foreground
ERROR
Expecting value: line 1 column 1 (char 0)
<Response [502]>
person in background
ERROR
Expecting value: line 1 column 1 (char 0)
<Response [502]>
none
ERROR
Expecting value: line 1 column 1 (char 0)
<Response [502]>
not visible
ERROR
Expecting value: line 1 column 1 (char 0)
<Response [502]>
blurry
ERROR
Expecting value: line 1 column 1 (char 0)
<Response [502]>
blank
ERROR
Expecting value: line 1 column 1 (char 0)
<Response [502]>
image with content
ERROR
Expecting value: line 1 column 1 (char 0)
<Response [502]>
blank image
ERROR
Expecting value: line 1 column 1 (char 0)
<Response [502]>
to the left
ERROR
Expecting value: line 1 column 1 (char 0)
<Response [502]>
directly above
ERROR
Expecting value: line 1 column 1 (char 0)
<Response [502]>
to the right
ERROR
Expecting value: line 1 column 1 (char 0)
<Response [502]>
dinner table
ERROR
Expecting value: line 1 column 1 (char 0)
<Response [502]>
lunch table
ERROR
Expecting value: line 1 column 1 (char 0)
<Response [502]>
other table
ERROR
Expecting value: line 1 column 1 (char 0)
<Response [502]>
coffee table
ERROR
Expecting value: line 1 column 1 (char 0)
<Response [502]>
other toppings
ERROR
Expecting value: line 1 column 1 (char 0)
<Response [502]>
mushroom
ERROR
Expecting value: line 1 column 1 (char 0)
<Response [502]>
hawaiian
ERROR
Expecting value: line 1 column 1 (char 0)
<Response [502]>
pepperoni
ERROR
Expecting value: line 1 column 1 (char 0)
<Response [502]>
mushrooms
ERROR
Expecting value: line 1 column 1 (char 0)
<Response [502]>
cake with frosting
ERROR
Expecting value: line 1 column 1 (char 0)
<Response [502]>
simple design
ERROR
Expecting value: line 1 column 1 (char 0)
<Response [502]>
decorated cake
ERROR
Expecting value: line 1 column 1 (char 0)
<Response [502]>
frosting
ERROR
Expecting value: line 1 column 1 (char 0)
<Response [502]>
cake topper
ERROR
Expecting value: line 1 column 1 (char 0)
<Response [502]>
full-length
ERROR
Expecting value: line 1 column 1 (char 0)
<Response [502]>
half-length
ERROR
Expecting value: line 1 column 1 (char 0)
<Response [502]>
quarter-length
ERROR
Expecting value: line 1 column 1 (char 0)
<Response [502]>
people in cars
ERROR
Expecting value: line 1 column 1 (char 0)
<Response [502]>
people on the sidewalk
ERROR
Expecting value: line 1 column 1 (char 0)
<Response [502]>
people walking
ERROR
Expecting value: line 1 column 1 (char 0)
<Response [502]>
other images
ERROR
Expecting value: line 1 column 1 (char 0)
<Response [502]>
cats
ERROR
Expecting value: line 1 column 1 (char 0)
<Response [502]>
country
ERROR
Expecting value: line 1 column 1 (char 0)
<Response [502]>
suburban street
ERROR
Expecting value: line 1 column 1 (char 0)
<Response [502]>
highway
ERROR
Expecting value: line 1 column 1 (char 0)
<Response [502]>
rural road
ERROR
Expecting value: line 1 column 1 (char 0)
<Response [502]>
city street
ERROR
Expecting value: line 1 column 1 (char 0)
<Response [502]>
snowy
ERROR
Expecting value: line 1 column 1 (char 0)
<Response [502]>
rainy
ERROR
Expecting value: line 1 column 1 (char 0)
<Response [502]>
dusk
ERROR
Expecting value: line 1 column 1 (char 0)
<Response [502]>
dawn
ERROR
Expecting value: line 1 column 1 (char 0)
<Response [502]>
residential building
ERROR
Expecting value: line 1 column 1 (char 0)
<Response [502]>
office building
ERROR
Expecting value: line 1 column 1 (char 0)
<Response [502]>
skyscraper
ERROR
Expecting value: line 1 column 1 (char 0)
<Response [502]>
historic building
ERROR
Expecting value: line 1 column 1 (char 0)
<Response [502]>
runway
ERROR
Expecting value: line 1 column 1 (char 0)
<Response [502]>
terminal
ERROR
Expecting value: line 1 column 1 (char 0)
<Response [502]>
work-related
ERROR
Expecting value: line 1 column 1 (char 0)
<Response [502]>
clothes
ERROR
Expecting value: line 1 column 1 (char 0)
<Response [502]>
station information
ERROR
Expecting value: line 1 column 1 (char 0)
<Response [502]>
safety signage
ERROR
Expecting value: line 1 column 1 (char 0)
<Response [502]>
train schedule
ERROR
Expecting value: line 1 column 1 (char 0)
<Response [502]>
rush hour
ERROR
Expecting value: line 1 column 1 (char 0)
<Response [502]>
traffic jam
ERROR
Expecting value: line 1 column 1 (char 0)
<Response [502]>
empty road
ERROR
Expecting value: line 1 column 1 (char 0)
<Response [502]>
other size
ERROR
Expecting value: line 1 column 1 (char 0)
<Response [502]>
other posture
ERROR
Expecting value: line 1 column 1 (char 0)
<Response [502]>
centre of interest
ERROR
Expecting value: line 1 column 1 (char 0)
<Response [502]>
symmetrical
ERROR
Expecting value: line 1 column 1 (char 0)
<Response [502]>
asymmetrical
ERROR
Expecting value: line 1 column 1 (char 0)
<Response [502]>
far away
ERROR
Expecting value: line 1 column 1 (char 0)
<Response [502]>
medium distance
ERROR
Expecting value: line 1 column 1 (char 0)
<Response [502]>
small lake
ERROR
Expecting value: line 1 column 1 (char 0)
<Response [502]>
large lake
ERROR
Expecting value: line 1 column 1 (char 0)
<Response [502]>
wilderness
ERROR
Expecting value: line 1 column 1 (char 0)
<Response [502]>
ski resort
ERROR
Expecting value: line 1 column 1 (char 0)
<Response [502]>
bike
ERROR
Expecting value: line 1 column 1 (char 0)
<Response [502]>
catcher's mitt
ERROR
Expecting value: line 1 column 1 (char 0)
<Response [502]>
pitch
ERROR
Expecting value: line 1 column 1 (char 0)
<Response [502]>
base
ERROR
Expecting value: line 1 column 1 (char 0)
<Response [502]>
clay
ERROR
Expecting value: line 1 column 1 (char 0)
<Response [502]>
grass
ERROR
Expecting value: line 1 column 1 (char 0)
<Response [502]>
hard
ERROR
Expecting value: line 1 column 1 (char 0)
<Response [502]>
city view
ERROR
Expecting value: line 1 column 1 (char 0)
<Response [502]>
building view
ERROR
Expecting value: line 1 column 1 (char 0)
<Response [502]>
nature view
ERROR
Expecting value: line 1 column 1 (char 0)
<Response [502]>
other accessories
ERROR
Expecting value: line 1 column 1 (char 0)
<Response [502]>
collar
ERROR
Expecting value: line 1 column 1 (char 0)
<Response [502]>
no person
ERROR
Expecting value: line 1 column 1 (char 0)
<Response [502]>
severe rain
ERROR
Expecting value: line 1 column 1 (char 0)
<Response [502]>
moderate rain
ERROR
Expecting value: line 1 column 1 (char 0)
<Response [502]>
heavy rain
ERROR
Expecting value: line 1 column 1 (char 0)
<Response [502]>
light rain
ERROR
Expecting value: line 1 column 1 (char 0)
<Response [502]>
buildings
ERROR
Expecting value: line 1 column 1 (char 0)
<Response [502]>
arab
ERROR
Expecting value: line 1 column 1 (char 0)
<Response [502]>
slight
ERROR
Expecting value: line 1 column 1 (char 0)
<Response [502]>
steep
ERROR
Expecting value: line 1 column 1 (char 0)
<Response [502]>
other positions
ERROR
Expecting value: line 1 column 1 (char 0)
<Response [502]>
standard pillow
ERROR
Expecting value: line 1 column 1 (char 0)
<Response [502]>
body pillow
ERROR
Expecting value: line 1 column 1 (char 0)
<Response [502]>
down pillow
ERROR
Expecting value: line 1 column 1 (char 0)
<Response [502]>
complementary colors
ERROR
Expecting value: line 1 column 1 (char 0)
<Response [502]>
analogous colors
ERROR
Expecting value: line 1 column 1 (char 0)
<Response [502]>
ground
ERROR
Expecting value: line 1 column 1 (char 0)
<Response [502]>
bottom
ERROR
Expecting value: line 1 column 1 (char 0)
<Response [502]>
top
ERROR
Expecting value: line 1 column 1 (char 0)
<Response [502]>
truck
ERROR
Expecting value: line 1 column 1 (char 0)
<Response [502]>
sedan
ERROR
Expecting value: line 1 column 1 (char 0)
<Response [502]>
suv
ERROR
Expecting value: line 1 column 1 (char 0)
<Response [502]>
retail store
ERROR
Expecting value: line 1 column 1 (char 0)
<Response [502]>
apartment building
ERROR
Expecting value: line 1 column 1 (char 0)
<Response [502]>
sports stadium
ERROR
Expecting value: line 1 column 1 (char 0)
<Response [502]>
side view
ERROR
Expecting value: line 1 column 1 (char 0)
<Response [502]>
straight on
ERROR
Expecting value: line 1 column 1 (char 0)
<Response [502]>
overhead
ERROR
Expecting value: line 1 column 1 (char 0)
<Response [502]>
spill
ERROR
Expecting value: line 1 column 1 (char 0)
<Response [502]>
fire
ERROR
Expecting value: line 1 column 1 (char 0)
<Response [502]>
hydrant
ERROR
Expecting value: line 1 column 1 (char 0)
<Response [502]>
tail lights
ERROR
Expecting value: line 1 column 1 (char 0)
<Response [502]>
signals
ERROR
Expecting value: line 1 column 1 (char 0)
<Response [502]>
headlights
ERROR
Expecting value: line 1 column 1 (char 0)
<Response [502]>
sydney
ERROR
Expecting value: line 1 column 1 (char 0)
<Response [502]>
new york city
ERROR
Expecting value: line 1 column 1 (char 0)
<Response [502]>
tokyo
ERROR
Expecting value: line 1 column 1 (char 0)
<Response [502]>
london
ERROR
Expecting value: line 1 column 1 (char 0)
<Response [502]>
single bed
ERROR
Expecting value: line 1 column 1 (char 0)
<Response [502]>
double bed
ERROR
Expecting value: line 1 column 1 (char 0)
<Response [502]>
other bed types
ERROR
Expecting value: line 1 column 1 (char 0)
<Response [502]>
king size bed
ERROR
Expecting value: line 1 column 1 (char 0)
<Response [502]>
maine coon
ERROR
Expecting value: line 1 column 1 (char 0)
<Response [502]>
other breeds
ERROR
Expecting value: line 1 column 1 (char 0)
<Response [502]>
siamese
ERROR
Expecting value: line 1 column 1 (char 0)
<Response [502]>
persian
ERROR
Expecting value: line 1 column 1 (char 0)
<Response [502]>
model train
ERROR
Expecting value: line 1 column 1 (char 0)
<Response [502]>
other foods
ERROR
Expecting value: line 1 column 1 (char 0)
<Response [502]>
apple
ERROR
Expecting value: line 1 column 1 (char 0)
<Response [502]>
zoo
ERROR
Expecting value: line 1 column 1 (char 0)
<Response [502]>
other park
ERROR
Expecting value: line 1 column 1 (char 0)
<Response [502]>
animal park
ERROR
Expecting value: line 1 column 1 (char 0)
<Response [502]>
wildlife reserve
ERROR
Expecting value: line 1 column 1 (char 0)
<Response [502]>
nature reserve
ERROR
Expecting value: line 1 column 1 (char 0)
<Response [502]>
zoo enclosure
ERROR
Expecting value: line 1 column 1 (char 0)
<Response [502]>
wildlife sanctuary
ERROR
Expecting value: line 1 column 1 (char 0)
<Response [502]>
thriller
ERROR
Expecting value: line 1 column 1 (char 0)
<Response [502]>
novel
ERROR
Expecting value: line 1 column 1 (char 0)
<Response [502]>
mystery
ERROR
Expecting value: line 1 column 1 (char 0)
<Response [502]>
romance
ERROR
Expecting value: line 1 column 1 (char 0)
<Response [502]>
4-5 bananas
ERROR
Expecting value: line 1 column 1 (char 0)
<Response [502]>
2-3 bananas
ERROR
Expecting value: line 1 column 1 (char 0)
<Response [502]>
1 banana
ERROR
Expecting value: line 1 column 1 (char 0)
<Response [502]>
food
ERROR
Expecting value: line 1 column 1 (char 0)
<Response [502]>
no food
ERROR
Expecting value: line 1 column 1 (char 0)
<Response [502]>
other vegetables
ERROR
Expecting value: line 1 column 1 (char 0)
<Response [502]>
broccoli
ERROR
Expecting value: line 1 column 1 (char 0)
<Response [502]>
green slope
ERROR
Expecting value: line 1 column 1 (char 0)
<Response [502]>
blue slope
ERROR
Expecting value: line 1 column 1 (char 0)
<Response [502]>
black slope
ERROR
Expecting value: line 1 column 1 (char 0)
<Response [502]>
packed snow
ERROR
Expecting value: line 1 column 1 (char 0)
<Response [502]>
powder
ERROR
Expecting value: line 1 column 1 (char 0)
<Response [502]>
fresh snow
ERROR
Expecting value: line 1 column 1 (char 0)
<Response [502]>
casual wear
ERROR
Expecting value: line 1 column 1 (char 0)
<Response [502]>
workout clothes
ERROR
Expecting value: line 1 column 1 (char 0)
<Response [502]>
miami
ERROR
Expecting value: line 1 column 1 (char 0)
<Response [502]>
california
ERROR
Expecting value: line 1 column 1 (char 0)
<Response [502]>
hawaii
ERROR
Expecting value: line 1 column 1 (char 0)
<Response [502]>
hidden
ERROR
Expecting value: line 1 column 1 (char 0)
<Response [502]>
visible
ERROR
Expecting value: line 1 column 1 (char 0)
<Response [502]>
hard court
ERROR
Expecting value: line 1 column 1 (char 0)
<Response [502]>
other animals
ERROR
Expecting value: line 1 column 1 (char 0)
<Response [502]>
sheep
ERROR
Expecting value: line 1 column 1 (char 0)
<Response [502]>
horses
ERROR
Expecting value: line 1 column 1 (char 0)
<Response [502]>
cows
ERROR
Expecting value: line 1 column 1 (char 0)
<Response [502]>
jumbo
ERROR
Expecting value: line 1 column 1 (char 0)
<Response [502]>
abstract
ERROR
Expecting value: line 1 column 1 (char 0)
<Response [502]>
realistic
ERROR
Expecting value: line 1 column 1 (char 0)
<Response [502]>
impressionist
ERROR
Expecting value: line 1 column 1 (char 0)
<Response [502]>
2-5
ERROR
Expecting value: line 1 column 1 (char 0)
<Response [502]>
large hut
ERROR
Expecting value: line 1 column 1 (char 0)
<Response [502]>
small hut
ERROR
Expecting value: line 1 column 1 (char 0)
<Response [502]>
narrow
ERROR
Expecting value: line 1 column 1 (char 0)
<Response [502]>
wide
ERROR
Expecting value: line 1 column 1 (char 0)
<Response [502]>
mountain bike
ERROR
Expecting value: line 1 column 1 (char 0)
<Response [502]>
road bike
ERROR
Expecting value: line 1 column 1 (char 0)
<Response [502]>
tricycle
ERROR
Expecting value: line 1 column 1 (char 0)
<Response [502]>
profile picture
ERROR
Expecting value: line 1 column 1 (char 0)
<Response [502]>
selfie
ERROR
Expecting value: line 1 column 1 (char 0)
<Response [502]>
basket
ERROR
Expecting value: line 1 column 1 (char 0)
<Response [502]>
large cat
ERROR
Expecting value: line 1 column 1 (char 0)
<Response [502]>
small cat
ERROR
Expecting value: line 1 column 1 (char 0)
<Response [502]>
douglas
ERROR
Expecting value: line 1 column 1 (char 0)
<Response [502]>
lockheed
ERROR
Expecting value: line 1 column 1 (char 0)
<Response [502]>
2-way intersection
ERROR
Expecting value: line 1 column 1 (char 0)
<Response [502]>
3-way intersection
ERROR
Expecting value: line 1 column 1 (char 0)
<Response [502]>
4-way intersection
ERROR
Expecting value: line 1 column 1 (char 0)
<Response [502]>
heavy congestion
ERROR
Expecting value: line 1 column 1 (char 0)
<Response [502]>
light congestion
ERROR
Expecting value: line 1 column 1 (char 0)
<Response [502]>
moderate congestion
ERROR
Expecting value: line 1 column 1 (char 0)
<Response [502]>
no congestion
ERROR
Expecting value: line 1 column 1 (char 0)
<Response [502]>
asphalt
ERROR
Expecting value: line 1 column 1 (char 0)
<Response [502]>
dirt
ERROR
Expecting value: line 1 column 1 (char 0)
<Response [502]>
concrete
ERROR
Expecting value: line 1 column 1 (char 0)
<Response [502]>
other road surface
ERROR
Expecting value: line 1 column 1 (char 0)
<Response [502]>
bus
ERROR
Expecting value: line 1 column 1 (char 0)
<Response [502]>
dry
ERROR
Expecting value: line 1 column 1 (char 0)
<Response [502]>
pothole
ERROR
Expecting value: line 1 column 1 (char 0)
<Response [502]>
wet
ERROR
Expecting value: line 1 column 1 (char 0)
<Response [502]>
other lace
ERROR
Expecting value: line 1 column 1 (char 0)
<Response [502]>
bow tie
ERROR
Expecting value: line 1 column 1 (char 0)
<Response [502]>
lace
ERROR
Expecting value: line 1 column 1 (char 0)
<Response [502]>
top view
ERROR
Expecting value: line 1 column 1 (char 0)
<Response [502]>
back view
ERROR
Expecting value: line 1 column 1 (char 0)
<Response [502]>
front view
ERROR
Expecting value: line 1 column 1 (char 0)
<Response [502]>
metal bar
ERROR
Expecting value: line 1 column 1 (char 0)
<Response [502]>
other bar
ERROR
Expecting value: line 1 column 1 (char 0)
<Response [502]>
wooden bar
ERROR
Expecting value: line 1 column 1 (char 0)
<Response [502]>
no street feature
ERROR
Expecting value: line 1 column 1 (char 0)
<Response [502]>
other street feature
ERROR
Expecting value: line 1 column 1 (char 0)
<Response [502]>
forest-lined street
ERROR
Expecting value: line 1 column 1 (char 0)
<Response [502]>
huge
ERROR
Expecting value: line 1 column 1 (char 0)
<Response [502]>
damp
ERROR
Expecting value: line 1 column 1 (char 0)
<Response [502]>
badminton
ERROR
Expecting value: line 1 column 1 (char 0)
<Response [502]>
special event
ERROR
Expecting value: line 1 column 1 (char 0)
<Response [502]>
daily life
ERROR
Expecting value: line 1 column 1 (char 0)
<Response [502]>
book
ERROR
Expecting value: line 1 column 1 (char 0)
<Response [502]>
modern hotel
ERROR
Expecting value: line 1 column 1 (char 0)
<Response [502]>
luxury hotel
ERROR
Expecting value: line 1 column 1 (char 0)
<Response [502]>
volley
ERROR
Expecting value: line 1 column 1 (char 0)
<Response [502]>
ground stroke
ERROR
Expecting value: line 1 column 1 (char 0)
<Response [502]>
tennis ball
ERROR
Expecting value: line 1 column 1 (char 0)
<Response [502]>
real ball
ERROR
Expecting value: line 1 column 1 (char 0)
<Response [502]>
brunch
ERROR
Expecting value: line 1 column 1 (char 0)
<Response [502]>
breakfast
ERROR
Expecting value: line 1 column 1 (char 0)
<Response [502]>
dinner
ERROR
Expecting value: line 1 column 1 (char 0)
<Response [502]>
sport bike
ERROR
Expecting value: line 1 column 1 (char 0)
<Response [502]>
touring bike
ERROR
Expecting value: line 1 column 1 (char 0)
<Response [502]>
racing
ERROR
Expecting value: line 1 column 1 (char 0)
<Response [502]>
riding on a track
ERROR
Expecting value: line 1 column 1 (char 0)
<Response [502]>
riding on public road
ERROR
Expecting value: line 1 column 1 (char 0)
<Response [502]>
country road
ERROR
Expecting value: line 1 column 1 (char 0)
<Response [502]>
in a driveway
ERROR
Expecting value: line 1 column 1 (char 0)
<Response [502]>
in a parking lot
ERROR
Expecting value: line 1 column 1 (char 0)
<Response [502]>
on the street
ERROR
Expecting value: line 1 column 1 (char 0)
<Response [502]>
dirtied
ERROR
Expecting value: line 1 column 1 (char 0)
<Response [502]>
dirty
ERROR
Expecting value: line 1 column 1 (char 0)
<Response [502]>
damaged
ERROR
Expecting value: line 1 column 1 (char 0)
<Response [502]>
new
ERROR
Expecting value: line 1 column 1 (char 0)
<Response [502]>
used
ERROR
Expecting value: line 1 column 1 (char 0)
<Response [502]>
rusty
ERROR
Expecting value: line 1 column 1 (char 0)
<Response [502]>
2020 or newer
ERROR
Expecting value: line 1 column 1 (char 0)
<Response [502]>
older
ERROR
Expecting value: line 1 column 1 (char 0)
<Response [502]>
2000-2009
ERROR
Expecting value: line 1 column 1 (char 0)
<Response [502]>
2010-2019
ERROR
Expecting value: line 1 column 1 (char 0)
<Response [502]>
2020
ERROR
Expecting value: line 1 column 1 (char 0)
<Response [502]>
2018
ERROR
Expecting value: line 1 column 1 (char 0)
<Response [502]>
2017
ERROR
Expecting value: line 1 column 1 (char 0)
<Response [502]>
2019
ERROR
Expecting value: line 1 column 1 (char 0)
<Response [502]>
1980s
ERROR
Expecting value: line 1 column 1 (char 0)
<Response [502]>
1990s
ERROR
Expecting value: line 1 column 1 (char 0)
<Response [502]>
2000s
ERROR
Expecting value: line 1 column 1 (char 0)
<Response [502]>
1970s
ERROR
Expecting value: line 1 column 1 (char 0)
<Response [502]>
2015
ERROR
Expecting value: line 1 column 1 (char 0)
<Response [502]>
2025
ERROR
Expecting value: line 1 column 1 (char 0)
<Response [502]>
2010
ERROR
Expecting value: line 1 column 1 (char 0)
<Response [502]>
suzuki
ERROR
Expecting value: line 1 column 1 (char 0)
<Response [502]>
triumph
ERROR
Expecting value: line 1 column 1 (char 0)
<Response [502]>
kawasaki
ERROR
Expecting value: line 1 column 1 (char 0)
<Response [502]>
harley-davidson
ERROR
Expecting value: line 1 column 1 (char 0)
<Response [502]>
honda
ERROR
Expecting value: line 1 column 1 (char 0)
<Response [502]>
adventure bike
ERROR
Expecting value: line 1 column 1 (char 0)
<Response [502]>
bicycle
ERROR
Expecting value: line 1 column 1 (char 0)
<Response [502]>
motorcycle
ERROR
Expecting value: line 1 column 1 (char 0)
<Response [502]>
two motorcycles
ERROR
Expecting value: line 1 column 1 (char 0)
<Response [502]>
more than two motorcycles
ERROR
Expecting value: line 1 column 1 (char 0)
<Response [502]>
one motorcycle
ERROR
Expecting value: line 1 column 1 (char 0)
<Response [502]>
touring
ERROR
Expecting value: line 1 column 1 (char 0)
<Response [502]>
sport
ERROR
Expecting value: line 1 column 1 (char 0)
<Response [502]>
engine size
ERROR
Expecting value: line 1 column 1 (char 0)
<Response [502]>
color
ERROR
Expecting value: line 1 column 1 (char 0)
<Response [502]>
suspension
ERROR
Expecting value: line 1 column 1 (char 0)
<Response [502]>
brakes
ERROR
Expecting value: line 1 column 1 (char 0)
<Response [502]>
engine
ERROR
Expecting value: line 1 column 1 (char 0)
<Response [502]>
tires
ERROR
Expecting value: line 1 column 1 (char 0)
<Response [502]>
cotton
ERROR
Expecting value: line 1 column 1 (char 0)
<Response [502]>
synthetic
ERROR
Expecting value: line 1 column 1 (char 0)
<Response [502]>
leather
ERROR
Expecting value: line 1 column 1 (char 0)
<Response [502]>
red and black
ERROR
Expecting value: line 1 column 1 (char 0)
<Response [502]>
blue and white
ERROR
Expecting value: line 1 column 1 (char 0)
<Response [502]>
green and yellow
ERROR
Expecting value: line 1 column 1 (char 0)
<Response [502]>
gray and silver
ERROR
Expecting value: line 1 column 1 (char 0)
<Response [502]>
sharp turn
ERROR
Expecting value: line 1 column 1 (char 0)
<Response [502]>
steep turn
ERROR
Expecting value: line 1 column 1 (char 0)
<Response [502]>
mild turn
ERROR
Expecting value: line 1 column 1 (char 0)
<Response [502]>
kitchen utensil
ERROR
Expecting value: line 1 column 1 (char 0)
<Response [502]>
blanket
ERROR
Expecting value: line 1 column 1 (char 0)
<Response [502]>
pillow
ERROR
Expecting value: line 1 column 1 (char 0)
<Response [502]>
electronics
ERROR
Expecting value: line 1 column 1 (char 0)
<Response [502]>
drink
ERROR
Expecting value: line 1 column 1 (char 0)
<Response [502]>
spice
ERROR
Expecting value: line 1 column 1 (char 0)
<Response [502]>
cleaning supply
ERROR
Expecting value: line 1 column 1 (char 0)
<Response [502]>
kitchen gadget
ERROR
Expecting value: line 1 column 1 (char 0)
<Response [502]>
commodity
ERROR
Expecting value: line 1 column 1 (char 0)
<Response [502]>
specialty item
ERROR
Expecting value: line 1 column 1 (char 0)
<Response [502]>
stuffed animal
ERROR
Expecting value: line 1 column 1 (char 0)
<Response [502]>
painting
ERROR
Expecting value: line 1 column 1 (char 0)
<Response [502]>
tan
ERROR
Expecting value: line 1 column 1 (char 0)
<Response [502]>
colored
ERROR
Expecting value: line 1 column 1 (char 0)
<Response [502]>
vanilla
ERROR
Expecting value: line 1 column 1 (char 0)
<Response [502]>
strawberry
ERROR
Expecting value: line 1 column 1 (char 0)
<Response [502]>
chocolate
ERROR
Expecting value: line 1 column 1 (char 0)
<Response [502]>
extremely large
ERROR
Expecting value: line 1 column 1 (char 0)
<Response [502]>
multiple items
ERROR
Expecting value: line 1 column 1 (char 0)
<Response [502]>
single item
ERROR
Expecting value: line 1 column 1 (char 0)
<Response [502]>
tobacco
ERROR
Expecting value: line 1 column 1 (char 0)
<Response [502]>
suitercase
ERROR
Expecting value: line 1 column 1 (char 0)
<Response [502]>
duffel bag
ERROR
Expecting value: line 1 column 1 (char 0)
<Response [502]>
very organized
ERROR
Expecting value: line 1 column 1 (char 0)
<Response [502]>
somewhat organized
ERROR
Expecting value: line 1 column 1 (char 0)
<Response [502]>
glass
ERROR
Expecting value: line 1 column 1 (char 0)
<Response [502]>
plastic
ERROR
Expecting value: line 1 column 1 (char 0)
<Response [502]>
frisbee
ERROR
Expecting value: line 1 column 1 (char 0)
<Response [502]>
shaving cream
ERROR
Expecting value: line 1 column 1 (char 0)
<Response [502]>
shaving brush
ERROR
Expecting value: line 1 column 1 (char 0)
<Response [502]>
shaving razor
ERROR
Expecting value: line 1 column 1 (char 0)
<Response [502]>
other cause
ERROR
Expecting value: line 1 column 1 (char 0)
<Response [502]>
explosion
ERROR
Expecting value: line 1 column 1 (char 0)
<Response [502]>
chair
ERROR
Expecting value: line 1 column 1 (char 0)
<Response [502]>
parking lot
ERROR
Expecting value: line 1 column 1 (char 0)
<Response [502]>
sidewalk
ERROR
Expecting value: line 1 column 1 (char 0)
<Response [502]>
on the wall
ERROR
Expecting value: line 1 column 1 (char 0)
<Response [502]>
on the table
ERROR
Expecting value: line 1 column 1 (char 0)
<Response [502]>
in a house
ERROR
Expecting value: line 1 column 1 (char 0)
<Response [502]>
in a store
ERROR
Expecting value: line 1 column 1 (char 0)
<Response [502]>
roof
ERROR
Expecting value: line 1 column 1 (char 0)
<Response [502]>
tree
ERROR
Expecting value: line 1 column 1 (char 0)
<Response [502]>
on couch
ERROR
Expecting value: line 1 column 1 (char 0)
<Response [502]>
on desk
ERROR
Expecting value: line 1 column 1 (char 0)
<Response [502]>
on floor
ERROR
Expecting value: line 1 column 1 (char 0)
<Response [502]>
on table
ERROR
Expecting value: line 1 column 1 (char 0)
<Response [502]>
desert
ERROR
Expecting value: line 1 column 1 (char 0)
<Response [502]>
desk
ERROR
Expecting value: line 1 column 1 (char 0)
<Response [502]>
under
ERROR
Expecting value: line 1 column 1 (char 0)
<Response [502]>
on top of
ERROR
Expecting value: line 1 column 1 (char 0)
<Response [502]>
beside
ERROR
Expecting value: line 1 column 1 (char 0)
<Response [502]>
on wall
ERROR
Expecting value: line 1 column 1 (char 0)
<Response [502]>
counter
ERROR
Expecting value: line 1 column 1 (char 0)
<Response [502]>
on the sidewalk
ERROR
Expecting value: line 1 column 1 (char 0)
<Response [502]>
in front of a building
ERROR
Expecting value: line 1 column 1 (char 0)
<Response [502]>
shelves
ERROR
Expecting value: line 1 column 1 (char 0)
<Response [502]>
fireplace
ERROR
Expecting value: line 1 column 1 (char 0)
<Response [502]>
mirror
ERROR
Expecting value: line 1 column 1 (char 0)
<Response [502]>
on a table
ERROR
Expecting value: line 1 column 1 (char 0)
<Response [502]>
on a shelf
ERROR
Expecting value: line 1 column 1 (char 0)
<Response [502]>
on a wall
ERROR
Expecting value: line 1 column 1 (char 0)
<Response [502]>
on the side of the tracks
ERROR
Expecting value: line 1 column 1 (char 0)
<Response [502]>
next to charger
ERROR
Expecting value: line 1 column 1 (char 0)
<Response [502]>
next to computer
ERROR
Expecting value: line 1 column 1 (char 0)
<Response [502]>
charging
ERROR
Expecting value: line 1 column 1 (char 0)
<Response [502]>
floating
ERROR
Expecting value: line 1 column 1 (char 0)
<Response [502]>
stationary
ERROR
Expecting value: line 1 column 1 (char 0)
<Response [502]>
pole
ERROR
Expecting value: line 1 column 1 (char 0)
<Response [502]>
fence
ERROR
Expecting value: line 1 column 1 (char 0)
<Response [502]>
firefighting
ERROR
Expecting value: line 1 column 1 (char 0)
<Response [502]>
landmark
ERROR
Expecting value: line 1 column 1 (char 0)
<Response [502]>
traffic control
ERROR
Expecting value: line 1 column 1 (char 0)
<Response [502]>
street furniture
ERROR
Expecting value: line 1 column 1 (char 0)
<Response [502]>
watering
ERROR
Expecting value: line 1 column 1 (char 0)
<Response [502]>
decoration
ERROR
Expecting value: line 1 column 1 (char 0)
<Response [502]>
emergency
ERROR
Expecting value: line 1 column 1 (char 0)
<Response [502]>
food preparation
ERROR
Expecting value: line 1 column 1 (char 0)
<Response [502]>
tool
ERROR
Expecting value: line 1 column 1 (char 0)
<Response [502]>
transportation
ERROR
Expecting value: line 1 column 1 (char 0)
<Response [502]>
protection
ERROR
Expecting value: line 1 column 1 (char 0)
<Response [502]>
cutting
ERROR
Expecting value: line 1 column 1 (char 0)
<Response [502]>
workspace
ERROR
Expecting value: line 1 column 1 (char 0)
<Response [502]>
dining table
ERROR
Expecting value: line 1 column 1 (char 0)
<Response [502]>
fire hydrant
ERROR
Expecting value: line 1 column 1 (char 0)
<Response [502]>
other purpose
ERROR
Expecting value: line 1 column 1 (char 0)
<Response [502]>
trash can
ERROR
Expecting value: line 1 column 1 (char 0)
<Response [502]>
firefighting tool
ERROR
Expecting value: line 1 column 1 (char 0)
<Response [502]>
landscaping
ERROR
Expecting value: line 1 column 1 (char 0)
<Response [502]>
travel
ERROR
Expecting value: line 1 column 1 (char 0)
<Response [502]>
leaves
ERROR
Expecting value: line 1 column 1 (char 0)
<Response [502]>
vegetables
ERROR
Expecting value: line 1 column 1 (char 0)
<Response [502]>
fruits
ERROR
Expecting value: line 1 column 1 (char 0)
<Response [502]>
undamaged
ERROR
Expecting value: line 1 column 1 (char 0)
<Response [502]>
broken
ERROR
Expecting value: line 1 column 1 (char 0)
<Response [502]>
missing
ERROR
Expecting value: line 1 column 1 (char 0)
<Response [502]>
poor condition
ERROR
Expecting value: line 1 column 1 (char 0)
<Response [502]>
good condition
ERROR
Expecting value: line 1 column 1 (char 0)
<Response [502]>
fair condition
ERROR
Expecting value: line 1 column 1 (char 0)
<Response [502]>
mint condition
ERROR
Expecting value: line 1 column 1 (char 0)
<Response [502]>
intact
ERROR
Expecting value: line 1 column 1 (char 0)
<Response [502]>
excellent
ERROR
Expecting value: line 1 column 1 (char 0)
<Response [502]>
good
ERROR
Expecting value: line 1 column 1 (char 0)
<Response [502]>
pedestrian sign
ERROR
Expecting value: line 1 column 1 (char 0)
<Response [502]>
cyclist sign
ERROR
Expecting value: line 1 column 1 (char 0)
<Response [502]>
other road user
ERROR
Expecting value: line 1 column 1 (char 0)
<Response [502]>
pizza place
ERROR
Expecting value: line 1 column 1 (char 0)
<Response [502]>
pizza delivery
ERROR
Expecting value: line 1 column 1 (char 0)
<Response [502]>
pizza box
ERROR
Expecting value: line 1 column 1 (char 0)
<Response [502]>
contemporary
ERROR
Expecting value: line 1 column 1 (char 0)
<Response [502]>
mixed
ERROR
Expecting value: line 1 column 1 (char 0)
<Response [502]>
traditional
ERROR
Expecting value: line 1 column 1 (char 0)
<Response [502]>
complex
ERROR
Expecting value: line 1 column 1 (char 0)
<Response [502]>
simple
ERROR
Expecting value: line 1 column 1 (char 0)
<Response [502]>
colored pages
ERROR
Expecting value: line 1 column 1 (char 0)
<Response [502]>
illustrations
ERROR
Expecting value: line 1 column 1 (char 0)
<Response [502]>
black and white pages
ERROR
Expecting value: line 1 column 1 (char 0)
<Response [502]>
photos
ERROR
Expecting value: line 1 column 1 (char 0)
<Response [502]>
decorative
ERROR
Expecting value: line 1 column 1 (char 0)
<Response [502]>
floral
ERROR
Expecting value: line 1 column 1 (char 0)
<Response [502]>
damage
ERROR
Expecting value: line 1 column 1 (char 0)
<Response [502]>
fading
ERROR
Expecting value: line 1 column 1 (char 0)
<Response [502]>
teddy bear
ERROR
Expecting value: line 1 column 1 (char 0)
<Response [502]>
surprised
ERROR
Expecting value: line 1 column 1 (char 0)
<Response [502]>
snowman
ERROR
Expecting value: line 1 column 1 (char 0)
<Response [502]>
kitchen line
ERROR
Expecting value: line 1 column 1 (char 0)
<Response [502]>
fruit stand
ERROR
Expecting value: line 1 column 1 (char 0)
<Response [502]>
6 or more
ERROR
Expecting value: line 1 column 1 (char 0)
<Response [502]>
cargo
ERROR
Expecting value: line 1 column 1 (char 0)
<Response [502]>
other racket
ERROR
Expecting value: line 1 column 1 (char 0)
<Response [502]>
tennis racket
ERROR
Expecting value: line 1 column 1 (char 0)
<Response [502]>
slanted
ERROR
Expecting value: line 1 column 1 (char 0)
<Response [502]>
antique
ERROR
Expecting value: line 1 column 1 (char 0)
<Response [502]>
non-working
ERROR
Expecting value: line 1 column 1 (char 0)
<Response [502]>
plush toy
ERROR
Expecting value: line 1 column 1 (char 0)
<Response [502]>
quilt
ERROR
Expecting value: line 1 column 1 (char 0)
<Response [502]>
bedspread
ERROR
Expecting value: line 1 column 1 (char 0)
<Response [502]>
hanging
ERROR
Expecting value: line 1 column 1 (char 0)
<Response [502]>
centralized
ERROR
Expecting value: line 1 column 1 (char 0)
<Response [502]>
decentralized
ERROR
Expecting value: line 1 column 1 (char 0)
<Response [502]>
on bat
ERROR
Expecting value: line 1 column 1 (char 0)
<Response [502]>
on base
ERROR
Expecting value: line 1 column 1 (char 0)
<Response [502]>
on ball
ERROR
Expecting value: line 1 column 1 (char 0)
<Response [502]>
behind background
ERROR
Expecting value: line 1 column 1 (char 0)
<Response [502]>
on top of background
ERROR
Expecting value: line 1 column 1 (char 0)
<Response [502]>
in front of background
ERROR
Expecting value: line 1 column 1 (char 0)
<Response [502]>
net
ERROR
Expecting value: line 1 column 1 (char 0)
<Response [502]>
clock
ERROR
Expecting value: line 1 column 1 (char 0)
<Response [502]>
three doors
ERROR
Expecting value: line 1 column 1 (char 0)
<Response [502]>
one door
ERROR
Expecting value: line 1 column 1 (char 0)
<Response [502]>
two doors
ERROR
Expecting value: line 1 column 1 (char 0)
<Response [502]>
front and center
ERROR
Expecting value: line 1 column 1 (char 0)
<Response [502]>
seated
ERROR
Expecting value: line 1 column 1 (char 0)
<Response [502]>
fridge
ERROR
Expecting value: line 1 column 1 (char 0)
<Response [502]>
refrigerator
ERROR
Expecting value: line 1 column 1 (char 0)
<Response [502]>
railroad tracks
ERROR
Expecting value: line 1 column 1 (char 0)
<Response [502]>
mountain peak
ERROR
Expecting value: line 1 column 1 (char 0)
<Response [502]>
snowbank
ERROR
Expecting value: line 1 column 1 (char 0)
<Response [502]>
wheelbarrow
ERROR
Expecting value: line 1 column 1 (char 0)
<Response [502]>
hay
ERROR
Expecting value: line 1 column 1 (char 0)
<Response [502]>
giraffe
ERROR
Expecting value: line 1 column 1 (char 0)
<Response [502]>
bed
ERROR
Expecting value: line 1 column 1 (char 0)
<Response [502]>
board game
ERROR
Expecting value: line 1 column 1 (char 0)
<Response [502]>
action figure
ERROR
Expecting value: line 1 column 1 (char 0)
<Response [502]>
document
ERROR
Expecting value: line 1 column 1 (char 0)
<Response [502]>
single stop sign
ERROR
Expecting value: line 1 column 1 (char 0)
<Response [502]>
multiple stop signs
ERROR
Expecting value: line 1 column 1 (char 0)
<Response [502]>
brand name
ERROR
Expecting value: line 1 column 1 (char 0)
<Response [502]>
nike
ERROR
Expecting value: line 1 column 1 (char 0)
<Response [502]>
chardonnay
ERROR
Expecting value: line 1 column 1 (char 0)
<Response [502]>
cabernet sauvignon
ERROR
Expecting value: line 1 column 1 (char 0)
<Response [502]>
merlot
ERROR
Expecting value: line 1 column 1 (char 0)
<Response [502]>
google
ERROR
Expecting value: line 1 column 1 (char 0)
<Response [502]>
samsung
ERROR
Expecting value: line 1 column 1 (char 0)
<Response [502]>
lemonheads
ERROR
Expecting value: line 1 column 1 (char 0)
<Response [502]>
majesco
ERROR
Expecting value: line 1 column 1 (char 0)
<Response [502]>
multicolored
ERROR
Expecting value: line 1 column 1 (char 0)
<Response [502]>
bright
ERROR
Expecting value: line 1 column 1 (char 0)
<Response [502]>
analogous
ERROR
Expecting value: line 1 column 1 (char 0)
<Response [502]>
cool
ERROR
Expecting value: line 1 column 1 (char 0)
<Response [502]>
complementary
ERROR
Expecting value: line 1 column 1 (char 0)
<Response [502]>
warm
ERROR
Expecting value: line 1 column 1 (char 0)
<Response [502]>
two-tone
ERROR
Expecting value: line 1 column 1 (char 0)
<Response [502]>
multi-color
ERROR
Expecting value: line 1 column 1 (char 0)
<Response [502]>
monochrome
ERROR
Expecting value: line 1 column 1 (char 0)
<Response [502]>
multicolor
ERROR
Expecting value: line 1 column 1 (char 0)
<Response [502]>
other color scheme
ERROR
Expecting value: line 1 column 1 (char 0)
<Response [502]>
multi-colored
ERROR
Expecting value: line 1 column 1 (char 0)
<Response [502]>
vanilla cake
ERROR
Expecting value: line 1 column 1 (char 0)
<Response [502]>
chocolate cake
ERROR
Expecting value: line 1 column 1 (char 0)
<Response [502]>
curled
ERROR
Expecting value: line 1 column 1 (char 0)
<Response [502]>
stretched
ERROR
Expecting value: line 1 column 1 (char 0)
<Response [502]>
computer
ERROR
Expecting value: line 1 column 1 (char 0)
<Response [502]>
paper
ERROR
Expecting value: line 1 column 1 (char 0)
<Response [502]>
plants
ERROR
Expecting value: line 1 column 1 (char 0)
<Response [502]>
other decoration
ERROR
Expecting value: line 1 column 1 (char 0)
<Response [502]>
level
ERROR
Expecting value: line 1 column 1 (char 0)
<Response [502]>
inverted
ERROR
Expecting value: line 1 column 1 (char 0)
<Response [502]>
tilted
ERROR
Expecting value: line 1 column 1 (char 0)
<Response [502]>
dense trees
ERROR
Expecting value: line 1 column 1 (char 0)
<Response [502]>
short trees
ERROR
Expecting value: line 1 column 1 (char 0)
<Response [502]>
tall trees
ERROR
Expecting value: line 1 column 1 (char 0)
<Response [502]>
sparse trees
ERROR
Expecting value: line 1 column 1 (char 0)
<Response [502]>
shrub
ERROR
Expecting value: line 1 column 1 (char 0)
<Response [502]>
bush
ERROR
Expecting value: line 1 column 1 (char 0)
<Response [502]>
bench
ERROR
Expecting value: line 1 column 1 (char 0)
<Response [502]>
flower
ERROR
Expecting value: line 1 column 1 (char 0)
<Response [502]>
couch
ERROR
Expecting value: line 1 column 1 (char 0)
<Response [502]>
cell phone
ERROR
Expecting value: line 1 column 1 (char 0)
<Response [502]>
park bench
ERROR
Expecting value: line 1 column 1 (char 0)
<Response [502]>
other objects
ERROR
Expecting value: line 1 column 1 (char 0)
<Response [502]>
other furniture
ERROR
Expecting value: line 1 column 1 (char 0)
<Response [502]>
tools
ERROR
Expecting value: line 1 column 1 (char 0)
<Response [502]>
lumber
ERROR
Expecting value: line 1 column 1 (char 0)
<Response [502]>
brick
ERROR
Expecting value: line 1 column 1 (char 0)
<Response [502]>
oven
ERROR
Expecting value: line 1 column 1 (char 0)
<Response [502]>
parking meter
ERROR
Expecting value: line 1 column 1 (char 0)
<Response [502]>
single sign
ERROR
Expecting value: line 1 column 1 (char 0)
<Response [502]>
multiple signs
ERROR
Expecting value: line 1 column 1 (char 0)
<Response [502]>
expiration time
ERROR
Expecting value: line 1 column 1 (char 0)
<Response [502]>
parking location
ERROR
Expecting value: line 1 column 1 (char 0)
<Response [502]>
meter number
ERROR
Expecting value: line 1 column 1 (char 0)
<Response [502]>
fine sand
ERROR
Expecting value: line 1 column 1 (char 0)
<Response [502]>
coarse sand
ERROR
Expecting value: line 1 column 1 (char 0)
<Response [502]>
soap
ERROR
Expecting value: line 1 column 1 (char 0)
<Response [502]>
toothbrush
ERROR
Expecting value: line 1 column 1 (char 0)
<Response [502]>
no light source
ERROR
Expecting value: line 1 column 1 (char 0)
<Response [502]>
phone light
ERROR
Expecting value: line 1 column 1 (char 0)
<Response [502]>
laptop light
ERROR
Expecting value: line 1 column 1 (char 0)
<Response [502]>
tablet light
ERROR
Expecting value: line 1 column 1 (char 0)
<Response [502]>
other light source
ERROR
Expecting value: line 1 column 1 (char 0)
<Response [502]>
completely decayed
ERROR
Expecting value: line 1 column 1 (char 0)
<Response [502]>
severely rotting
ERROR
Expecting value: line 1 column 1 (char 0)
<Response [502]>
moderately rotting
ERROR
Expecting value: line 1 column 1 (char 0)
<Response [502]>
fresh
ERROR
Expecting value: line 1 column 1 (char 0)
<Response [502]>
saw
ERROR
Expecting value: line 1 column 1 (char 0)
<Response [502]>
axe
ERROR
Expecting value: line 1 column 1 (char 0)
<Response [502]>
drill
ERROR
Expecting value: line 1 column 1 (char 0)
<Response [502]>
chisel
ERROR
Expecting value: line 1 column 1 (char 0)
<Response [502]>
artificial animal
ERROR
Expecting value: line 1 column 1 (char 0)
<Response [502]>
directly below
ERROR
Expecting value: line 1 column 1 (char 0)
<Response [502]>
east
ERROR
Expecting value: line 1 column 1 (char 0)
<Response [502]>
north
ERROR
Expecting value: line 1 column 1 (char 0)
<Response [502]>
west
ERROR
Expecting value: line 1 column 1 (char 0)
<Response [502]>
south
ERROR
Expecting value: line 1 column 1 (char 0)
<Response [502]>
glass table
ERROR
Expecting value: line 1 column 1 (char 0)
<Response [502]>
metal table
ERROR
Expecting value: line 1 column 1 (char 0)
<Response [502]>
wooden table
ERROR
Expecting value: line 1 column 1 (char 0)
<Response [502]>
cd player
ERROR
Expecting value: line 1 column 1 (char 0)
<Response [502]>
digital jukebox
ERROR
Expecting value: line 1 column 1 (char 0)
<Response [502]>
vinyl record player
ERROR
Expecting value: line 1 column 1 (char 0)
<Response [502]>
grill
ERROR
Expecting value: line 1 column 1 (char 0)
<Response [502]>
hot dog bun
ERROR
Expecting value: line 1 column 1 (char 0)
<Response [502]>
fruit
ERROR
Expecting value: line 1 column 1 (char 0)
<Response [502]>
small wave
ERROR
Expecting value: line 1 column 1 (char 0)
<Response [502]>
large wave
ERROR
Expecting value: line 1 column 1 (char 0)
<Response [502]>
medium wave
ERROR
Expecting value: line 1 column 1 (char 0)
<Response [502]>
other water body
ERROR
Expecting value: line 1 column 1 (char 0)
<Response [502]>
aluminum bat
ERROR
Expecting value: line 1 column 1 (char 0)
<Response [502]>
synthetic bat
ERROR
Expecting value: line 1 column 1 (char 0)
<Response [502]>
wooden bat
ERROR
Expecting value: line 1 column 1 (char 0)
<Response [502]>
lamp
ERROR
Expecting value: line 1 column 1 (char 0)
<Response [502]>
fluorescent light
ERROR
Expecting value: line 1 column 1 (char 0)
<Response [502]>
glass desk
ERROR
Expecting value: line 1 column 1 (char 0)
<Response [502]>
metal desk
ERROR
Expecting value: line 1 column 1 (char 0)
<Response [502]>
wooden desk
ERROR
Expecting value: line 1 column 1 (char 0)
<Response [502]>
grey
ERROR
Expecting value: line 1 column 1 (char 0)
<Response [502]>
whole wheat
ERROR
Expecting value: line 1 column 1 (char 0)
<Response [502]>
rye
ERROR
Expecting value: line 1 column 1 (char 0)
<Response [502]>
other beverage bottle
ERROR
Expecting value: line 1 column 1 (char 0)
<Response [502]>
no bottle
ERROR
Expecting value: line 1 column 1 (char 0)
<Response [502]>
wine bottle
ERROR
Expecting value: line 1 column 1 (char 0)
<Response [502]>
purple
ERROR
Expecting value: line 1 column 1 (char 0)
<Response [502]>
round nose
ERROR
Expecting value: line 1 column 1 (char 0)
<Response [502]>
other nose shape
ERROR
Expecting value: line 1 column 1 (char 0)
<Response [502]>
square nose
ERROR
Expecting value: line 1 column 1 (char 0)
<Response [502]>
pan
ERROR
Expecting value: line 1 column 1 (char 0)
<Response [502]>
pot
ERROR
Expecting value: line 1 column 1 (char 0)
<Response [502]>
mixer
ERROR
Expecting value: line 1 column 1 (char 0)
<Response [502]>
stove
ERROR
Expecting value: line 1 column 1 (char 0)
<Response [502]>
wicker
ERROR
Expecting value: line 1 column 1 (char 0)
<Response [502]>
large bush
ERROR
Expecting value: line 1 column 1 (char 0)
<Response [502]>
green bush
ERROR
Expecting value: line 1 column 1 (char 0)
<Response [502]>
small bush
ERROR
Expecting value: line 1 column 1 (char 0)
<Response [502]>
elevated platform
ERROR
Expecting value: line 1 column 1 (char 0)
<Response [502]>
concrete fence
ERROR
Expecting value: line 1 column 1 (char 0)
<Response [502]>
banana
ERROR
Expecting value: line 1 column 1 (char 0)
<Response [502]>
wheelchair
ERROR
Expecting value: line 1 column 1 (char 0)
<Response [502]>
oxygen mask
ERROR
Expecting value: line 1 column 1 (char 0)
<Response [502]>
iv
ERROR
Expecting value: line 1 column 1 (char 0)
<Response [502]>
real race car
ERROR
Expecting value: line 1 column 1 (char 0)
<Response [502]>
toy race car
ERROR
Expecting value: line 1 column 1 (char 0)
<Response [502]>
large hill
ERROR
Expecting value: line 1 column 1 (char 0)
<Response [502]>
small hill
ERROR
Expecting value: line 1 column 1 (char 0)
<Response [502]>
medium hill
ERROR
Expecting value: line 1 column 1 (char 0)
<Response [502]>
pie
ERROR
Expecting value: line 1 column 1 (char 0)
<Response [502]>
cake
ERROR
Expecting value: line 1 column 1 (char 0)
<Response [502]>
cookies
ERROR
Expecting value: line 1 column 1 (char 0)
<Response [502]>
short handles
ERROR
Expecting value: line 1 column 1 (char 0)
<Response [502]>
long handles
ERROR
Expecting value: line 1 column 1 (char 0)
<Response [502]>
taking off
ERROR
Expecting value: line 1 column 1 (char 0)
<Response [502]>
landing
ERROR
Expecting value: line 1 column 1 (char 0)
<Response [502]>
juice
ERROR
Expecting value: line 1 column 1 (char 0)
<Response [502]>
fuselage
ERROR
Expecting value: line 1 column 1 (char 0)
<Response [502]>
winglet
ERROR
Expecting value: line 1 column 1 (char 0)
<Response [502]>
tail
ERROR
Expecting value: line 1 column 1 (char 0)
<Response [502]>
papers
ERROR
Expecting value: line 1 column 1 (char 0)
<Response [502]>
other clutter
ERROR
Expecting value: line 1 column 1 (char 0)
<Response [502]>
computer equipment
ERROR
Expecting value: line 1 column 1 (char 0)
<Response [502]>
futon
ERROR
Expecting value: line 1 column 1 (char 0)
<Response [502]>
mattress
ERROR
Expecting value: line 1 column 1 (char 0)
<Response [502]>
platform bed
ERROR
Expecting value: line 1 column 1 (char 0)
<Response [502]>
ban
ERROR
Expecting value: line 1 column 1 (char 0)
<Response [502]>
sticks
ERROR
Expecting value: line 1 column 1 (char 0)
<Response [502]>
other object
ERROR
Expecting value: line 1 column 1 (char 0)
<Response [502]>
torn
ERROR
Expecting value: line 1 column 1 (char 0)
<Response [502]>
grocery
ERROR
Expecting value: line 1 column 1 (char 0)
<Response [502]>
copper
ERROR
Expecting value: line 1 column 1 (char 0)
<Response [502]>
steel
ERROR
Expecting value: line 1 column 1 (char 0)
<Response [502]>
aluminum
ERROR
Expecting value: line 1 column 1 (char 0)
<Response [502]>
uppercase
ERROR
Expecting value: line 1 column 1 (char 0)
<Response [502]>
lowercase
ERROR
Expecting value: line 1 column 1 (char 0)
<Response [502]>
wood
ERROR
Expecting value: line 1 column 1 (char 0)
<Response [502]>
graffiti
ERROR
Expecting value: line 1 column 1 (char 0)
<Response [502]>
bookshelf
ERROR
Expecting value: line 1 column 1 (char 0)
<Response [502]>
plant
ERROR
Expecting value: line 1 column 1 (char 0)
<Response [502]>
wooden steps
ERROR
Expecting value: line 1 column 1 (char 0)
<Response [502]>
crate
ERROR
Expecting value: line 1 column 1 (char 0)
<Response [502]>
clock tower
ERROR
Expecting value: line 1 column 1 (char 0)
<Response [502]>
wooden deck
ERROR
Expecting value: line 1 column 1 (char 0)
<Response [502]>
other deck material
ERROR
Expecting value: line 1 column 1 (char 0)
<Response [502]>
metal deck
ERROR
Expecting value: line 1 column 1 (char 0)
<Response [502]>
domestic shorthair
ERROR
Expecting value: line 1 column 1 (char 0)
<Response [502]>
other breed
ERROR
Expecting value: line 1 column 1 (char 0)
<Response [502]>
traffic signal
ERROR
Expecting value: line 1 column 1 (char 0)
<Response [502]>
other road sign
ERROR
Expecting value: line 1 column 1 (char 0)
<Response [502]>
multiple raindrops
ERROR
Expecting value: line 1 column 1 (char 0)
<Response [502]>
single raindrop
ERROR
Expecting value: line 1 column 1 (char 0)
<Response [502]>
open umbrella
ERROR
Expecting value: line 1 column 1 (char 0)
<Response [502]>
closed umbrella
ERROR
Expecting value: line 1 column 1 (char 0)
<Response [502]>
stick
ERROR
Expecting value: line 1 column 1 (char 0)
<Response [502]>
tall building
ERROR
Expecting value: line 1 column 1 (char 0)
<Response [502]>
medium-sized building
ERROR
Expecting value: line 1 column 1 (char 0)
<Response [502]>
short building
ERROR
Expecting value: line 1 column 1 (char 0)
<Response [502]>
baseball glove
ERROR
Expecting value: line 1 column 1 (char 0)
<Response [502]>
baseball bat
ERROR
Expecting value: line 1 column 1 (char 0)
<Response [502]>
catchers mitt
ERROR
Expecting value: line 1 column 1 (char 0)
<Response [502]>
baseball jersey
ERROR
Expecting value: line 1 column 1 (char 0)
<Response [502]>
dust
ERROR
Expecting value: line 1 column 1 (char 0)
<Response [502]>
sign
ERROR
Expecting value: line 1 column 1 (char 0)
<Response [502]>
freshly fallen
ERROR
Expecting value: line 1 column 1 (char 0)
<Response [502]>
packed
ERROR
Expecting value: line 1 column 1 (char 0)
<Response [502]>
snowfall
ERROR
Expecting value: line 1 column 1 (char 0)
<Response [502]>
snowcover
ERROR
Expecting value: line 1 column 1 (char 0)
<Response [502]>
racketball racket
ERROR
Expecting value: line 1 column 1 (char 0)
<Response [502]>
badminton racket
ERROR
Expecting value: line 1 column 1 (char 0)
<Response [502]>
squash racket
ERROR
Expecting value: line 1 column 1 (char 0)
<Response [502]>
stone wall
ERROR
Expecting value: line 1 column 1 (char 0)
<Response [502]>
wooden wall
ERROR
Expecting value: line 1 column 1 (char 0)
<Response [502]>
book series
ERROR
Expecting value: line 1 column 1 (char 0)
<Response [502]>
standalone book
ERROR
Expecting value: line 1 column 1 (char 0)
<Response [502]>
classic book
ERROR
Expecting value: line 1 column 1 (char 0)
<Response [502]>
toothpaste
ERROR
Expecting value: line 1 column 1 (char 0)
<Response [502]>
controller
ERROR
Expecting value: line 1 column 1 (char 0)
<Response [502]>
joystick
ERROR
Expecting value: line 1 column 1 (char 0)
<Response [502]>
mast
ERROR
Expecting value: line 1 column 1 (char 0)
<Response [502]>
rope
ERROR
Expecting value: line 1 column 1 (char 0)
<Response [502]>
sail
ERROR
Expecting value: line 1 column 1 (char 0)
<Response [502]>
night
ERROR
Expecting value: line 1 column 1 (char 0)
<Response [502]>
evening
ERROR
Expecting value: line 1 column 1 (char 0)
<Response [502]>
morning
ERROR
Expecting value: line 1 column 1 (char 0)
<Response [502]>
afternoon
ERROR
Expecting value: line 1 column 1 (char 0)
<Response [502]>
freshly baked
ERROR
Expecting value: line 1 column 1 (char 0)
<Response [502]>
cold
ERROR
Expecting value: line 1 column 1 (char 0)
<Response [502]>
glowing
ERROR
Expecting value: line 1 column 1 (char 0)
<Response [502]>
mesh fence
ERROR
Expecting value: line 1 column 1 (char 0)
<Response [502]>
door
ERROR
Expecting value: line 1 column 1 (char 0)
<Response [502]>
medicine
ERROR
Expecting value: line 1 column 1 (char 0)
<Response [502]>
handheld
ERROR
Expecting value: line 1 column 1 (char 0)
<Response [502]>
white wine glass
ERROR
Expecting value: line 1 column 1 (char 0)
<Response [502]>
red wine glass
ERROR
Expecting value: line 1 column 1 (char 0)
<Response [502]>
cupboard
ERROR
Expecting value: line 1 column 1 (char 0)
<Response [502]>
sink
ERROR
Expecting value: line 1 column 1 (char 0)
<Response [502]>
beige
ERROR
Expecting value: line 1 column 1 (char 0)
<Response [502]>
inanimate object
ERROR
Expecting value: line 1 column 1 (char 0)
<Response [502]>
other animal
ERROR
Expecting value: line 1 column 1 (char 0)
<Response [502]>
inflatable
ERROR
Expecting value: line 1 column 1 (char 0)
<Response [502]>
flotation device
ERROR
Expecting value: line 1 column 1 (char 0)
<Response [502]>
ramp
ERROR
Expecting value: line 1 column 1 (char 0)
<Response [502]>
bed frame
ERROR
Expecting value: line 1 column 1 (char 0)
<Response [502]>
television frame
ERROR
Expecting value: line 1 column 1 (char 0)
<Response [502]>
desk frame
ERROR
Expecting value: line 1 column 1 (char 0)
<Response [502]>
still life
ERROR
Expecting value: line 1 column 1 (char 0)
<Response [502]>
nintendo wii console
ERROR
Expecting value: line 1 column 1 (char 0)
<Response [502]>
game controller
ERROR
Expecting value: line 1 column 1 (char 0)
<Response [502]>
kite
ERROR
Expecting value: line 1 column 1 (char 0)
<Response [502]>
pc
ERROR
Expecting value: line 1 column 1 (char 0)
<Response [502]>
mac
ERROR
Expecting value: line 1 column 1 (char 0)
<Response [502]>
report
ERROR
Expecting value: line 1 column 1 (char 0)
<Response [502]>
high value
ERROR
Expecting value: line 1 column 1 (char 0)
<Response [502]>
medium value
ERROR
Expecting value: line 1 column 1 (char 0)
<Response [502]>
low value
ERROR
Expecting value: line 1 column 1 (char 0)
<Response [502]>
entertainment
ERROR
Expecting value: line 1 column 1 (char 0)
<Response [502]>
sports
ERROR
Expecting value: line 1 column 1 (char 0)
<Response [502]>
tidy
ERROR
Expecting value: line 1 column 1 (char 0)
<Response [502]>
extra large
ERROR
Expecting value: line 1 column 1 (char 0)
<Response [502]>
tent
ERROR
Expecting value: line 1 column 1 (char 0)
<Response [502]>
cot
ERROR
Expecting value: line 1 column 1 (char 0)
<Response [502]>
silicone
ERROR
Expecting value: line 1 column 1 (char 0)
<Response [502]>
stainless steel
ERROR
Expecting value: line 1 column 1 (char 0)
<Response [502]>
moderately cluttered
ERROR
Expecting value: line 1 column 1 (char 0)
<Response [502]>
very cluttered
ERROR
Expecting value: line 1 column 1 (char 0)
<Response [502]>
other skateboard
ERROR
Expecting value: line 1 column 1 (char 0)
<Response [502]>
longboard
ERROR
Expecting value: line 1 column 1 (char 0)
<Response [502]>
chairs
ERROR
Expecting value: line 1 column 1 (char 0)
<Response [502]>
down
ERROR
Expecting value: line 1 column 1 (char 0)
<Response [502]>
horizontal
ERROR
Expecting value: line 1 column 1 (char 0)
<Response [502]>
up
ERROR
Expecting value: line 1 column 1 (char 0)
<Response [502]>
flea market item
ERROR
Expecting value: line 1 column 1 (char 0)
<Response [502]>
strange object
ERROR
Expecting value: line 1 column 1 (char 0)
<Response [502]>
everyday object
ERROR
Expecting value: line 1 column 1 (char 0)
<Response [502]>
wall graffiti
ERROR
Expecting value: line 1 column 1 (char 0)
<Response [502]>
cow horns
ERROR
Expecting value: line 1 column 1 (char 0)
<Response [502]>
clothing item
ERROR
Expecting value: line 1 column 1 (char 0)
<Response [502]>
1990-2000
ERROR
Expecting value: line 1 column 1 (char 0)
<Response [502]>
1950-1970
ERROR
Expecting value: line 1 column 1 (char 0)
<Response [502]>
after 2000
ERROR
Expecting value: line 1 column 1 (char 0)
<Response [502]>
before 1950
ERROR
Expecting value: line 1 column 1 (char 0)
<Response [502]>
1970-1990
ERROR
Expecting value: line 1 column 1 (char 0)
<Response [502]>
optical
ERROR
Expecting value: line 1 column 1 (char 0)
<Response [502]>
wireless
ERROR
Expecting value: line 1 column 1 (char 0)
<Response [502]>
wired
ERROR
Expecting value: line 1 column 1 (char 0)
<Response [502]>
shellfish
ERROR
Expecting value: line 1 column 1 (char 0)
<Response [502]>
crustacean
ERROR
Expecting value: line 1 column 1 (char 0)
<Response [502]>
other seafood
ERROR
Expecting value: line 1 column 1 (char 0)
<Response [502]>
fish
ERROR
Expecting value: line 1 column 1 (char 0)
<Response [502]>
stable
ERROR
Expecting value: line 1 column 1 (char 0)
<Response [502]>
umbrella stand
ERROR
Expecting value: line 1 column 1 (char 0)
<Response [502]>
falling endlessly
ERROR
Expecting value: line 1 column 1 (char 0)
<Response [502]>
saddles
ERROR
Expecting value: line 1 column 1 (char 0)
<Response [502]>
bags
ERROR
Expecting value: line 1 column 1 (char 0)
<Response [502]>
cyclic
ERROR
Expecting value: line 1 column 1 (char 0)
<Response [502]>
random
ERROR
Expecting value: line 1 column 1 (char 0)
<Response [502]>
other arrangement
ERROR
Expecting value: line 1 column 1 (char 0)
<Response [502]>
randomly arranged
ERROR
Expecting value: line 1 column 1 (char 0)
<Response [502]>
daisies
ERROR
Expecting value: line 1 column 1 (char 0)
<Response [502]>
other flowers
ERROR
Expecting value: line 1 column 1 (char 0)
<Response [502]>
tulips
ERROR
Expecting value: line 1 column 1 (char 0)
<Response [502]>
roses
ERROR
Expecting value: line 1 column 1 (char 0)
<Response [502]>
beef hot dog
ERROR
Expecting value: line 1 column 1 (char 0)
<Response [502]>
vegetarian hot dog
ERROR
Expecting value: line 1 column 1 (char 0)
<Response [502]>
chicken hot dog
ERROR
Expecting value: line 1 column 1 (char 0)
<Response [502]>
bay
ERROR
Expecting value: line 1 column 1 (char 0)
<Response [502]>
writing
ERROR
Expecting value: line 1 column 1 (char 0)
<Response [502]>
letter
ERROR
Expecting value: line 1 column 1 (char 0)
<Response [502]>
shape
ERROR
Expecting value: line 1 column 1 (char 0)
<Response [502]>
picture frame
ERROR
Expecting value: line 1 column 1 (char 0)
<Response [502]>
2013
ERROR
Expecting value: line 1 column 1 (char 0)
<Response [502]>
2006
ERROR
Expecting value: line 1 column 1 (char 0)
<Response [502]>
2016
ERROR
Expecting value: line 1 column 1 (char 0)
<Response [502]>
off
ERROR
Expecting value: line 1 column 1 (char 0)
<Response [502]>
on
ERROR
Expecting value: line 1 column 1 (char 0)
<Response [502]>
moderate number of tools
ERROR
Expecting value: line 1 column 1 (char 0)
<Response [502]>
many tools
ERROR
Expecting value: line 1 column 1 (char 0)
<Response [502]>
few tools
ERROR
Expecting value: line 1 column 1 (char 0)
<Response [502]>
crib
ERROR
Expecting value: line 1 column 1 (char 0)
<Response [502]>
dive
ERROR
Expecting value: line 1 column 1 (char 0)
<Response [502]>
level flight
ERROR
Expecting value: line 1 column 1 (char 0)
<Response [502]>
climb
ERROR
Expecting value: line 1 column 1 (char 0)
<Response [502]>
microwave
ERROR
Expecting value: line 1 column 1 (char 0)
<Response [502]>
electric
ERROR
Expecting value: line 1 column 1 (char 0)
<Response [502]>
gas
ERROR
Expecting value: line 1 column 1 (char 0)
<Response [502]>
hot
ERROR
Expecting value: line 1 column 1 (char 0)
<Response [502]>
medium heat
ERROR
Expecting value: line 1 column 1 (char 0)
<Response [502]>
high heat
ERROR
Expecting value: line 1 column 1 (char 0)
<Response [502]>
low heat
ERROR
Expecting value: line 1 column 1 (char 0)
<Response [502]>
medium temperature
ERROR
Expecting value: line 1 column 1 (char 0)
<Response [502]>
low temperature
ERROR
Expecting value: line 1 column 1 (char 0)
<Response [502]>
high temperature
ERROR
Expecting value: line 1 column 1 (char 0)
<Response [502]>
newborn
ERROR
Expecting value: line 1 column 1 (char 0)
<Response [502]>
collectible
ERROR
Expecting value: line 1 column 1 (char 0)
<Response [502]>
plush
ERROR
Expecting value: line 1 column 1 (char 0)
<Response [502]>
stuffed
ERROR
Expecting value: line 1 column 1 (char 0)
<Response [502]>
worn
ERROR
Expecting value: line 1 column 1 (char 0)
<Response [502]>
fake sheep
ERROR
Expecting value: line 1 column 1 (char 0)
<Response [502]>
stuffed sheep
ERROR
Expecting value: line 1 column 1 (char 0)
<Response [502]>
real sheep
ERROR
Expecting value: line 1 column 1 (char 0)
<Response [502]>
ewe
ERROR
Expecting value: line 1 column 1 (char 0)
<Response [502]>
lamb
ERROR
Expecting value: line 1 column 1 (char 0)
<Response [502]>
ram
ERROR
Expecting value: line 1 column 1 (char 0)
<Response [502]>
baaing
ERROR
Expecting value: line 1 column 1 (char 0)
<Response [502]>
grazing
ERROR
Expecting value: line 1 column 1 (char 0)
<Response [502]>
other color
ERROR
Expecting value: line 1 column 1 (char 0)
<Response [502]>
other movement
ERROR
Expecting value: line 1 column 1 (char 0)
<Response [502]>
barn
ERROR
Expecting value: line 1 column 1 (char 0)
<Response [502]>
neutered
ERROR
Expecting value: line 1 column 1 (char 0)
<Response [502]>
neuter
ERROR
Expecting value: line 1 column 1 (char 0)
<Response [502]>
other herd
ERROR
Expecting value: line 1 column 1 (char 0)
<Response [502]>
herd
ERROR
Expecting value: line 1 column 1 (char 0)
<Response [502]>
flock
ERROR
Expecting value: line 1 column 1 (char 0)
<Response [502]>
senior
ERROR
Expecting value: line 1 column 1 (char 0)
<Response [502]>
puppy
ERROR
Expecting value: line 1 column 1 (char 0)
<Response [502]>
poodle
ERROR
Expecting value: line 1 column 1 (char 0)
<Response [502]>
golden retriever
ERROR
Expecting value: line 1 column 1 (char 0)
<Response [502]>
labrador retriever
ERROR
Expecting value: line 1 column 1 (char 0)
<Response [502]>
other eye condition
ERROR
Expecting value: line 1 column 1 (char 0)
<Response [502]>
eye trauma
ERROR
Expecting value: line 1 column 1 (char 0)
<Response [502]>
eye irritation
ERROR
Expecting value: line 1 column 1 (char 0)
<Response [502]>
eye infection
ERROR
Expecting value: line 1 column 1 (char 0)
<Response [502]>
small breed
ERROR
Expecting value: line 1 column 1 (char 0)
<Response [502]>
large breed
ERROR
Expecting value: line 1 column 1 (char 0)
<Response [502]>
medium breed
ERROR
Expecting value: line 1 column 1 (char 0)
<Response [502]>
german shepherd
ERROR
Expecting value: line 1 column 1 (char 0)
<Response [502]>
beagle
ERROR
Expecting value: line 1 column 1 (char 0)
<Response [502]>
chihuahua
ERROR
Expecting value: line 1 column 1 (char 0)
<Response [502]>
wire hair
ERROR
Expecting value: line 1 column 1 (char 0)
<Response [502]>
play-fighting
ERROR
Expecting value: line 1 column 1 (char 0)
<Response [502]>
wrestling
ERROR
Expecting value: line 1 column 1 (char 0)
<Response [502]>
chasing
ERROR
Expecting value: line 1 column 1 (char 0)
<Response [502]>
barking
ERROR
Expecting value: line 1 column 1 (char 0)
<Response [502]>
wagging tail
ERROR
Expecting value: line 1 column 1 (char 0)
<Response [502]>
on a bed
ERROR
Expecting value: line 1 column 1 (char 0)
<Response [502]>
in a kennel
ERROR
Expecting value: line 1 column 1 (char 0)
<Response [502]>
on a leash
ERROR
Expecting value: line 1 column 1 (char 0)
<Response [502]>
on a couch
ERROR
Expecting value: line 1 column 1 (char 0)
<Response [502]>
on a blanket
ERROR
Expecting value: line 1 column 1 (char 0)
<Response [502]>
on bed
ERROR
Expecting value: line 1 column 1 (char 0)
<Response [502]>
spayed
ERROR
Expecting value: line 1 column 1 (char 0)
<Response [502]>
spotted
ERROR
Expecting value: line 1 column 1 (char 0)
<Response [502]>
solid color
ERROR
Expecting value: line 1 column 1 (char 0)
<Response [502]>
striped
ERROR
Expecting value: line 1 column 1 (char 0)
<Response [502]>
handler
ERROR
Expecting value: line 1 column 1 (char 0)
<Response [502]>
erect
ERROR
Expecting value: line 1 column 1 (char 0)
<Response [502]>
flapping
ERROR
Expecting value: line 1 column 1 (char 0)
<Response [502]>
folded
ERROR
Expecting value: line 1 column 1 (char 0)
<Response [502]>
harness
ERROR
Expecting value: line 1 column 1 (char 0)
<Response [502]>
no attire
ERROR
Expecting value: line 1 column 1 (char 0)
<Response [502]>
tug toy
ERROR
Expecting value: line 1 column 1 (char 0)
<Response [502]>
sassy
ERROR
Expecting value: line 1 column 1 (char 0)
<Response [502]>
dalmatian
ERROR
Expecting value: line 1 column 1 (char 0)
<Response [502]>
working dog
ERROR
Expecting value: line 1 column 1 (char 0)
<Response [502]>
service dog
ERROR
Expecting value: line 1 column 1 (char 0)
<Response [502]>
chow chow
ERROR
Expecting value: line 1 column 1 (char 0)
<Response [502]>
santa hat
ERROR
Expecting value: line 1 column 1 (char 0)
<Response [502]>
stocky
ERROR
Expecting value: line 1 column 1 (char 0)
<Response [502]>
muscular
ERROR
Expecting value: line 1 column 1 (char 0)
<Response [502]>
back seat
ERROR
Expecting value: line 1 column 1 (char 0)
<Response [502]>
front seat
ERROR
Expecting value: line 1 column 1 (char 0)
<Response [502]>
booster
ERROR
Expecting value: line 1 column 1 (char 0)
<Response [502]>
convertible
ERROR
Expecting value: line 1 column 1 (char 0)
<Response [502]>
back window
ERROR
Expecting value: line 1 column 1 (char 0)
<Response [502]>
front window
ERROR
Expecting value: line 1 column 1 (char 0)
<Response [502]>
paved
ERROR
Expecting value: line 1 column 1 (char 0)
<Response [502]>
rocky
ERROR
Expecting value: line 1 column 1 (char 0)
<Response [502]>
unpaved
ERROR
Expecting value: line 1 column 1 (char 0)
<Response [502]>
under construction
ERROR
Expecting value: line 1 column 1 (char 0)
<Response [502]>
rough
ERROR
Expecting value: line 1 column 1 (char 0)
<Response [502]>
speed limit sign
ERROR
Expecting value: line 1 column 1 (char 0)
<Response [502]>
road work sign
ERROR
Expecting value: line 1 column 1 (char 0)
<Response [502]>
side street
ERROR
Expecting value: line 1 column 1 (char 0)
<Response [502]>
main street
ERROR
Expecting value: line 1 column 1 (char 0)
<Response [502]>
main road
ERROR
Expecting value: line 1 column 1 (char 0)
<Response [502]>
side road
ERROR
Expecting value: line 1 column 1 (char 0)
<Response [502]>
alley
ERROR
Expecting value: line 1 column 1 (char 0)
<Response [502]>
dirt road
ERROR
Expecting value: line 1 column 1 (char 0)
<Response [502]>
paved road
ERROR
Expecting value: line 1 column 1 (char 0)
<Response [502]>
muddy road
ERROR
Expecting value: line 1 column 1 (char 0)
<Response [502]>
commercial
ERROR
Expecting value: line 1 column 1 (char 0)
<Response [502]>
residential
ERROR
Expecting value: line 1 column 1 (char 0)
<Response [502]>
go sign
ERROR
Expecting value: line 1 column 1 (char 0)
<Response [502]>
yield sign
ERROR
Expecting value: line 1 column 1 (char 0)
<Response [502]>
heavy traffic
ERROR
Expecting value: line 1 column 1 (char 0)
<Response [502]>
congested
ERROR
Expecting value: line 1 column 1 (char 0)
<Response [502]>
light traffic
ERROR
Expecting value: line 1 column 1 (char 0)
<Response [502]>
empty
ERROR
Expecting value: line 1 column 1 (char 0)
<Response [502]>
low traffic
ERROR
Expecting value: line 1 column 1 (char 0)
<Response [502]>
medium traffic
ERROR
Expecting value: line 1 column 1 (char 0)
<Response [502]>
high traffic
ERROR
Expecting value: line 1 column 1 (char 0)
<Response [502]>
intersection
ERROR
Expecting value: line 1 column 1 (char 0)
<Response [502]>
traffic light
ERROR
Expecting value: line 1 column 1 (char 0)
<Response [502]>
crosswalk
ERROR
Expecting value: line 1 column 1 (char 0)
<Response [502]>
mountainous
ERROR
Expecting value: line 1 column 1 (char 0)
<Response [502]>
mild curve
ERROR
Expecting value: line 1 column 1 (char 0)
<Response [502]>
steep curve
ERROR
Expecting value: line 1 column 1 (char 0)
<Response [502]>
other road
ERROR
Expecting value: line 1 column 1 (char 0)
<Response [502]>
pine street
ERROR
Expecting value: line 1 column 1 (char 0)
<Response [502]>
left turn
ERROR
Expecting value: line 1 column 1 (char 0)
<Response [502]>
right turn
ERROR
Expecting value: line 1 column 1 (char 0)
<Response [502]>
icy
ERROR
Expecting value: line 1 column 1 (char 0)
<Response [502]>
clear
ERROR
Expecting value: line 1 column 1 (char 0)
<Response [502]>
meadow
ERROR
Expecting value: line 1 column 1 (char 0)
<Response [502]>
wildlife
ERROR
Expecting value: line 1 column 1 (char 0)
<Response [502]>
aerial view
ERROR
Expecting value: line 1 column 1 (char 0)
<Response [502]>
railway
ERROR
Expecting value: line 1 column 1 (char 0)
<Response [502]>
industrial
ERROR
Expecting value: line 1 column 1 (char 0)
<Response [502]>
flight in progress
ERROR
Expecting value: line 1 column 1 (char 0)
<Response [502]>
flight preparation
ERROR
Expecting value: line 1 column 1 (char 0)
<Response [502]>
flight landing
ERROR
Expecting value: line 1 column 1 (char 0)
<Response [502]>
day
ERROR
Expecting value: line 1 column 1 (char 0)
<Response [502]>
laying
ERROR
Expecting value: line 1 column 1 (char 0)
<Response [502]>
mountainous terrain
ERROR
Expecting value: line 1 column 1 (char 0)
<Response [502]>
grassy hillside
ERROR
Expecting value: line 1 column 1 (char 0)
<Response [502]>
railway scene
ERROR
Expecting value: line 1 column 1 (char 0)
<Response [502]>
coastal scene
ERROR
Expecting value: line 1 column 1 (char 0)
<Response [502]>
jungle
ERROR
Expecting value: line 1 column 1 (char 0)
<Response [502]>
savannah
ERROR
Expecting value: line 1 column 1 (char 0)
<Response [502]>
suburb
ERROR
Expecting value: line 1 column 1 (char 0)
<Response [502]>
rural area
ERROR
Expecting value: line 1 column 1 (char 0)
<Response [502]>
celebration
ERROR
Expecting value: line 1 column 1 (char 0)
<Response [502]>
busy street
ERROR
Expecting value: line 1 column 1 (char 0)
<Response [502]>
quiet street
ERROR
Expecting value: line 1 column 1 (char 0)
<Response [502]>
crowded square
ERROR
Expecting value: line 1 column 1 (char 0)
<Response [502]>
boat trip
ERROR
Expecting value: line 1 column 1 (char 0)
<Response [502]>
slope
ERROR
Expecting value: line 1 column 1 (char 0)
<Response [502]>
canyon
ERROR
Expecting value: line 1 column 1 (char 0)
<Response [502]>
left
ERROR
Expecting value: line 1 column 1 (char 0)
<Response [502]>
curve
ERROR
Expecting value: line 1 column 1 (char 0)
<Response [502]>
right
ERROR
Expecting value: line 1 column 1 (char 0)
<Response [502]>
quiet
ERROR
Expecting value: line 1 column 1 (char 0)
<Response [502]>
serene
ERROR
Expecting value: line 1 column 1 (char 0)
<Response [502]>
bustling
ERROR
Expecting value: line 1 column 1 (char 0)
<Response [502]>
less than 2 hours
ERROR
Expecting value: line 1 column 1 (char 0)
<Response [502]>
2-4 hours
ERROR
Expecting value: line 1 column 1 (char 0)
<Response [502]>
more than 4 hours
ERROR
Expecting value: line 1 column 1 (char 0)
<Response [502]>
between 4-6 hours
ERROR
Expecting value: line 1 column 1 (char 0)
<Response [502]>
between 2-4 hours
ERROR
Expecting value: line 1 column 1 (char 0)
<Response [502]>
more than 6 hours
ERROR
Expecting value: line 1 column 1 (char 0)
<Response [502]>
lunch
ERROR
Expecting value: line 1 column 1 (char 0)
<Response [502]>
medium time
ERROR
Expecting value: line 1 column 1 (char 0)
<Response [502]>
long time
ERROR
Expecting value: line 1 column 1 (char 0)
<Response [502]>
short time
ERROR
Expecting value: line 1 column 1 (char 0)
<Response [502]>
present era
ERROR
Expecting value: line 1 column 1 (char 0)
<Response [502]>
future era
ERROR
Expecting value: line 1 column 1 (char 0)
<Response [502]>
past era
ERROR
Expecting value: line 1 column 1 (char 0)
<Response [502]>
between 1-2 hours
ERROR
Expecting value: line 1 column 1 (char 0)
<Response [502]>
between 2-3 hours
ERROR
Expecting value: line 1 column 1 (char 0)
<Response [502]>
less than 1 hour
ERROR
Expecting value: line 1 column 1 (char 0)
<Response [502]>
more than 3 hours
ERROR
Expecting value: line 1 column 1 (char 0)
<Response [502]>
ancient
ERROR
Expecting value: line 1 column 1 (char 0)
<Response [502]>
current time
ERROR
Expecting value: line 1 column 1 (char 0)
<Response [502]>
past time
ERROR
Expecting value: line 1 column 1 (char 0)
<Response [502]>
future time
ERROR
Expecting value: line 1 column 1 (char 0)
<Response [502]>
12pm
ERROR
Expecting value: line 1 column 1 (char 0)
<Response [502]>
3pm
ERROR
Expecting value: line 1 column 1 (char 0)
<Response [502]>
residential area
ERROR
Expecting value: line 1 column 1 (char 0)
<Response [502]>
industrial area
ERROR
Expecting value: line 1 column 1 (char 0)
<Response [502]>
commercial area
ERROR
Expecting value: line 1 column 1 (char 0)
<Response [502]>
financial district
ERROR
Expecting value: line 1 column 1 (char 0)
<Response [502]>
museum district
ERROR
Expecting value: line 1 column 1 (char 0)
<Response [502]>
downtown
ERROR
Expecting value: line 1 column 1 (char 0)
<Response [502]>
uptown
ERROR
Expecting value: line 1 column 1 (char 0)
<Response [502]>
midtown
ERROR
Expecting value: line 1 column 1 (char 0)
<Response [502]>
high-speed
ERROR
Expecting value: line 1 column 1 (char 0)
<Response [502]>
regional
ERROR
Expecting value: line 1 column 1 (char 0)
<Response [502]>
long distance
ERROR
Expecting value: line 1 column 1 (char 0)
<Response [502]>
intercity
ERROR
Expecting value: line 1 column 1 (char 0)
<Response [502]>
tourist route
ERROR
Expecting value: line 1 column 1 (char 0)
<Response [502]>
long distance route
ERROR
Expecting value: line 1 column 1 (char 0)
<Response [502]>
local route
ERROR
Expecting value: line 1 column 1 (char 0)
<Response [502]>
international route
ERROR
Expecting value: line 1 column 1 (char 0)
<Response [502]>
intercity route
ERROR
Expecting value: line 1 column 1 (char 0)
<Response [502]>
partly full
ERROR
Expecting value: line 1 column 1 (char 0)
<Response [502]>
overcrowded
ERROR
Expecting value: line 1 column 1 (char 0)
<Response [502]>
full
ERROR
Expecting value: line 1 column 1 (char 0)
<Response [502]>
partially full
ERROR
Expecting value: line 1 column 1 (char 0)
<Response [502]>
freight train
ERROR
Expecting value: line 1 column 1 (char 0)
<Response [502]>
passenger train
ERROR
Expecting value: line 1 column 1 (char 0)
<Response [502]>
sleek
ERROR
Expecting value: line 1 column 1 (char 0)
<Response [502]>
boxy
ERROR
Expecting value: line 1 column 1 (char 0)
<Response [502]>
semi-circular
ERROR
Expecting value: line 1 column 1 (char 0)
<Response [502]>
station
ERROR
Expecting value: line 1 column 1 (char 0)
<Response [502]>
freeway
ERROR
Expecting value: line 1 column 1 (char 0)
<Response [502]>
railroad
ERROR
Expecting value: line 1 column 1 (char 0)
<Response [502]>
tunnel
ERROR
Expecting value: line 1 column 1 (char 0)
<Response [502]>
railway station
ERROR
Expecting value: line 1 column 1 (char 0)
<Response [502]>
open countryside
ERROR
Expecting value: line 1 column 1 (char 0)
<Response [502]>
railway track
ERROR
Expecting value: line 1 column 1 (char 0)
<Response [502]>
on tracks
ERROR
Expecting value: line 1 column 1 (char 0)
<Response [502]>
at station
ERROR
Expecting value: line 1 column 1 (char 0)
<Response [502]>
in yard
ERROR
Expecting value: line 1 column 1 (char 0)
<Response [502]>
on road
ERROR
Expecting value: line 1 column 1 (char 0)
<Response [502]>
in a yard
ERROR
Expecting value: line 1 column 1 (char 0)
<Response [502]>
on a platform
ERROR
Expecting value: line 1 column 1 (char 0)
<Response [502]>
in a station
ERROR
Expecting value: line 1 column 1 (char 0)
<Response [502]>
on the tracks
ERROR
Expecting value: line 1 column 1 (char 0)
<Response [502]>
inside a station
ERROR
Expecting value: line 1 column 1 (char 0)
<Response [502]>
in the field
ERROR
Expecting value: line 1 column 1 (char 0)
<Response [502]>
on the platform
ERROR
Expecting value: line 1 column 1 (char 0)
<Response [502]>
in the station
ERROR
Expecting value: line 1 column 1 (char 0)
<Response [502]>
yard
ERROR
Expecting value: line 1 column 1 (char 0)
<Response [502]>
route
ERROR
Expecting value: line 1 column 1 (char 0)
<Response [502]>
incline
ERROR
Expecting value: line 1 column 1 (char 0)
<Response [502]>
inside a tunnel
ERROR
Expecting value: line 1 column 1 (char 0)
<Response [502]>
on a siding
ERROR
Expecting value: line 1 column 1 (char 0)
<Response [502]>
on a bridge
ERROR
Expecting value: line 1 column 1 (char 0)
<Response [502]>
at a station
ERROR
Expecting value: line 1 column 1 (char 0)
<Response [502]>
on a straight track
ERROR
Expecting value: line 1 column 1 (char 0)
<Response [502]>
crossing a bridge
ERROR
Expecting value: line 1 column 1 (char 0)
<Response [502]>
railway platform
ERROR
Expecting value: line 1 column 1 (char 0)
<Response [502]>
outside
ERROR
Expecting value: line 1 column 1 (char 0)
<Response [502]>
outside city
ERROR
Expecting value: line 1 column 1 (char 0)
<Response [502]>
in city
ERROR
Expecting value: line 1 column 1 (char 0)
<Response [502]>
in countryside
ERROR
Expecting value: line 1 column 1 (char 0)
<Response [502]>
platform
ERROR
Expecting value: line 1 column 1 (char 0)
<Response [502]>
double
ERROR
Expecting value: line 1 column 1 (char 0)
<Response [502]>
multi-car
ERROR
Expecting value: line 1 column 1 (char 0)
<Response [502]>
long train
ERROR
Expecting value: line 1 column 1 (char 0)
<Response [502]>
single car
ERROR
Expecting value: line 1 column 1 (char 0)
<Response [502]>
freight
ERROR
Expecting value: line 1 column 1 (char 0)
<Response [502]>
many cars
ERROR
Expecting value: line 1 column 1 (char 0)
<Response [502]>
few cars
ERROR
Expecting value: line 1 column 1 (char 0)
<Response [502]>
1-2 cars
ERROR
Expecting value: line 1 column 1 (char 0)
<Response [502]>
3-4 cars
ERROR
Expecting value: line 1 column 1 (char 0)
<Response [502]>
5-6 cars
ERROR
Expecting value: line 1 column 1 (char 0)
<Response [502]>
6+ cars
ERROR
Expecting value: line 1 column 1 (char 0)
<Response [502]>
4-5 cars
ERROR
Expecting value: line 1 column 1 (char 0)
<Response [502]>
2-3 cars
ERROR
Expecting value: line 1 column 1 (char 0)
<Response [502]>
1 car
ERROR
Expecting value: line 1 column 1 (char 0)
<Response [502]>
yellow light
ERROR
Expecting value: line 1 column 1 (char 0)
<Response [502]>
green light
ERROR
Expecting value: line 1 column 1 (char 0)
<Response [502]>
red light
ERROR
Expecting value: line 1 column 1 (char 0)
<Response [502]>
sunset
ERROR
Expecting value: line 1 column 1 (char 0)
<Response [502]>
overcast
ERROR
Expecting value: line 1 column 1 (char 0)
<Response [502]>
middle-aged train
ERROR
Expecting value: line 1 column 1 (char 0)
<Response [502]>
new train
ERROR
Expecting value: line 1 column 1 (char 0)
<Response [502]>
old train
ERROR
Expecting value: line 1 column 1 (char 0)
<Response [502]>
dilapidated
ERROR
Expecting value: line 1 column 1 (char 0)
<Response [502]>
well-maintained
ERROR
Expecting value: line 1 column 1 (char 0)
<Response [502]>
reverse
ERROR
Expecting value: line 1 column 1 (char 0)
<Response [502]>
stopped
ERROR
Expecting value: line 1 column 1 (char 0)
<Response [502]>
moving backward
ERROR
Expecting value: line 1 column 1 (char 0)
<Response [502]>
moving forward
ERROR
Expecting value: line 1 column 1 (char 0)
<Response [502]>
inbound
ERROR
Expecting value: line 1 column 1 (char 0)
<Response [502]>
outbound
ERROR
Expecting value: line 1 column 1 (char 0)
<Response [502]>
exciting
ERROR
Expecting value: line 1 column 1 (char 0)
<Response [502]>
high-speed train
ERROR
Expecting value: line 1 column 1 (char 0)
<Response [502]>
decorated
ERROR
Expecting value: line 1 column 1 (char 0)
<Response [502]>
undecorated
ERROR
Expecting value: line 1 column 1 (char 0)
<Response [502]>
decorated train
ERROR
Expecting value: line 1 column 1 (char 0)
<Response [502]>
train with logos
ERROR
Expecting value: line 1 column 1 (char 0)
<Response [502]>
undecorated train
ERROR
Expecting value: line 1 column 1 (char 0)
<Response [502]>
train with advertisements
ERROR
Expecting value: line 1 column 1 (char 0)
<Response [502]>
crossing
ERROR
Expecting value: line 1 column 1 (char 0)
<Response [502]>
decelerating
ERROR
Expecting value: line 1 column 1 (char 0)
<Response [502]>
1950s
ERROR
Expecting value: line 1 column 1 (char 0)
<Response [502]>
1900s
ERROR
Expecting value: line 1 column 1 (char 0)
<Response [502]>
sunny weather
ERROR
Expecting value: line 1 column 1 (char 0)
<Response [502]>
rainy weather
ERROR
Expecting value: line 1 column 1 (char 0)
<Response [502]>
osaka
ERROR
Expecting value: line 1 column 1 (char 0)
<Response [502]>
kyoto
ERROR
Expecting value: line 1 column 1 (char 0)
<Response [502]>
international station
ERROR
Expecting value: line 1 column 1 (char 0)
<Response [502]>
local station
ERROR
Expecting value: line 1 column 1 (char 0)
<Response [502]>
intercity station
ERROR
Expecting value: line 1 column 1 (char 0)
<Response [502]>
origin
ERROR
Expecting value: line 1 column 1 (char 0)
<Response [502]>
midpoint
ERROR
Expecting value: line 1 column 1 (char 0)
<Response [502]>
destination
ERROR
Expecting value: line 1 column 1 (char 0)
<Response [502]>
trainstop
ERROR
Expecting value: line 1 column 1 (char 0)
<Response [502]>
futuristic
ERROR
Expecting value: line 1 column 1 (char 0)
<Response [502]>
art deco
ERROR
Expecting value: line 1 column 1 (char 0)
<Response [502]>
minimalist
ERROR
Expecting value: line 1 column 1 (char 0)
<Response [502]>
streamlined
ERROR
Expecting value: line 1 column 1 (char 0)
<Response [502]>
few passengers
ERROR
Expecting value: line 1 column 1 (char 0)
<Response [502]>
crowded train
ERROR
Expecting value: line 1 column 1 (char 0)
<Response [502]>
moderate passenger count
ERROR
Expecting value: line 1 column 1 (char 0)
<Response [502]>
moderate passenger load
ERROR
Expecting value: line 1 column 1 (char 0)
<Response [502]>
multiple trains
ERROR
Expecting value: line 1 column 1 (char 0)
<Response [502]>
single train
ERROR
Expecting value: line 1 column 1 (char 0)
<Response [502]>
bright yellow
ERROR
Expecting value: line 1 column 1 (char 0)
<Response [502]>
bright white
ERROR
Expecting value: line 1 column 1 (char 0)
<Response [502]>
bright red
ERROR
Expecting value: line 1 column 1 (char 0)
<Response [502]>
bright green
ERROR
Expecting value: line 1 column 1 (char 0)
<Response [502]>
amtrak
ERROR
Expecting value: line 1 column 1 (char 0)
<Response [502]>
csx
ERROR
Expecting value: line 1 column 1 (char 0)
<Response [502]>
union pacific
ERROR
Expecting value: line 1 column 1 (char 0)
<Response [502]>
1-2 carts
ERROR
Expecting value: line 1 column 1 (char 0)
<Response [502]>
5-6 carts
ERROR
Expecting value: line 1 column 1 (char 0)
<Response [502]>
3-4 carts
ERROR
Expecting value: line 1 column 1 (char 0)
<Response [502]>
more than 6 carts
ERROR
Expecting value: line 1 column 1 (char 0)
<Response [502]>
standing still
ERROR
Expecting value: line 1 column 1 (char 0)
<Response [502]>
destination sign
ERROR
Expecting value: line 1 column 1 (char 0)
<Response [502]>
advertisement
ERROR
Expecting value: line 1 column 1 (char 0)
<Response [502]>
route sign
ERROR
Expecting value: line 1 column 1 (char 0)
<Response [502]>
information
ERROR
Expecting value: line 1 column 1 (char 0)
<Response [502]>
warning
ERROR
Expecting value: line 1 column 1 (char 0)
<Response [502]>
historic
ERROR
Expecting value: line 1 column 1 (char 0)
<Response [502]>
hybrid train
ERROR
Expecting value: line 1 column 1 (char 0)
<Response [502]>
diesel train
ERROR
Expecting value: line 1 column 1 (char 0)
<Response [502]>
steam train
ERROR
Expecting value: line 1 column 1 (char 0)
<Response [502]>
electric train
ERROR
Expecting value: line 1 column 1 (char 0)
<Response [502]>
whistle sound
ERROR
Expecting value: line 1 column 1 (char 0)
<Response [502]>
horn sound
ERROR
Expecting value: line 1 column 1 (char 0)
<Response [502]>
rumbling sound
ERROR
Expecting value: line 1 column 1 (char 0)
<Response [502]>
other sound
ERROR
Expecting value: line 1 column 1 (char 0)
<Response [502]>
steam is visible
ERROR
Expecting value: line 1 column 1 (char 0)
<Response [502]>
steam is not visible
ERROR
Expecting value: line 1 column 1 (char 0)
<Response [502]>
dining car
ERROR
Expecting value: line 1 column 1 (char 0)
<Response [502]>
sleeping car
ERROR
Expecting value: line 1 column 1 (char 0)
<Response [502]>
locomotive
ERROR
Expecting value: line 1 column 1 (char 0)
<Response [502]>
train
ERROR
Expecting value: line 1 column 1 (char 0)
<Response [502]>
newly built
ERROR
Expecting value: line 1 column 1 (char 0)
<Response [502]>
newly paved
ERROR
Expecting value: line 1 column 1 (char 0)
<Response [502]>
8 wheels
ERROR
Expecting value: line 1 column 1 (char 0)
<Response [502]>
6 wheels
ERROR
Expecting value: line 1 column 1 (char 0)
<Response [502]>
2 wheels
ERROR
Expecting value: line 1 column 1 (char 0)
<Response [502]>
4 wheels
ERROR
Expecting value: line 1 column 1 (char 0)
<Response [502]>
docking
ERROR
Expecting value: line 1 column 1 (char 0)
<Response [502]>
partly lit
ERROR
Expecting value: line 1 column 1 (char 0)
<Response [502]>
unlit
ERROR
Expecting value: line 1 column 1 (char 0)
<Response [502]>
lit
ERROR
Expecting value: line 1 column 1 (char 0)
<Response [502]>
oblique
ERROR
Expecting value: line 1 column 1 (char 0)
<Response [502]>
express train
ERROR
Expecting value: line 1 column 1 (char 0)
<Response [502]>
local train
ERROR
Expecting value: line 1 column 1 (char 0)
<Response [502]>
special
ERROR
Expecting value: line 1 column 1 (char 0)
<Response [502]>
custom
ERROR
Expecting value: line 1 column 1 (char 0)
<Response [502]>
standard
ERROR
Expecting value: line 1 column 1 (char 0)
<Response [502]>
departing
ERROR
Expecting value: line 1 column 1 (char 0)
<Response [502]>
arriving
ERROR
Expecting value: line 1 column 1 (char 0)
<Response [502]>
semi-empty
ERROR
Expecting value: line 1 column 1 (char 0)
<Response [502]>
semi-empty train
ERROR
Expecting value: line 1 column 1 (char 0)
<Response [502]>
packed train
ERROR
Expecting value: line 1 column 1 (char 0)
<Response [502]>
empty train
ERROR
Expecting value: line 1 column 1 (char 0)
<Response [502]>
deteriorated
ERROR
Expecting value: line 1 column 1 (char 0)
<Response [502]>
single engine
ERROR
Expecting value: line 1 column 1 (char 0)
<Response [502]>
multi-unit
ERROR
Expecting value: line 1 column 1 (char 0)
<Response [502]>
double engine
ERROR
Expecting value: line 1 column 1 (char 0)
<Response [502]>
underground
ERROR
Expecting value: line 1 column 1 (char 0)
<Response [502]>
signs
ERROR
Expecting value: line 1 column 1 (char 0)
<Response [502]>
lights
ERROR
Expecting value: line 1 column 1 (char 0)
<Response [502]>
horn
ERROR
Expecting value: line 1 column 1 (char 0)
<Response [502]>
power outlets
ERROR
Expecting value: line 1 column 1 (char 0)
<Response [502]>
wi-fi
ERROR
Expecting value: line 1 column 1 (char 0)
<Response [502]>
comfort seating
ERROR
Expecting value: line 1 column 1 (char 0)
<Response [502]>
high capacity
ERROR
Expecting value: line 1 column 1 (char 0)
<Response [502]>
low capacity
ERROR
Expecting value: line 1 column 1 (char 0)
<Response [502]>
medium capacity
ERROR
Expecting value: line 1 column 1 (char 0)
<Response [502]>
1950-2000
ERROR
Expecting value: line 1 column 1 (char 0)
<Response [502]>
pre-1900
ERROR
Expecting value: line 1 column 1 (char 0)
<Response [502]>
post-2000
ERROR
Expecting value: line 1 column 1 (char 0)
<Response [502]>
1900-1950
ERROR
Expecting value: line 1 column 1 (char 0)
<Response [502]>
multiple carriages
ERROR
Expecting value: line 1 column 1 (char 0)
<Response [502]>
single carriage
ERROR
Expecting value: line 1 column 1 (char 0)
<Response [502]>
basement
ERROR
Expecting value: line 1 column 1 (char 0)
<Response [502]>
detached garage
ERROR
Expecting value: line 1 column 1 (char 0)
<Response [502]>
attached garage
ERROR
Expecting value: line 1 column 1 (char 0)
<Response [502]>
carport
ERROR
Expecting value: line 1 column 1 (char 0)
<Response [502]>
11-15
ERROR
Expecting value: line 1 column 1 (char 0)
<Response [502]>
more than 15
ERROR
Expecting value: line 1 column 1 (char 0)
<Response [502]>
front-facing
ERROR
Expecting value: line 1 column 1 (char 0)
<Response [502]>
top-facing
ERROR
Expecting value: line 1 column 1 (char 0)
<Response [502]>
side-facing
ERROR
Expecting value: line 1 column 1 (char 0)
<Response [502]>
logo
ERROR
Expecting value: line 1 column 1 (char 0)
<Response [502]>
registration number
ERROR
Expecting value: line 1 column 1 (char 0)
<Response [502]>
parking area
ERROR
Expecting value: line 1 column 1 (char 0)
<Response [502]>
tarmac
ERROR
Expecting value: line 1 column 1 (char 0)
<Response [502]>
private plane
ERROR
Expecting value: line 1 column 1 (char 0)
<Response [502]>
military aircraft
ERROR
Expecting value: line 1 column 1 (char 0)
<Response [502]>
commercial jet
ERROR
Expecting value: line 1 column 1 (char 0)
<Response [502]>
propeller plane
ERROR
Expecting value: line 1 column 1 (char 0)
<Response [502]>
private jet
ERROR
Expecting value: line 1 column 1 (char 0)
<Response [502]>
commercial airline
ERROR
Expecting value: line 1 column 1 (char 0)
<Response [502]>
non-winglet
ERROR
Expecting value: line 1 column 1 (char 0)
<Response [502]>
mid-life
ERROR
Expecting value: line 1 column 1 (char 0)
<Response [502]>
international
ERROR
Expecting value: line 1 column 1 (char 0)
<Response [502]>
domestic
ERROR
Expecting value: line 1 column 1 (char 0)
<Response [502]>
airfield
ERROR
Expecting value: line 1 column 1 (char 0)
<Response [502]>
sea-based
ERROR
Expecting value: line 1 column 1 (char 0)
<Response [502]>
wing
ERROR
Expecting value: line 1 column 1 (char 0)
<Response [502]>
twin engine
ERROR
Expecting value: line 1 column 1 (char 0)
<Response [502]>
multi engine
ERROR
Expecting value: line 1 column 1 (char 0)
<Response [502]>
n1234ab
ERROR
Expecting value: line 1 column 1 (char 0)
<Response [502]>
n234az
ERROR
Expecting value: line 1 column 1 (char 0)
<Response [502]>
n34567
ERROR
Expecting value: line 1 column 1 (char 0)
<Response [502]>
numeric
ERROR
Expecting value: line 1 column 1 (char 0)
<Response [502]>
alpha-numeric
ERROR
Expecting value: line 1 column 1 (char 0)
<Response [502]>
large airport
ERROR
Expecting value: line 1 column 1 (char 0)
<Response [502]>
international airport
ERROR
Expecting value: line 1 column 1 (char 0)
<Response [502]>
domestic airport
ERROR
Expecting value: line 1 column 1 (char 0)
<Response [502]>
small airport
ERROR
Expecting value: line 1 column 1 (char 0)
<Response [502]>
average condition
ERROR
Expecting value: line 1 column 1 (char 0)
<Response [502]>
restored
ERROR
Expecting value: line 1 column 1 (char 0)
<Response [502]>
landing gear
ERROR
Expecting value: line 1 column 1 (char 0)
<Response [502]>
wings
ERROR
Expecting value: line 1 column 1 (char 0)
<Response [502]>
engines
ERROR
Expecting value: line 1 column 1 (char 0)
<Response [502]>
address
ERROR
Expecting value: line 1 column 1 (char 0)
<Response [502]>
slogan
ERROR
Expecting value: line 1 column 1 (char 0)
<Response [502]>
phone number
ERROR
Expecting value: line 1 column 1 (char 0)
<Response [502]>
single-occupancy
ERROR
Expecting value: line 1 column 1 (char 0)
<Response [502]>
multi-occupancy
ERROR
Expecting value: line 1 column 1 (char 0)
<Response [502]>
flying to a specific location
ERROR
Expecting value: line 1 column 1 (char 0)
<Response [502]>
flying to a general location
ERROR
Expecting value: line 1 column 1 (char 0)
<Response [502]>
hanger
ERROR
Expecting value: line 1 column 1 (char 0)
<Response [502]>
grassy area
ERROR
Expecting value: line 1 column 1 (char 0)
<Response [502]>
parked far from car
ERROR
Expecting value: line 1 column 1 (char 0)
<Response [502]>
parked near car
ERROR
Expecting value: line 1 column 1 (char 0)
<Response [502]>
branded
ERROR
Expecting value: line 1 column 1 (char 0)
<Response [502]>
just landed
ERROR
Expecting value: line 1 column 1 (char 0)
<Response [502]>
overdue for maintenance
ERROR
Expecting value: line 1 column 1 (char 0)
<Response [502]>
undergoing maintenance
ERROR
Expecting value: line 1 column 1 (char 0)
<Response [502]>
carbon fiber
ERROR
Expecting value: line 1 column 1 (char 0)
<Response [502]>
chrome
ERROR
Expecting value: line 1 column 1 (char 0)
<Response [502]>
titanium
ERROR
Expecting value: line 1 column 1 (char 0)
<Response [502]>
tied down
ERROR
Expecting value: line 1 column 1 (char 0)
<Response [502]>
fighter jet
ERROR
Expecting value: line 1 column 1 (char 0)
<Response [502]>
training plane
ERROR
Expecting value: line 1 column 1 (char 0)
<Response [502]>
bomber
ERROR
Expecting value: line 1 column 1 (char 0)
<Response [502]>
renovated
ERROR
Expecting value: line 1 column 1 (char 0)
<Response [502]>
partially renovated
ERROR
Expecting value: line 1 column 1 (char 0)
<Response [502]>
untouched
ERROR
Expecting value: line 1 column 1 (char 0)
<Response [502]>
commercial aircraft
ERROR
Expecting value: line 1 column 1 (char 0)
<Response [502]>
other number of wings
ERROR
Expecting value: line 1 column 1 (char 0)
<Response [502]>
2 wings
ERROR
Expecting value: line 1 column 1 (char 0)
<Response [502]>
1 wing
ERROR
Expecting value: line 1 column 1 (char 0)
<Response [502]>
3 wings
ERROR
Expecting value: line 1 column 1 (char 0)
<Response [502]>
propeller
ERROR
Expecting value: line 1 column 1 (char 0)
<Response [502]>
jet engine
ERROR
Expecting value: line 1 column 1 (char 0)
<Response [502]>
flying straight
ERROR
Expecting value: line 1 column 1 (char 0)
<Response [502]>
circling
ERROR
Expecting value: line 1 column 1 (char 0)
<Response [502]>
multi-engine
ERROR
Expecting value: line 1 column 1 (char 0)
<Response [502]>
single-engine
ERROR
Expecting value: line 1 column 1 (char 0)
<Response [502]>
combat mission
ERROR
Expecting value: line 1 column 1 (char 0)
<Response [502]>
reconnaissance mission
ERROR
Expecting value: line 1 column 1 (char 0)
<Response [502]>
transport mission
ERROR
Expecting value: line 1 column 1 (char 0)
<Response [502]>
tandem bike
ERROR
Expecting value: line 1 column 1 (char 0)
<Response [502]>
hybrid bike
ERROR
Expecting value: line 1 column 1 (char 0)
<Response [502]>
rack
ERROR
Expecting value: line 1 column 1 (char 0)
<Response [502]>
bells
ERROR
Expecting value: line 1 column 1 (char 0)
<Response [502]>
manual
ERROR
Expecting value: line 1 column 1 (char 0)
<Response [502]>
rear
ERROR
Expecting value: line 1 column 1 (char 0)
<Response [502]>
track
ERROR
Expecting value: line 1 column 1 (char 0)
<Response [502]>
raceway
ERROR
Expecting value: line 1 column 1 (char 0)
<Response [502]>
circuit
ERROR
Expecting value: line 1 column 1 (char 0)
<Response [502]>
united kingdom
ERROR
Expecting value: line 1 column 1 (char 0)
<Response [502]>
land-based
ERROR
Expecting value: line 1 column 1 (char 0)
<Response [502]>
remote
ERROR
Expecting value: line 1 column 1 (char 0)
<Response [502]>
hangar
ERROR
Expecting value: line 1 column 1 (char 0)
<Response [502]>
open field
ERROR
Expecting value: line 1 column 1 (char 0)
<Response [502]>
parking garage
ERROR
Expecting value: line 1 column 1 (char 0)
<Response [502]>
lot
ERROR
Expecting value: line 1 column 1 (char 0)
<Response [502]>
outdoor parking
ERROR
Expecting value: line 1 column 1 (char 0)
<Response [502]>
indoor parking
ERROR
Expecting value: line 1 column 1 (char 0)
<Response [502]>
garage
ERROR
Expecting value: line 1 column 1 (char 0)
<Response [502]>
in parking lot
ERROR
Expecting value: line 1 column 1 (char 0)
<Response [502]>
under overpass
ERROR
Expecting value: line 1 column 1 (char 0)
<Response [502]>
on street
ERROR
Expecting value: line 1 column 1 (char 0)
<Response [502]>
back of house
ERROR
Expecting value: line 1 column 1 (char 0)
<Response [502]>
front of house
ERROR
Expecting value: line 1 column 1 (char 0)
<Response [502]>
regional airport
ERROR
Expecting value: line 1 column 1 (char 0)
<Response [502]>
asphalt runway
ERROR
Expecting value: line 1 column 1 (char 0)
<Response [502]>
grass runway
ERROR
Expecting value: line 1 column 1 (char 0)
<Response [502]>
beach runway
ERROR
Expecting value: line 1 column 1 (char 0)
<Response [502]>
destination unknown
ERROR
Expecting value: line 1 column 1 (char 0)
<Response [502]>
backcountry
ERROR
Expecting value: line 1 column 1 (char 0)
<Response [502]>
queens
ERROR
Expecting value: line 1 column 1 (char 0)
<Response [502]>
manhattan
ERROR
Expecting value: line 1 column 1 (char 0)
<Response [502]>
bronx
ERROR
Expecting value: line 1 column 1 (char 0)
<Response [502]>
brooklyn
ERROR
Expecting value: line 1 column 1 (char 0)
<Response [502]>
fire station
ERROR
Expecting value: line 1 column 1 (char 0)
<Response [502]>
suburban area
ERROR
Expecting value: line 1 column 1 (char 0)
<Response [502]>
city center
ERROR
Expecting value: line 1 column 1 (char 0)
<Response [502]>
grassland
ERROR
Expecting value: line 1 column 1 (char 0)
<Response [502]>
rural park
ERROR
Expecting value: line 1 column 1 (char 0)
<Response [502]>
suburban park
ERROR
Expecting value: line 1 column 1 (char 0)
<Response [502]>
city park
ERROR
Expecting value: line 1 column 1 (char 0)
<Response [502]>
exhibition hall
ERROR
Expecting value: line 1 column 1 (char 0)
<Response [502]>
museum
ERROR
Expecting value: line 1 column 1 (char 0)
<Response [502]>
gallery
ERROR
Expecting value: line 1 column 1 (char 0)
<Response [502]>
other city
ERROR
Expecting value: line 1 column 1 (char 0)
<Response [502]>
new york
ERROR
Expecting value: line 1 column 1 (char 0)
<Response [502]>
paris
ERROR
Expecting value: line 1 column 1 (char 0)
<Response [502]>
chicago
ERROR
Expecting value: line 1 column 1 (char 0)
<Response [502]>
los angeles
ERROR
Expecting value: line 1 column 1 (char 0)
<Response [502]>
northern
ERROR
Expecting value: line 1 column 1 (char 0)
<Response [502]>
eastern
ERROR
Expecting value: line 1 column 1 (char 0)
<Response [502]>
southern
ERROR
Expecting value: line 1 column 1 (char 0)
<Response [502]>
western
ERROR
Expecting value: line 1 column 1 (char 0)
<Response [502]>
north america
ERROR
Expecting value: line 1 column 1 (char 0)
<Response [502]>
south america
ERROR
Expecting value: line 1 column 1 (char 0)
<Response [502]>
africa
ERROR
Expecting value: line 1 column 1 (char 0)
<Response [502]>
african safari
ERROR
Expecting value: line 1 column 1 (char 0)
<Response [502]>
other zoos
ERROR
Expecting value: line 1 column 1 (char 0)
<Response [502]>
san diego zoo
ERROR
Expecting value: line 1 column 1 (char 0)
<Response [502]>
inside
ERROR
Expecting value: line 1 column 1 (char 0)
<Response [502]>
near
ERROR
Expecting value: line 1 column 1 (char 0)
<Response [502]>
whistler
ERROR
Expecting value: line 1 column 1 (char 0)
<Response [502]>
vail
ERROR
Expecting value: line 1 column 1 (char 0)
<Response [502]>
zermatt
ERROR
Expecting value: line 1 column 1 (char 0)
<Response [502]>
mountain resort
ERROR
Expecting value: line 1 column 1 (char 0)
<Response [502]>
ski lodge
ERROR
Expecting value: line 1 column 1 (char 0)
<Response [502]>
ranch
ERROR
Expecting value: line 1 column 1 (char 0)
<Response [502]>
ohio
ERROR
Expecting value: line 1 column 1 (char 0)
<Response [502]>
pennsylvania
ERROR
Expecting value: line 1 column 1 (char 0)
<Response [502]>
indiana
ERROR
Expecting value: line 1 column 1 (char 0)
<Response [502]>
great city
ERROR
Expecting value: line 1 column 1 (char 0)
<Response [502]>
metropolis
ERROR
Expecting value: line 1 column 1 (char 0)
<Response [502]>
bustling area
ERROR
Expecting value: line 1 column 1 (char 0)
<Response [502]>
monument
ERROR
Expecting value: line 1 column 1 (char 0)
<Response [502]>
architecture
ERROR
Expecting value: line 1 column 1 (char 0)
<Response [502]>
sculpture
ERROR
Expecting value: line 1 column 1 (char 0)
<Response [502]>
overlooking
ERROR
Expecting value: line 1 column 1 (char 0)
<Response [502]>
vantage
ERROR
Expecting value: line 1 column 1 (char 0)
<Response [502]>
tennis club
ERROR
Expecting value: line 1 column 1 (char 0)
<Response [502]>
outdoor court
ERROR
Expecting value: line 1 column 1 (char 0)
<Response [502]>
indoor court
ERROR
Expecting value: line 1 column 1 (char 0)
<Response [502]>
main train station
ERROR
Expecting value: line 1 column 1 (char 0)
<Response [502]>
small town station
ERROR
Expecting value: line 1 column 1 (char 0)
<Response [502]>
rural station
ERROR
Expecting value: line 1 column 1 (char 0)
<Response [502]>
minor train station
ERROR
Expecting value: line 1 column 1 (char 0)
<Response [502]>
major train station
ERROR
Expecting value: line 1 column 1 (char 0)
<Response [502]>
rural train station
ERROR
Expecting value: line 1 column 1 (char 0)
<Response [502]>
inland
ERROR
Expecting value: line 1 column 1 (char 0)
<Response [502]>
street skatepark
ERROR
Expecting value: line 1 column 1 (char 0)
<Response [502]>
outdoor skatepark
ERROR
Expecting value: line 1 column 1 (char 0)
<Response [502]>
indoor skatepark
ERROR
Expecting value: line 1 column 1 (char 0)
<Response [502]>
bookstore
ERROR
Expecting value: line 1 column 1 (char 0)
<Response [502]>
office
ERROR
Expecting value: line 1 column 1 (char 0)
<Response [502]>
coffee shop
ERROR
Expecting value: line 1 column 1 (char 0)
<Response [502]>
marketplace
ERROR
Expecting value: line 1 column 1 (char 0)
<Response [502]>
street vendor
ERROR
Expecting value: line 1 column 1 (char 0)
<Response [502]>
supermarket
ERROR
Expecting value: line 1 column 1 (char 0)
<Response [502]>
indoor market
ERROR
Expecting value: line 1 column 1 (char 0)
<Response [502]>
outdoor market
ERROR
Expecting value: line 1 column 1 (char 0)
<Response [502]>
mall
ERROR
Expecting value: line 1 column 1 (char 0)
<Response [502]>
food court
ERROR
Expecting value: line 1 column 1 (char 0)
<Response [502]>
mexico
ERROR
Expecting value: line 1 column 1 (char 0)
<Response [502]>
florida
ERROR
Expecting value: line 1 column 1 (char 0)
<Response [502]>
island
ERROR
Expecting value: line 1 column 1 (char 0)
<Response [502]>
beachside
ERROR
Expecting value: line 1 column 1 (char 0)
<Response [502]>
other beach
ERROR
Expecting value: line 1 column 1 (char 0)
<Response [502]>
sand
ERROR
Expecting value: line 1 column 1 (char 0)
<Response [502]>
sea
ERROR
Expecting value: line 1 column 1 (char 0)
<Response [502]>
circus
ERROR
Expecting value: line 1 column 1 (char 0)
<Response [502]>
wildlife park
ERROR
Expecting value: line 1 column 1 (char 0)
<Response [502]>
mainland
ERROR
Expecting value: line 1 column 1 (char 0)
<Response [502]>
other stadium
ERROR
Expecting value: line 1 column 1 (char 0)
<Response [502]>
soccer stadium
ERROR
Expecting value: line 1 column 1 (char 0)
<Response [502]>
baseball stadium
ERROR
Expecting value: line 1 column 1 (char 0)
<Response [502]>
basketball stadium
ERROR
Expecting value: line 1 column 1 (char 0)
<Response [502]>
dodger stadium
ERROR
Expecting value: line 1 column 1 (char 0)
<Response [502]>
wrigley field
ERROR
Expecting value: line 1 column 1 (char 0)
<Response [502]>
yankee stadium
ERROR
Expecting value: line 1 column 1 (char 0)
<Response [502]>
indoor stadium
ERROR
Expecting value: line 1 column 1 (char 0)
<Response [502]>
outdoor stadium
ERROR
Expecting value: line 1 column 1 (char 0)
<Response [502]>
behind the skier
ERROR
Expecting value: line 1 column 1 (char 0)
<Response [502]>
next to the skier
ERROR
Expecting value: line 1 column 1 (char 0)
<Response [502]>
in front of the skier
ERROR
Expecting value: line 1 column 1 (char 0)
<Response [502]>
skatepark
ERROR
Expecting value: line 1 column 1 (char 0)
<Response [502]>
trail
ERROR
Expecting value: line 1 column 1 (char 0)
<Response [502]>
hospital
ERROR
Expecting value: line 1 column 1 (char 0)
<Response [502]>
backyard
ERROR
Expecting value: line 1 column 1 (char 0)
<Response [502]>
indoor swimming pool
ERROR
Expecting value: line 1 column 1 (char 0)
<Response [502]>
indoor basketball court
ERROR
Expecting value: line 1 column 1 (char 0)
<Response [502]>
café
ERROR
Expecting value: line 1 column 1 (char 0)
<Response [502]>
operating room
ERROR
Expecting value: line 1 column 1 (char 0)
<Response [502]>
er
ERROR
Expecting value: line 1 column 1 (char 0)
<Response [502]>
maternity ward
ERROR
Expecting value: line 1 column 1 (char 0)
<Response [502]>
icu
ERROR
Expecting value: line 1 column 1 (char 0)
<Response [502]>
multi-story building
ERROR
Expecting value: line 1 column 1 (char 0)
<Response [502]>
ground level
ERROR
Expecting value: line 1 column 1 (char 0)
<Response [502]>
mountain top
ERROR
Expecting value: line 1 column 1 (char 0)
<Response [502]>
remote location
ERROR
Expecting value: line 1 column 1 (char 0)
<Response [502]>
easy access
ERROR
Expecting value: line 1 column 1 (char 0)
<Response [502]>
challenging access
ERROR
Expecting value: line 1 column 1 (char 0)
<Response [502]>
nevada
ERROR
Expecting value: line 1 column 1 (char 0)
<Response [502]>
arizona
ERROR
Expecting value: line 1 column 1 (char 0)
<Response [502]>
graham street
ERROR
Expecting value: line 1 column 1 (char 0)
<Response [502]>
port
ERROR
Expecting value: line 1 column 1 (char 0)
<Response [502]>
harbor
ERROR
Expecting value: line 1 column 1 (char 0)
<Response [502]>
marina
ERROR
Expecting value: line 1 column 1 (char 0)
<Response [502]>
oceanfront
ERROR
Expecting value: line 1 column 1 (char 0)
<Response [502]>
exterior
ERROR
Expecting value: line 1 column 1 (char 0)
<Response [502]>
rocks
ERROR
Expecting value: line 1 column 1 (char 0)
<Response [502]>
shower
ERROR
Expecting value: line 1 column 1 (char 0)
<Response [502]>
toilet
ERROR
Expecting value: line 1 column 1 (char 0)
<Response [502]>
land
ERROR
Expecting value: line 1 column 1 (char 0)
<Response [502]>
turning corner
ERROR
Expecting value: line 1 column 1 (char 0)
<Response [502]>
straight road
ERROR
Expecting value: line 1 column 1 (char 0)
<Response [502]>
modern art gallery
ERROR
Expecting value: line 1 column 1 (char 0)
<Response [502]>
contemporary art gallery
ERROR
Expecting value: line 1 column 1 (char 0)
<Response [502]>
historical art gallery
ERROR
Expecting value: line 1 column 1 (char 0)
<Response [502]>
lawn
ERROR
Expecting value: line 1 column 1 (char 0)
<Response [502]>
garden
ERROR
Expecting value: line 1 column 1 (char 0)
<Response [502]>
roadway
ERROR
Expecting value: line 1 column 1 (char 0)
<Response [502]>
western canada
ERROR
Expecting value: line 1 column 1 (char 0)
<Response [502]>
eastern canada
ERROR
Expecting value: line 1 column 1 (char 0)
<Response [502]>
midwestern canada
ERROR
Expecting value: line 1 column 1 (char 0)
<Response [502]>
main station
ERROR
Expecting value: line 1 column 1 (char 0)
<Response [502]>
small station
ERROR
Expecting value: line 1 column 1 (char 0)
<Response [502]>
island chain
ERROR
Expecting value: line 1 column 1 (char 0)
<Response [502]>
mountain island
ERROR
Expecting value: line 1 column 1 (char 0)
<Response [502]>
coastal island
ERROR
Expecting value: line 1 column 1 (char 0)
<Response [502]>
calm waters
ERROR
Expecting value: line 1 column 1 (char 0)
<Response [502]>
tidal flats
ERROR
Expecting value: line 1 column 1 (char 0)
<Response [502]>
corals
ERROR
Expecting value: line 1 column 1 (char 0)
<Response [502]>
rough waters
ERROR
Expecting value: line 1 column 1 (char 0)
<Response [502]>
continent
ERROR
Expecting value: line 1 column 1 (char 0)
<Response [502]>
hill
ERROR
Expecting value: line 1 column 1 (char 0)
<Response [502]>
fruit bowl
ERROR
Expecting value: line 1 column 1 (char 0)
<Response [502]>
pantry
ERROR
Expecting value: line 1 column 1 (char 0)
<Response [502]>
sloping
ERROR
Expecting value: line 1 column 1 (char 0)
<Response [502]>
public
ERROR
Expecting value: line 1 column 1 (char 0)
<Response [502]>
clay court
ERROR
Expecting value: line 1 column 1 (char 0)
<Response [502]>
grass court
ERROR
Expecting value: line 1 column 1 (char 0)
<Response [502]>
public restroom
ERROR
Expecting value: line 1 column 1 (char 0)
<Response [502]>
workplace
ERROR
Expecting value: line 1 column 1 (char 0)
<Response [502]>
express route
ERROR
Expecting value: line 1 column 1 (char 0)
<Response [502]>
campus
ERROR
Expecting value: line 1 column 1 (char 0)
<Response [502]>
hilly
ERROR
Expecting value: line 1 column 1 (char 0)
<Response [502]>
flats
ERROR
Expecting value: line 1 column 1 (char 0)
<Response [502]>
mobile home
ERROR
Expecting value: line 1 column 1 (char 0)
<Response [502]>
rv
ERROR
Expecting value: line 1 column 1 (char 0)
<Response [502]>
trailer
ERROR
Expecting value: line 1 column 1 (char 0)
<Response [502]>
coast
ERROR
Expecting value: line 1 column 1 (char 0)
<Response [502]>
shore
ERROR
Expecting value: line 1 column 1 (char 0)
<Response [502]>
other coastal location
ERROR
Expecting value: line 1 column 1 (char 0)
<Response [502]>
resort
ERROR
Expecting value: line 1 column 1 (char 0)
<Response [502]>
arena
ERROR
Expecting value: line 1 column 1 (char 0)
<Response [502]>
city square
ERROR
Expecting value: line 1 column 1 (char 0)
<Response [502]>
basketball court
ERROR
Expecting value: line 1 column 1 (char 0)
<Response [502]>
soccer field
ERROR
Expecting value: line 1 column 1 (char 0)
<Response [502]>
baseball field
ERROR
Expecting value: line 1 column 1 (char 0)
<Response [502]>
bar
ERROR
Expecting value: line 1 column 1 (char 0)
<Response [502]>
cafe
ERROR
Expecting value: line 1 column 1 (char 0)
<Response [502]>
lost control
ERROR
Expecting value: line 1 column 1 (char 0)
<Response [502]>
tire blowout
ERROR
Expecting value: line 1 column 1 (char 0)
<Response [502]>
distracted driving
ERROR
Expecting value: line 1 column 1 (char 0)
<Response [502]>
horse
ERROR
Expecting value: line 1 column 1 (char 0)
<Response [502]>
african elephant
ERROR
Expecting value: line 1 column 1 (char 0)
<Response [502]>
asian elephant
ERROR
Expecting value: line 1 column 1 (char 0)
<Response [502]>
purring
ERROR
Expecting value: line 1 column 1 (char 0)
<Response [502]>
rubbing
ERROR
Expecting value: line 1 column 1 (char 0)
<Response [502]>
goat
ERROR
Expecting value: line 1 column 1 (char 0)
<Response [502]>
quarter horse
ERROR
Expecting value: line 1 column 1 (char 0)
<Response [502]>
thoroughbred
ERROR
Expecting value: line 1 column 1 (char 0)
<Response [502]>
arabian
ERROR
Expecting value: line 1 column 1 (char 0)
<Response [502]>
kitten
ERROR
Expecting value: line 1 column 1 (char 0)
<Response [502]>
5
ERROR
Expecting value: line 1 column 1 (char 0)
<Response [502]>
other locations
ERROR
Expecting value: line 1 column 1 (char 0)
<Response [502]>
wild
ERROR
Expecting value: line 1 column 1 (char 0)
<Response [502]>
sanctuary
ERROR
Expecting value: line 1 column 1 (char 0)
<Response [502]>
inside the car
ERROR
Expecting value: line 1 column 1 (char 0)
<Response [502]>
outside the car
ERROR
Expecting value: line 1 column 1 (char 0)
<Response [502]>
cage
ERROR
Expecting value: line 1 column 1 (char 0)
<Response [502]>
carrier
ERROR
Expecting value: line 1 column 1 (char 0)
<Response [502]>
rear window
ERROR
Expecting value: line 1 column 1 (char 0)
<Response [502]>
other attitude
ERROR
Expecting value: line 1 column 1 (char 0)
<Response [502]>
calf
ERROR
Expecting value: line 1 column 1 (char 0)
<Response [502]>
tattoo
ERROR
Expecting value: line 1 column 1 (char 0)
<Response [502]>
ears
ERROR
Expecting value: line 1 column 1 (char 0)
<Response [502]>
in a purse
ERROR
Expecting value: line 1 column 1 (char 0)
<Response [502]>
in a carrier
ERROR
Expecting value: line 1 column 1 (char 0)
<Response [502]>
bridle
ERROR
Expecting value: line 1 column 1 (char 0)
<Response [502]>
saddle
ERROR
Expecting value: line 1 column 1 (char 0)
<Response [502]>
tack
ERROR
Expecting value: line 1 column 1 (char 0)
<Response [502]>
same species
ERROR
Expecting value: line 1 column 1 (char 0)
<Response [502]>
other position
ERROR
Expecting value: line 1 column 1 (char 0)
<Response [502]>
juvenile
ERROR
Expecting value: line 1 column 1 (char 0)
<Response [502]>
spots
ERROR
Expecting value: line 1 column 1 (char 0)
<Response [502]>
stripes
ERROR
Expecting value: line 1 column 1 (char 0)
<Response [502]>
wavy
ERROR
Expecting value: line 1 column 1 (char 0)
<Response [502]>
shrimp
ERROR
Expecting value: line 1 column 1 (char 0)
<Response [502]>
crab
ERROR
Expecting value: line 1 column 1 (char 0)
<Response [502]>
hairless
ERROR
Expecting value: line 1 column 1 (char 0)
<Response [502]>
shaved
ERROR
Expecting value: line 1 column 1 (char 0)
<Response [502]>
center
ERROR
Expecting value: line 1 column 1 (char 0)
<Response [502]>
in container
ERROR
Expecting value: line 1 column 1 (char 0)
<Response [502]>
on lap
ERROR
Expecting value: line 1 column 1 (char 0)
<Response [502]>
on ground
ERROR
Expecting value: line 1 column 1 (char 0)
<Response [502]>
five
ERROR
Expecting value: line 1 column 1 (char 0)
<Response [502]>
solo
ERROR
Expecting value: line 1 column 1 (char 0)
<Response [502]>
4+
ERROR
Expecting value: line 1 column 1 (char 0)
<Response [502]>
small spots
ERROR
Expecting value: line 1 column 1 (char 0)
<Response [502]>
medium spots
ERROR
Expecting value: line 1 column 1 (char 0)
<Response [502]>
large spots
ERROR
Expecting value: line 1 column 1 (char 0)
<Response [502]>
resident
ERROR
Expecting value: line 1 column 1 (char 0)
<Response [502]>
migratory
ERROR
Expecting value: line 1 column 1 (char 0)
<Response [502]>
migrating
ERROR
Expecting value: line 1 column 1 (char 0)
<Response [502]>
angus
ERROR
Expecting value: line 1 column 1 (char 0)
<Response [502]>
holstein
ERROR
Expecting value: line 1 column 1 (char 0)
<Response [502]>
charolais
ERROR
Expecting value: line 1 column 1 (char 0)
<Response [502]>
hereford
ERROR
Expecting value: line 1 column 1 (char 0)
<Response [502]>
short-haired
ERROR
Expecting value: line 1 column 1 (char 0)
<Response [502]>
long-haired
ERROR
Expecting value: line 1 column 1 (char 0)
<Response [502]>
fluffy
ERROR
Expecting value: line 1 column 1 (char 0)
<Response [502]>
other elephant species
ERROR
Expecting value: line 1 column 1 (char 0)
<Response [502]>
gray elephant
ERROR
Expecting value: line 1 column 1 (char 0)
<Response [502]>
afraid
ERROR
Expecting value: line 1 column 1 (char 0)
<Response [502]>
grizzly bear
ERROR
Expecting value: line 1 column 1 (char 0)
<Response [502]>
polar bear
ERROR
Expecting value: line 1 column 1 (char 0)
<Response [502]>
black bear
ERROR
Expecting value: line 1 column 1 (char 0)
<Response [502]>
shetland pony
ERROR
Expecting value: line 1 column 1 (char 0)
<Response [502]>
body
ERROR
Expecting value: line 1 column 1 (char 0)
<Response [502]>
paws
ERROR
Expecting value: line 1 column 1 (char 0)
<Response [502]>
railcar
ERROR
Expecting value: line 1 column 1 (char 0)
<Response [502]>
tank
ERROR
Expecting value: line 1 column 1 (char 0)
<Response [502]>
cow
ERROR
Expecting value: line 1 column 1 (char 0)
<Response [502]>
rabbit
ERROR
Expecting value: line 1 column 1 (char 0)
<Response [502]>
cercopithecus aethiops
ERROR
Expecting value: line 1 column 1 (char 0)
<Response [502]>
macaca mulatta
ERROR
Expecting value: line 1 column 1 (char 0)
<Response [502]>
no accessory
ERROR
Expecting value: line 1 column 1 (char 0)
<Response [502]>
raised
ERROR
Expecting value: line 1 column 1 (char 0)
<Response [502]>
lowered
ERROR
Expecting value: line 1 column 1 (char 0)
<Response [502]>
alert
ERROR
Expecting value: line 1 column 1 (char 0)
<Response [502]>
tense
ERROR
Expecting value: line 1 column 1 (char 0)
<Response [502]>
smaller
ERROR
Expecting value: line 1 column 1 (char 0)
<Response [502]>
larger
ERROR
Expecting value: line 1 column 1 (char 0)
<Response [502]>
same size
ERROR
Expecting value: line 1 column 1 (char 0)
<Response [502]>
curled up
ERROR
Expecting value: line 1 column 1 (char 0)
<Response [502]>
no hat
ERROR
Expecting value: line 1 column 1 (char 0)
<Response [502]>
away
ERROR
Expecting value: line 1 column 1 (char 0)
<Response [502]>
toward
ERROR
Expecting value: line 1 column 1 (char 0)
<Response [502]>
french bulldog
ERROR
Expecting value: line 1 column 1 (char 0)
<Response [502]>
dull
ERROR
Expecting value: line 1 column 1 (char 0)
<Response [502]>
shiny
ERROR
Expecting value: line 1 column 1 (char 0)
<Response [502]>
mangy
ERROR
Expecting value: line 1 column 1 (char 0)
<Response [502]>
no ears
ERROR
Expecting value: line 1 column 1 (char 0)
<Response [502]>
short ears
ERROR
Expecting value: line 1 column 1 (char 0)
<Response [502]>
long ears
ERROR
Expecting value: line 1 column 1 (char 0)
<Response [502]>
tailless
ERROR
Expecting value: line 1 column 1 (char 0)
<Response [502]>
very large
ERROR
Expecting value: line 1 column 1 (char 0)
<Response [502]>
single sheep
ERROR
Expecting value: line 1 column 1 (char 0)
<Response [502]>
flock of sheep
ERROR
Expecting value: line 1 column 1 (char 0)
<Response [502]>
group of sheep
ERROR
Expecting value: line 1 column 1 (char 0)
<Response [502]>
cub
ERROR
Expecting value: line 1 column 1 (char 0)
<Response [502]>
on the sink
ERROR
Expecting value: line 1 column 1 (char 0)
<Response [502]>
on the floor
ERROR
Expecting value: line 1 column 1 (char 0)
<Response [502]>
on the toilet
ERROR
Expecting value: line 1 column 1 (char 0)
<Response [502]>
hanging out of window
ERROR
Expecting value: line 1 column 1 (char 0)
<Response [502]>
sticking out
ERROR
Expecting value: line 1 column 1 (char 0)
<Response [502]>
perched
ERROR
Expecting value: line 1 column 1 (char 0)
<Response [502]>
plumage
ERROR
Expecting value: line 1 column 1 (char 0)
<Response [502]>
fur
ERROR
Expecting value: line 1 column 1 (char 0)
<Response [502]>
feathers
ERROR
Expecting value: line 1 column 1 (char 0)
<Response [502]>
skin
ERROR
Expecting value: line 1 column 1 (char 0)
<Response [502]>
captive
ERROR
Expecting value: line 1 column 1 (char 0)
<Response [502]>
2 legs
ERROR
Expecting value: line 1 column 1 (char 0)
<Response [502]>
4 legs
ERROR
Expecting value: line 1 column 1 (char 0)
<Response [502]>
grizzly
ERROR
Expecting value: line 1 column 1 (char 0)
<Response [502]>
polar
ERROR
Expecting value: line 1 column 1 (char 0)
<Response [502]>
box
ERROR
Expecting value: line 1 column 1 (char 0)
<Response [502]>
delta
ERROR
Expecting value: line 1 column 1 (char 0)
<Response [502]>
diamond
ERROR
Expecting value: line 1 column 1 (char 0)
<Response [502]>
flying high
ERROR
Expecting value: line 1 column 1 (char 0)
<Response [502]>
flying low
ERROR
Expecting value: line 1 column 1 (char 0)
<Response [502]>
in the foreground
ERROR
Expecting value: line 1 column 1 (char 0)
<Response [502]>
in the distance
ERROR
Expecting value: line 1 column 1 (char 0)
<Response [502]>
behind the man
ERROR
Expecting value: line 1 column 1 (char 0)
<Response [502]>
to the side
ERROR
Expecting value: line 1 column 1 (char 0)
<Response [502]>
in the sky
ERROR
Expecting value: line 1 column 1 (char 0)
<Response [502]>
on a pole
ERROR
Expecting value: line 1 column 1 (char 0)
<Response [502]>
treetop
ERROR
Expecting value: line 1 column 1 (char 0)
<Response [502]>
tethered
ERROR
Expecting value: line 1 column 1 (char 0)
<Response [502]>
in a tree
ERROR
Expecting value: line 1 column 1 (char 0)
<Response [502]>
nylon
ERROR
Expecting value: line 1 column 1 (char 0)
<Response [502]>
controlled
ERROR
Expecting value: line 1 column 1 (char 0)
<Response [502]>
uncontrolled
ERROR
Expecting value: line 1 column 1 (char 0)
<Response [502]>
squares
ERROR
Expecting value: line 1 column 1 (char 0)
<Response [502]>
circles
ERROR
Expecting value: line 1 column 1 (char 0)
<Response [502]>
triangles
ERROR
Expecting value: line 1 column 1 (char 0)
<Response [502]>
teardrop
ERROR
Expecting value: line 1 column 1 (char 0)
<Response [502]>
rhombus
ERROR
Expecting value: line 1 column 1 (char 0)
<Response [502]>
wedge
ERROR
Expecting value: line 1 column 1 (char 0)
<Response [502]>
grassy field
ERROR
Expecting value: line 1 column 1 (char 0)
<Response [502]>
curved lines
ERROR
Expecting value: line 1 column 1 (char 0)
<Response [502]>
animals
ERROR
Expecting value: line 1 column 1 (char 0)
<Response [502]>
straight lines
ERROR
Expecting value: line 1 column 1 (char 0)
<Response [502]>
fancy
ERROR
Expecting value: line 1 column 1 (char 0)
<Response [502]>
downward
ERROR
Expecting value: line 1 column 1 (char 0)
<Response [502]>
upward
ERROR
Expecting value: line 1 column 1 (char 0)
<Response [502]>
tangled
ERROR
Expecting value: line 1 column 1 (char 0)
<Response [502]>
flying horizontally
ERROR
Expecting value: line 1 column 1 (char 0)
<Response [502]>
flying vertically
ERROR
Expecting value: line 1 column 1 (char 0)
<Response [502]>
danger sign
ERROR
Expecting value: line 1 column 1 (char 0)
<Response [502]>
parking sign
ERROR
Expecting value: line 1 column 1 (char 0)
<Response [502]>
swimming area sign
ERROR
Expecting value: line 1 column 1 (char 0)
<Response [502]>
muddy
ERROR
Expecting value: line 1 column 1 (char 0)
<Response [502]>
sandy
ERROR
Expecting value: line 1 column 1 (char 0)
<Response [502]>
sandy beach
ERROR
Expecting value: line 1 column 1 (char 0)
<Response [502]>
rocky beach
ERROR
Expecting value: line 1 column 1 (char 0)
<Response [502]>
mixed beach
ERROR
Expecting value: line 1 column 1 (char 0)
<Response [502]>
pebble beach
ERROR
Expecting value: line 1 column 1 (char 0)
<Response [502]>
pond
ERROR
Expecting value: line 1 column 1 (char 0)
<Response [502]>
skate park
ERROR
Expecting value: line 1 column 1 (char 0)
<Response [502]>
recreational area
ERROR
Expecting value: line 1 column 1 (char 0)
<Response [502]>
green space
ERROR
Expecting value: line 1 column 1 (char 0)
<Response [502]>
bike path
ERROR
Expecting value: line 1 column 1 (char 0)
<Response [502]>
walking trail
ERROR
Expecting value: line 1 column 1 (char 0)
<Response [502]>
dog park
ERROR
Expecting value: line 1 column 1 (char 0)
<Response [502]>
halfpipe
ERROR
Expecting value: line 1 column 1 (char 0)
<Response [502]>
bowl
ERROR
Expecting value: line 1 column 1 (char 0)
<Response [502]>
specific park
ERROR
Expecting value: line 1 column 1 (char 0)
<Response [502]>
any park
ERROR
Expecting value: line 1 column 1 (char 0)
<Response [502]>
forested
ERROR
Expecting value: line 1 column 1 (char 0)
<Response [502]>
beachy
ERROR
Expecting value: line 1 column 1 (char 0)
<Response [502]>
grassy
ERROR
Expecting value: line 1 column 1 (char 0)
<Response [502]>
hp
ERROR
Expecting value: line 1 column 1 (char 0)
<Response [502]>
dell
ERROR
Expecting value: line 1 column 1 (char 0)
<Response [502]>
2-in-1
ERROR
Expecting value: line 1 column 1 (char 0)
<Response [502]>
touchscreen
ERROR
Expecting value: line 1 column 1 (char 0)
<Response [502]>
non-touchscreen
ERROR
Expecting value: line 1 column 1 (char 0)
<Response [502]>
gaming laptop
ERROR
Expecting value: line 1 column 1 (char 0)
<Response [502]>
size
ERROR
Expecting value: line 1 column 1 (char 0)
<Response [502]>
brand
ERROR
Expecting value: line 1 column 1 (char 0)
<Response [502]>
screen size
ERROR
Expecting value: line 1 column 1 (char 0)
<Response [502]>
model
ERROR
Expecting value: line 1 column 1 (char 0)
<Response [502]>
2-in-1 convertible
ERROR
Expecting value: line 1 column 1 (char 0)
<Response [502]>
dell xps
ERROR
Expecting value: line 1 column 1 (char 0)
<Response [502]>
hp spectre
ERROR
Expecting value: line 1 column 1 (char 0)
<Response [502]>
macbook
ERROR
Expecting value: line 1 column 1 (char 0)
<Response [502]>
hp pavilion
ERROR
Expecting value: line 1 column 1 (char 0)
<Response [502]>
macbook air
ERROR
Expecting value: line 1 column 1 (char 0)
<Response [502]>
browsing
ERROR
Expecting value: line 1 column 1 (char 0)
<Response [502]>
watching videos
ERROR
Expecting value: line 1 column 1 (char 0)
<Response [502]>
gaming
ERROR
Expecting value: line 1 column 1 (char 0)
<Response [502]>
web browsing
ERROR
Expecting value: line 1 column 1 (char 0)
<Response [502]>
email
ERROR
Expecting value: line 1 column 1 (char 0)
<Response [502]>
video watching
ERROR
Expecting value: line 1 column 1 (char 0)
<Response [502]>
refurbished
ERROR
Expecting value: line 1 column 1 (char 0)
<Response [502]>
personal
ERROR
Expecting value: line 1 column 1 (char 0)
<Response [502]>
silver
ERROR
Expecting value: line 1 column 1 (char 0)
<Response [502]>
13 inches
ERROR
Expecting value: line 1 column 1 (char 0)
<Response [502]>
11 inches
ERROR
Expecting value: line 1 column 1 (char 0)
<Response [502]>
17 inches
ERROR
Expecting value: line 1 column 1 (char 0)
<Response [502]>
15 inches
ERROR
Expecting value: line 1 column 1 (char 0)
<Response [502]>
chromebook
ERROR
Expecting value: line 1 column 1 (char 0)
<Response [502]>
windows laptop
ERROR
Expecting value: line 1 column 1 (char 0)
<Response [502]>
email checking
ERROR
Expecting value: line 1 column 1 (char 0)
<Response [502]>
video streaming
ERROR
Expecting value: line 1 column 1 (char 0)
<Response [502]>
powered off
ERROR
Expecting value: line 1 column 1 (char 0)
<Response [502]>
powered on
ERROR
Expecting value: line 1 column 1 (char 0)
<Response [502]>
macos
ERROR
Expecting value: line 1 column 1 (char 0)
<Response [502]>
windows
ERROR
Expecting value: line 1 column 1 (char 0)
<Response [502]>
tablet pc
ERROR
Expecting value: line 1 column 1 (char 0)
<Response [502]>
ultrabook
ERROR
Expecting value: line 1 column 1 (char 0)
<Response [502]>
intel core i7
ERROR
Expecting value: line 1 column 1 (char 0)
<Response [502]>
intel core i5
ERROR
Expecting value: line 1 column 1 (char 0)
<Response [502]>
amd ryzen 5
ERROR
Expecting value: line 1 column 1 (char 0)
<Response [502]>
intel
ERROR
Expecting value: line 1 column 1 (char 0)
<Response [502]>
amd
ERROR
Expecting value: line 1 column 1 (char 0)
<Response [502]>
chromeos
ERROR
Expecting value: line 1 column 1 (char 0)
<Response [502]>
linux
ERROR
Expecting value: line 1 column 1 (char 0)
<Response [502]>
1440p
ERROR
Expecting value: line 1 column 1 (char 0)
<Response [502]>
1080p
ERROR
Expecting value: line 1 column 1 (char 0)
<Response [502]>
4k
ERROR
Expecting value: line 1 column 1 (char 0)
<Response [502]>
between legs
ERROR
Expecting value: line 1 column 1 (char 0)
<Response [502]>
in bag
ERROR
Expecting value: line 1 column 1 (char 0)
<Response [502]>
storage
ERROR
Expecting value: line 1 column 1 (char 0)
<Response [502]>
memory
ERROR
Expecting value: line 1 column 1 (char 0)
<Response [502]>
processors
ERROR
Expecting value: line 1 column 1 (char 0)
<Response [502]>
mousepad
ERROR
Expecting value: line 1 column 1 (char 0)
<Response [502]>
keyboard
ERROR
Expecting value: line 1 column 1 (char 0)
<Response [502]>
mouse
ERROR
Expecting value: line 1 column 1 (char 0)
<Response [502]>
striped case
ERROR
Expecting value: line 1 column 1 (char 0)
<Response [502]>
conference table
ERROR
Expecting value: line 1 column 1 (char 0)
<Response [502]>
working table
ERROR
Expecting value: line 1 column 1 (char 0)
<Response [502]>
casual setting
ERROR
Expecting value: line 1 column 1 (char 0)
<Response [502]>
formal setting
ERROR
Expecting value: line 1 column 1 (char 0)
<Response [502]>
rectangular table
ERROR
Expecting value: line 1 column 1 (char 0)
<Response [502]>
round table
ERROR
Expecting value: line 1 column 1 (char 0)
<Response [502]>
dinner party
ERROR
Expecting value: line 1 column 1 (char 0)
<Response [502]>
elegant
ERROR
Expecting value: line 1 column 1 (char 0)
<Response [502]>
office supplies
ERROR
Expecting value: line 1 column 1 (char 0)
<Response [502]>
computers
ERROR
Expecting value: line 1 column 1 (char 0)
<Response [502]>
other electronics
ERROR
Expecting value: line 1 column 1 (char 0)
<Response [502]>
cluttered
ERROR
Expecting value: line 1 column 1 (char 0)
<Response [502]>
tomato sauce
ERROR
Expecting value: line 1 column 1 (char 0)
<Response [502]>
cheese
ERROR
Expecting value: line 1 column 1 (char 0)
<Response [502]>
one item
ERROR
Expecting value: line 1 column 1 (char 0)
<Response [502]>
few items
ERROR
Expecting value: line 1 column 1 (char 0)
<Response [502]>
several items
ERROR
Expecting value: line 1 column 1 (char 0)
<Response [502]>
no items
ERROR
Expecting value: line 1 column 1 (char 0)
<Response [502]>
heavy load
ERROR
Expecting value: line 1 column 1 (char 0)
<Response [502]>
medium load
ERROR
Expecting value: line 1 column 1 (char 0)
<Response [502]>
kitchen table
ERROR
Expecting value: line 1 column 1 (char 0)
<Response [502]>
fully occupied
ERROR
Expecting value: line 1 column 1 (char 0)
<Response [502]>
partially occupied
ERROR
Expecting value: line 1 column 1 (char 0)
<Response [502]>
occupied by person
ERROR
Expecting value: line 1 column 1 (char 0)
<Response [502]>
cup
ERROR
Expecting value: line 1 column 1 (char 0)
<Response [502]>
plate
ERROR
Expecting value: line 1 column 1 (char 0)
<Response [502]>
rookie
ERROR
Expecting value: line 1 column 1 (char 0)
<Response [502]>
leader
ERROR
Expecting value: line 1 column 1 (char 0)
<Response [502]>
follower
ERROR
Expecting value: line 1 column 1 (char 0)
<Response [502]>
champion
ERROR
Expecting value: line 1 column 1 (char 0)
<Response [502]>
chaser
ERROR
Expecting value: line 1 column 1 (char 0)
<Response [502]>
slightly reclined
ERROR
Expecting value: line 1 column 1 (char 0)
<Response [502]>
other sponsors
ERROR
Expecting value: line 1 column 1 (char 0)
<Response [502]>
secondary sponsor
ERROR
Expecting value: line 1 column 1 (char 0)
<Response [502]>
main sponsor
ERROR
Expecting value: line 1 column 1 (char 0)
<Response [502]>
determined
ERROR
Expecting value: line 1 column 1 (char 0)
<Response [502]>
slung low
ERROR
Expecting value: line 1 column 1 (char 0)
<Response [502]>
steering
ERROR
Expecting value: line 1 column 1 (char 0)
<Response [502]>
easy
ERROR
Expecting value: line 1 column 1 (char 0)
<Response [502]>
challenging
ERROR
Expecting value: line 1 column 1 (char 0)
<Response [502]>
difficult
ERROR
Expecting value: line 1 column 1 (char 0)
<Response [502]>
uphill
ERROR
Expecting value: line 1 column 1 (char 0)
<Response [502]>
hills
ERROR
Expecting value: line 1 column 1 (char 0)
<Response [502]>
multi-use trail
ERROR
Expecting value: line 1 column 1 (char 0)
<Response [502]>
single track
ERROR
Expecting value: line 1 column 1 (char 0)
<Response [502]>
double track
ERROR
Expecting value: line 1 column 1 (char 0)
<Response [502]>
ungroomed
ERROR
Expecting value: line 1 column 1 (char 0)
<Response [502]>
groomed
ERROR
Expecting value: line 1 column 1 (char 0)
<Response [502]>
well-groomed
ERROR
Expecting value: line 1 column 1 (char 0)
<Response [502]>
well-worn
ERROR
Expecting value: line 1 column 1 (char 0)
<Response [502]>
freshly groomed
ERROR
Expecting value: line 1 column 1 (char 0)
<Response [502]>
ungroomed trail
ERROR
Expecting value: line 1 column 1 (char 0)
<Response [502]>
groomed trail
ERROR
Expecting value: line 1 column 1 (char 0)
<Response [502]>
backcountry trail
ERROR
Expecting value: line 1 column 1 (char 0)
<Response [502]>
dirt-track
ERROR
Expecting value: line 1 column 1 (char 0)
<Response [502]>
enduro
ERROR
Expecting value: line 1 column 1 (char 0)
<Response [502]>
letters
ERROR
Expecting value: line 1 column 1 (char 0)
<Response [502]>
patches
ERROR
Expecting value: line 1 column 1 (char 0)
<Response [502]>
logos
ERROR
Expecting value: line 1 column 1 (char 0)
<Response [502]>
numbers
ERROR
Expecting value: line 1 column 1 (char 0)
<Response [502]>
insignia
ERROR
Expecting value: line 1 column 1 (char 0)
<Response [502]>
registration numbers
ERROR
Expecting value: line 1 column 1 (char 0)
<Response [502]>
nation
ERROR
Expecting value: line 1 column 1 (char 0)
<Response [502]>
unit
ERROR
Expecting value: line 1 column 1 (char 0)
<Response [502]>
other models
ERROR
Expecting value: line 1 column 1 (char 0)
<Response [502]>
delta air lines
ERROR
Expecting value: line 1 column 1 (char 0)
<Response [502]>
standard livery
ERROR
Expecting value: line 1 column 1 (char 0)
<Response [502]>
custom livery
ERROR
Expecting value: line 1 column 1 (char 0)
<Response [502]>
special livery
ERROR
Expecting value: line 1 column 1 (char 0)
<Response [502]>
normal livery
ERROR
Expecting value: line 1 column 1 (char 0)
<Response [502]>
9-10
ERROR
Expecting value: line 1 column 1 (char 0)
<Response [502]>
n345xy
ERROR
Expecting value: line 1 column 1 (char 0)
<Response [502]>
n345ef
ERROR
Expecting value: line 1 column 1 (char 0)
<Response [502]>
n123ab
ERROR
Expecting value: line 1 column 1 (char 0)
<Response [502]>
n234cd
ERROR
Expecting value: line 1 column 1 (char 0)
<Response [502]>
american airlines
ERROR
Expecting value: line 1 column 1 (char 0)
<Response [502]>
delta airlines
ERROR
Expecting value: line 1 column 1 (char 0)
<Response [502]>
united airlines
ERROR
Expecting value: line 1 column 1 (char 0)
<Response [502]>
personalized plate
ERROR
Expecting value: line 1 column 1 (char 0)
<Response [502]>
numeric code
ERROR
Expecting value: line 1 column 1 (char 0)
<Response [502]>
alphanumeric code
ERROR
Expecting value: line 1 column 1 (char 0)
<Response [502]>
alphanumeric
ERROR
Expecting value: line 1 column 1 (char 0)
<Response [502]>
a6-ael
ERROR
Expecting value: line 1 column 1 (char 0)
<Response [502]>
a6-eid
ERROR
Expecting value: line 1 column 1 (char 0)
<Response [502]>
country-specific
ERROR
Expecting value: line 1 column 1 (char 0)
<Response [502]>
letter code
ERROR
Expecting value: line 1 column 1 (char 0)
<Response [502]>
c-ghfa
ERROR
Expecting value: line 1 column 1 (char 0)
<Response [502]>
n74712
ERROR
Expecting value: line 1 column 1 (char 0)
<Response [502]>
a61200
ERROR
Expecting value: line 1 column 1 (char 0)
<Response [502]>
n797sw
ERROR
Expecting value: line 1 column 1 (char 0)
<Response [502]>
n786sw
ERROR
Expecting value: line 1 column 1 (char 0)
<Response [502]>
common
ERROR
Expecting value: line 1 column 1 (char 0)
<Response [502]>
unique
ERROR
Expecting value: line 1 column 1 (char 0)
<Response [502]>
bg-something
ERROR
Expecting value: line 1 column 1 (char 0)
<Response [502]>
other registration
ERROR
Expecting value: line 1 column 1 (char 0)
<Response [502]>
wedge-shaped
ERROR
Expecting value: line 1 column 1 (char 0)
<Response [502]>
transport
ERROR
Expecting value: line 1 column 1 (char 0)
<Response [502]>
pointy
ERROR
Expecting value: line 1 column 1 (char 0)
<Response [502]>
freshly painted
ERROR
Expecting value: line 1 column 1 (char 0)
<Response [502]>
in need of repair
ERROR
Expecting value: line 1 column 1 (char 0)
<Response [502]>
well maintained
ERROR
Expecting value: line 1 column 1 (char 0)
<Response [502]>
performing aerial display
ERROR
Expecting value: line 1 column 1 (char 0)
<Response [502]>
other role
ERROR
Expecting value: line 1 column 1 (char 0)
<Response [502]>
transporting passengers
ERROR
Expecting value: line 1 column 1 (char 0)
<Response [502]>
fighter
ERROR
Expecting value: line 1 column 1 (char 0)
<Response [502]>
training
ERROR
Expecting value: line 1 column 1 (char 0)
<Response [502]>
repainted
ERROR
Expecting value: line 1 column 1 (char 0)
<Response [502]>
gate
ERROR
Expecting value: line 1 column 1 (char 0)
<Response [502]>
multi-passenger
ERROR
Expecting value: line 1 column 1 (char 0)
<Response [502]>
single occupancy
ERROR
Expecting value: line 1 column 1 (char 0)
<Response [502]>
descending
ERROR
Expecting value: line 1 column 1 (char 0)
<Response [502]>
climbing
ERROR
Expecting value: line 1 column 1 (char 0)
<Response [502]>
hybrid
ERROR
Expecting value: line 1 column 1 (char 0)
<Response [502]>
jet
ERROR
Expecting value: line 1 column 1 (char 0)
<Response [502]>
small plane
ERROR
Expecting value: line 1 column 1 (char 0)
<Response [502]>
helicopter
ERROR
Expecting value: line 1 column 1 (char 0)
<Response [502]>
parachute aircraft
ERROR
Expecting value: line 1 column 1 (char 0)
<Response [502]>
major damage
ERROR
Expecting value: line 1 column 1 (char 0)
<Response [502]>
total loss
ERROR
Expecting value: line 1 column 1 (char 0)
<Response [502]>
minor damage
ERROR
Expecting value: line 1 column 1 (char 0)
<Response [502]>
central
ERROR
Expecting value: line 1 column 1 (char 0)
<Response [502]>
near terminal
ERROR
Expecting value: line 1 column 1 (char 0)
<Response [502]>
far terminal
ERROR
Expecting value: line 1 column 1 (char 0)
<Response [502]>
green and white
ERROR
Expecting value: line 1 column 1 (char 0)
<Response [502]>
red and white
ERROR
Expecting value: line 1 column 1 (char 0)
<Response [502]>
red and yellow
ERROR
Expecting value: line 1 column 1 (char 0)
<Response [502]>
naval blue
ERROR
Expecting value: line 1 column 1 (char 0)
<Response [502]>
olive drab
ERROR
Expecting value: line 1 column 1 (char 0)
<Response [502]>
custom paint job
ERROR
Expecting value: line 1 column 1 (char 0)
<Response [502]>
flying on its side
ERROR
Expecting value: line 1 column 1 (char 0)
<Response [502]>
flying at an angle
ERROR
Expecting value: line 1 column 1 (char 0)
<Response [502]>
flying in a curve
ERROR
Expecting value: line 1 column 1 (char 0)
<Response [502]>
flying in a spin
ERROR
Expecting value: line 1 column 1 (char 0)
<Response [502]>
flying in a loop
ERROR
Expecting value: line 1 column 1 (char 0)
<Response [502]>
towed
ERROR
Expecting value: line 1 column 1 (char 0)
<Response [502]>
parked on tarmac
ERROR
Expecting value: line 1 column 1 (char 0)
<Response [502]>
parked in hangar
ERROR
Expecting value: line 1 column 1 (char 0)
<Response [502]>
mid-20th century
ERROR
Expecting value: line 1 column 1 (char 0)
<Response [502]>
post-world war ii
ERROR
Expecting value: line 1 column 1 (char 0)
<Response [502]>
late 20th century
ERROR
Expecting value: line 1 column 1 (char 0)
<Response [502]>
pre-world war ii
ERROR
Expecting value: line 1 column 1 (char 0)
<Response [502]>
town b
ERROR
Expecting value: line 1 column 1 (char 0)
<Response [502]>
town c
ERROR
Expecting value: line 1 column 1 (char 0)
<Response [502]>
town a
ERROR
Expecting value: line 1 column 1 (char 0)
<Response [502]>
small town
ERROR
Expecting value: line 1 column 1 (char 0)
<Response [502]>
big city
ERROR
Expecting value: line 1 column 1 (char 0)
<Response [502]>
large city
ERROR
Expecting value: line 1 column 1 (char 0)
<Response [502]>
coastal town
ERROR
Expecting value: line 1 column 1 (char 0)
<Response [502]>
lake town
ERROR
Expecting value: line 1 column 1 (char 0)
<Response [502]>
river town
ERROR
Expecting value: line 1 column 1 (char 0)
<Response [502]>
midwestern
ERROR
Expecting value: line 1 column 1 (char 0)
<Response [502]>
medium-sized town
ERROR
Expecting value: line 1 column 1 (char 0)
<Response [502]>
quiet town
ERROR
Expecting value: line 1 column 1 (char 0)
<Response [502]>
local culture
ERROR
Expecting value: line 1 column 1 (char 0)
<Response [502]>
cultural hub
ERROR
Expecting value: line 1 column 1 (char 0)
<Response [502]>
tourist town
ERROR
Expecting value: line 1 column 1 (char 0)
<Response [502]>
religious
ERROR
Expecting value: line 1 column 1 (char 0)
<Response [502]>
cultural
ERROR
Expecting value: line 1 column 1 (char 0)
<Response [502]>
indigenous
ERROR
Expecting value: line 1 column 1 (char 0)
<Response [502]>
medieval
ERROR
Expecting value: line 1 column 1 (char 0)
<Response [502]>
renaissance
ERROR
Expecting value: line 1 column 1 (char 0)
<Response [502]>
colonial
ERROR
Expecting value: line 1 column 1 (char 0)
<Response [502]>
middle ages
ERROR
Expecting value: line 1 column 1 (char 0)
<Response [502]>
rural town
ERROR
Expecting value: line 1 column 1 (char 0)
<Response [502]>
urban town
ERROR
Expecting value: line 1 column 1 (char 0)
<Response [502]>
mountain town
ERROR
Expecting value: line 1 column 1 (char 0)
<Response [502]>
busy
ERROR
Expecting value: line 1 column 1 (char 0)
<Response [502]>
dining room
ERROR
Expecting value: line 1 column 1 (char 0)
<Response [502]>
other room
ERROR
Expecting value: line 1 column 1 (char 0)
<Response [502]>
sunlight
ERROR
Expecting value: line 1 column 1 (char 0)
<Response [502]>
one pet
ERROR
Expecting value: line 1 column 1 (char 0)
<Response [502]>
multiple pets
ERROR
Expecting value: line 1 column 1 (char 0)
<Response [502]>
no furniture
ERROR
Expecting value: line 1 column 1 (char 0)
<Response [502]>
many furniture
ERROR
Expecting value: line 1 column 1 (char 0)
<Response [502]>
few furniture
ERROR
Expecting value: line 1 column 1 (char 0)
<Response [502]>
unchanged
ERROR
Expecting value: line 1 column 1 (char 0)
<Response [502]>
destroyed
ERROR
Expecting value: line 1 column 1 (char 0)
<Response [502]>
decaying
ERROR
Expecting value: line 1 column 1 (char 0)
<Response [502]>
separate rooms
ERROR
Expecting value: line 1 column 1 (char 0)
<Response [502]>
open floor plan
ERROR
Expecting value: line 1 column 1 (char 0)
<Response [502]>
4-5 tables
ERROR
Expecting value: line 1 column 1 (char 0)
<Response [502]>
2-3 tables
ERROR
Expecting value: line 1 column 1 (char 0)
<Response [502]>
more than 5 tables
ERROR
Expecting value: line 1 column 1 (char 0)
<Response [502]>
1 table
ERROR
Expecting value: line 1 column 1 (char 0)
<Response [502]>
master bedroom
ERROR
Expecting value: line 1 column 1 (char 0)
<Response [502]>
child's bedroom
ERROR
Expecting value: line 1 column 1 (char 0)
<Response [502]>
guest bedroom
ERROR
Expecting value: line 1 column 1 (char 0)
<Response [502]>
during renovation
ERROR
Expecting value: line 1 column 1 (char 0)
<Response [502]>
post-renovation
ERROR
Expecting value: line 1 column 1 (char 0)
<Response [502]>
pre-renovation
ERROR
Expecting value: line 1 column 1 (char 0)
<Response [502]>
fragile
ERROR
Expecting value: line 1 column 1 (char 0)
<Response [502]>
lightweight
ERROR
Expecting value: line 1 column 1 (char 0)
<Response [502]>
heavy
ERROR
Expecting value: line 1 column 1 (char 0)
<Response [502]>
doughnuts
ERROR
Expecting value: line 1 column 1 (char 0)
<Response [502]>
coffee
ERROR
Expecting value: line 1 column 1 (char 0)
<Response [502]>
donuts
ERROR
Expecting value: line 1 column 1 (char 0)
<Response [502]>
other items
ERROR
Expecting value: line 1 column 1 (char 0)
<Response [502]>
plastic box
ERROR
Expecting value: line 1 column 1 (char 0)
<Response [502]>
cardboard box
ERROR
Expecting value: line 1 column 1 (char 0)
<Response [502]>
pizza
ERROR
Expecting value: line 1 column 1 (char 0)
<Response [502]>
personal item
ERROR
Expecting value: line 1 column 1 (char 0)
<Response [502]>
cardboard
ERROR
Expecting value: line 1 column 1 (char 0)
<Response [502]>
fairly clean
ERROR
Expecting value: line 1 column 1 (char 0)
<Response [502]>
well lit
ERROR
Expecting value: line 1 column 1 (char 0)
<Response [502]>
ambient light
ERROR
Expecting value: line 1 column 1 (char 0)
<Response [502]>
toilet paper dispenser
ERROR
Expecting value: line 1 column 1 (char 0)
<Response [502]>
toilet plunger
ERROR
Expecting value: line 1 column 1 (char 0)
<Response [502]>
toilet brush
ERROR
Expecting value: line 1 column 1 (char 0)
<Response [502]>
handicap toilet
ERROR
Expecting value: line 1 column 1 (char 0)
<Response [502]>
standard toilet
ERROR
Expecting value: line 1 column 1 (char 0)
<Response [502]>
portable toilet
ERROR
Expecting value: line 1 column 1 (char 0)
<Response [502]>
low-flow toilet
ERROR
Expecting value: line 1 column 1 (char 0)
<Response [502]>
composting toilet
ERROR
Expecting value: line 1 column 1 (char 0)
<Response [502]>
toilet paper roll
ERROR
Expecting value: line 1 column 1 (char 0)
<Response [502]>
toilet seat cover
ERROR
Expecting value: line 1 column 1 (char 0)
<Response [502]>
without toilet paper
ERROR
Expecting value: line 1 column 1 (char 0)
<Response [502]>
with toilet paper
ERROR
Expecting value: line 1 column 1 (char 0)
<Response [502]>
dual-flush
ERROR
Expecting value: line 1 column 1 (char 0)
<Response [502]>
low-flow
ERROR
Expecting value: line 1 column 1 (char 0)
<Response [502]>
comfort height
ERROR
Expecting value: line 1 column 1 (char 0)
<Response [502]>
checkered
ERROR
Expecting value: line 1 column 1 (char 0)
<Response [502]>
suiter
ERROR
Expecting value: line 1 column 1 (char 0)
<Response [502]>
carry-on
ERROR
Expecting value: line 1 column 1 (char 0)
<Response [502]>
victorinox
ERROR
Expecting value: line 1 column 1 (char 0)
<Response [502]>
samsonite
ERROR
Expecting value: line 1 column 1 (char 0)
<Response [502]>
tumi
ERROR
Expecting value: line 1 column 1 (char 0)
<Response [502]>
american tourister
ERROR
Expecting value: line 1 column 1 (char 0)
<Response [502]>
retro
ERROR
Expecting value: line 1 column 1 (char 0)
<Response [502]>
polyester
ERROR
Expecting value: line 1 column 1 (char 0)
<Response [502]>
fettuccine
ERROR
Expecting value: line 1 column 1 (char 0)
<Response [502]>
rigatoni
ERROR
Expecting value: line 1 column 1 (char 0)
<Response [502]>
spaghetti
ERROR
Expecting value: line 1 column 1 (char 0)
<Response [502]>
grilled
ERROR
Expecting value: line 1 column 1 (char 0)
<Response [502]>
boiled
ERROR
Expecting value: line 1 column 1 (char 0)
<Response [502]>
baked
ERROR
Expecting value: line 1 column 1 (char 0)
<Response [502]>
fried
ERROR
Expecting value: line 1 column 1 (char 0)
<Response [502]>
expired
ERROR
Expecting value: line 1 column 1 (char 0)
<Response [502]>
rotted
ERROR
Expecting value: line 1 column 1 (char 0)
<Response [502]>
frozen
ERROR
Expecting value: line 1 column 1 (char 0)
<Response [502]>
dried
ERROR
Expecting value: line 1 column 1 (char 0)
<Response [502]>
cooked
ERROR
Expecting value: line 1 column 1 (char 0)
<Response [502]>
drained
ERROR
Expecting value: line 1 column 1 (char 0)
<Response [502]>
abundant
ERROR
Expecting value: line 1 column 1 (char 0)
<Response [502]>
exotic
ERROR
Expecting value: line 1 column 1 (char 0)
<Response [502]>
imported
ERROR
Expecting value: line 1 column 1 (char 0)
<Response [502]>
conventional
ERROR
Expecting value: line 1 column 1 (char 0)
<Response [502]>
organic
ERROR
Expecting value: line 1 column 1 (char 0)
<Response [502]>
clad
ERROR
Expecting value: line 1 column 1 (char 0)
<Response [502]>
carrousel
ERROR
Expecting value: line 1 column 1 (char 0)
<Response [502]>
covered
ERROR
Expecting value: line 1 column 1 (char 0)
<Response [502]>
uncovered
ERROR
Expecting value: line 1 column 1 (char 0)
<Response [502]>
carefully arranged
ERROR
Expecting value: line 1 column 1 (char 0)
<Response [502]>
strips
ERROR
Expecting value: line 1 column 1 (char 0)
<Response [502]>
slices
ERROR
Expecting value: line 1 column 1 (char 0)
<Response [502]>
pieces
ERROR
Expecting value: line 1 column 1 (char 0)
<Response [502]>
thick
ERROR
Expecting value: line 1 column 1 (char 0)
<Response [502]>
raw
ERROR
Expecting value: line 1 column 1 (char 0)
<Response [502]>
steamed
ERROR
Expecting value: line 1 column 1 (char 0)
<Response [502]>
sauteed
ERROR
Expecting value: line 1 column 1 (char 0)
<Response [502]>
not wrapped in foil
ERROR
Expecting value: line 1 column 1 (char 0)
<Response [502]>
wrapped in foil
ERROR
Expecting value: line 1 column 1 (char 0)
<Response [502]>
canned
ERROR
Expecting value: line 1 column 1 (char 0)
<Response [502]>
in a bag
ERROR
Expecting value: line 1 column 1 (char 0)
<Response [502]>
on a tray
ERROR
Expecting value: line 1 column 1 (char 0)
<Response [502]>
in a bowl
ERROR
Expecting value: line 1 column 1 (char 0)
<Response [502]>
french fries
ERROR
Expecting value: line 1 column 1 (char 0)
<Response [502]>
hot dog
ERROR
Expecting value: line 1 column 1 (char 0)
<Response [502]>
sandwich
ERROR
Expecting value: line 1 column 1 (char 0)
<Response [502]>
cup serving
ERROR
Expecting value: line 1 column 1 (char 0)
<Response [502]>
bowl serving
ERROR
Expecting value: line 1 column 1 (char 0)
<Response [502]>
plate serving
ERROR
Expecting value: line 1 column 1 (char 0)
<Response [502]>
carnival-style
ERROR
Expecting value: line 1 column 1 (char 0)
<Response [502]>
skewered
ERROR
Expecting value: line 1 column 1 (char 0)
<Response [502]>
plated
ERROR
Expecting value: line 1 column 1 (char 0)
<Response [502]>
sliced
ERROR
Expecting value: line 1 column 1 (char 0)
<Response [502]>
wrapped
ERROR
Expecting value: line 1 column 1 (char 0)
<Response [502]>
chopped
ERROR
Expecting value: line 1 column 1 (char 0)
<Response [502]>
cut
ERROR
Expecting value: line 1 column 1 (char 0)
<Response [502]>
uncut
ERROR
Expecting value: line 1 column 1 (char 0)
<Response [502]>
home-cooked
ERROR
Expecting value: line 1 column 1 (char 0)
<Response [502]>
takeout
ERROR
Expecting value: line 1 column 1 (char 0)
<Response [502]>
disposable
ERROR
Expecting value: line 1 column 1 (char 0)
<Response [502]>
catering
ERROR
Expecting value: line 1 column 1 (char 0)
<Response [502]>
buffet
ERROR
Expecting value: line 1 column 1 (char 0)
<Response [502]>
family style
ERROR
Expecting value: line 1 column 1 (char 0)
<Response [502]>
on a roll
ERROR
Expecting value: line 1 column 1 (char 0)
<Response [502]>
in a box
ERROR
Expecting value: line 1 column 1 (char 0)
<Response [502]>
on a plate
ERROR
Expecting value: line 1 column 1 (char 0)
<Response [502]>
tray
ERROR
Expecting value: line 1 column 1 (char 0)
<Response [502]>
on a bun
ERROR
Expecting value: line 1 column 1 (char 0)
<Response [502]>
boxed
ERROR
Expecting value: line 1 column 1 (char 0)
<Response [502]>
served
ERROR
Expecting value: line 1 column 1 (char 0)
<Response [502]>
spooned
ERROR
Expecting value: line 1 column 1 (char 0)
<Response [502]>
as a main course
ERROR
Expecting value: line 1 column 1 (char 0)
<Response [502]>
as a side dish
ERROR
Expecting value: line 1 column 1 (char 0)
<Response [502]>
stir-fried
ERROR
Expecting value: line 1 column 1 (char 0)
<Response [502]>
meat
ERROR
Expecting value: line 1 column 1 (char 0)
<Response [502]>
single serving
ERROR
Expecting value: line 1 column 1 (char 0)
<Response [502]>
family size
ERROR
Expecting value: line 1 column 1 (char 0)
<Response [502]>
large portion
ERROR
Expecting value: line 1 column 1 (char 0)
<Response [502]>
vegetable
ERROR
Expecting value: line 1 column 1 (char 0)
<Response [502]>
potato
ERROR
Expecting value: line 1 column 1 (char 0)
<Response [502]>
10+
ERROR
Expecting value: line 1 column 1 (char 0)
<Response [502]>
6-7
ERROR
Expecting value: line 1 column 1 (char 0)
<Response [502]>
8-9
ERROR
Expecting value: line 1 column 1 (char 0)
<Response [502]>
hexagonal
ERROR
Expecting value: line 1 column 1 (char 0)
<Response [502]>
bread
ERROR
Expecting value: line 1 column 1 (char 0)
<Response [502]>
extra long
ERROR
Expecting value: line 1 column 1 (char 0)
<Response [502]>
toppings
ERROR
Expecting value: line 1 column 1 (char 0)
<Response [502]>
soda
ERROR
Expecting value: line 1 column 1 (char 0)
<Response [502]>
milk
ERROR
Expecting value: line 1 column 1 (char 0)
<Response [502]>
sausage
ERROR
Expecting value: line 1 column 1 (char 0)
<Response [502]>
thin crust
ERROR
Expecting value: line 1 column 1 (char 0)
<Response [502]>
stuffed crust
ERROR
Expecting value: line 1 column 1 (char 0)
<Response [502]>
thick crust
ERROR
Expecting value: line 1 column 1 (char 0)
<Response [502]>
family-style
ERROR
Expecting value: line 1 column 1 (char 0)
<Response [502]>
buffet-style
ERROR
Expecting value: line 1 column 1 (char 0)
<Response [502]>
snack-style
ERROR
Expecting value: line 1 column 1 (char 0)
<Response [502]>
finger food
ERROR
Expecting value: line 1 column 1 (char 0)
<Response [502]>
courses
ERROR
Expecting value: line 1 column 1 (char 0)
<Response [502]>
presented
ERROR
Expecting value: line 1 column 1 (char 0)
<Response [502]>
crust
ERROR
Expecting value: line 1 column 1 (char 0)
<Response [502]>
sauce
ERROR
Expecting value: line 1 column 1 (char 0)
<Response [502]>
original
ERROR
Expecting value: line 1 column 1 (char 0)
<Response [502]>
sour cream and onion
ERROR
Expecting value: line 1 column 1 (char 0)
<Response [502]>
barbecue
ERROR
Expecting value: line 1 column 1 (char 0)
<Response [502]>
spicy
ERROR
Expecting value: line 1 column 1 (char 0)
<Response [502]>
sour
ERROR
Expecting value: line 1 column 1 (char 0)
<Response [502]>
ketchup
ERROR
Expecting value: line 1 column 1 (char 0)
<Response [502]>
sriracha
ERROR
Expecting value: line 1 column 1 (char 0)
<Response [502]>
mayo
ERROR
Expecting value: line 1 column 1 (char 0)
<Response [502]>
relish
ERROR
Expecting value: line 1 column 1 (char 0)
<Response [502]>
mustard
ERROR
Expecting value: line 1 column 1 (char 0)
<Response [502]>
3 slices
ERROR
Expecting value: line 1 column 1 (char 0)
<Response [502]>
2 slices
ERROR
Expecting value: line 1 column 1 (char 0)
<Response [502]>
4 slices
ERROR
Expecting value: line 1 column 1 (char 0)
<Response [502]>
1 slice
ERROR
Expecting value: line 1 column 1 (char 0)
<Response [502]>
slimy
ERROR
Expecting value: line 1 column 1 (char 0)
<Response [502]>
chewy
ERROR
Expecting value: line 1 column 1 (char 0)
<Response [502]>
soft
ERROR
Expecting value: line 1 column 1 (char 0)
<Response [502]>
crunchy
ERROR
Expecting value: line 1 column 1 (char 0)
<Response [502]>
smooth
ERROR
Expecting value: line 1 column 1 (char 0)
<Response [502]>
creamy
ERROR
Expecting value: line 1 column 1 (char 0)
<Response [502]>
3-4 items
ERROR
Expecting value: line 1 column 1 (char 0)
<Response [502]>
1-2 items
ERROR
Expecting value: line 1 column 1 (char 0)
<Response [502]>
5-6 items
ERROR
Expecting value: line 1 column 1 (char 0)
<Response [502]>
pasta
ERROR
Expecting value: line 1 column 1 (char 0)
<Response [502]>
soup
ERROR
Expecting value: line 1 column 1 (char 0)
<Response [502]>
rice
ERROR
Expecting value: line 1 column 1 (char 0)
<Response [502]>
fruits only
ERROR
Expecting value: line 1 column 1 (char 0)
<Response [502]>
vegetables only
ERROR
Expecting value: line 1 column 1 (char 0)
<Response [502]>
fruits and vegetables
ERROR
Expecting value: line 1 column 1 (char 0)
<Response [502]>
sandwich and salad
ERROR
Expecting value: line 1 column 1 (char 0)
<Response [502]>
sandwich and other
ERROR
Expecting value: line 1 column 1 (char 0)
<Response [502]>
salad and other
ERROR
Expecting value: line 1 column 1 (char 0)
<Response [502]>
salad
ERROR
Expecting value: line 1 column 1 (char 0)
<Response [502]>
stir-fry
ERROR
Expecting value: line 1 column 1 (char 0)
<Response [502]>
dessert
ERROR
Expecting value: line 1 column 1 (char 0)
<Response [502]>
side dish
ERROR
Expecting value: line 1 column 1 (char 0)
<Response [502]>
main course
ERROR
Expecting value: line 1 column 1 (char 0)
<Response [502]>
burger
ERROR
Expecting value: line 1 column 1 (char 0)
<Response [502]>
appetizer
ERROR
Expecting value: line 1 column 1 (char 0)
<Response [502]>
course-by-course
ERROR
Expecting value: line 1 column 1 (char 0)
<Response [502]>
placed
ERROR
Expecting value: line 1 column 1 (char 0)
<Response [502]>
scooped
ERROR
Expecting value: line 1 column 1 (char 0)
<Response [502]>
whole
ERROR
Expecting value: line 1 column 1 (char 0)
<Response [502]>
full-sized
ERROR
Expecting value: line 1 column 1 (char 0)
<Response [502]>
snack-sized
ERROR
Expecting value: line 1 column 1 (char 0)
<Response [502]>
semi-formal
ERROR
Expecting value: line 1 column 1 (char 0)
<Response [502]>
dairy
ERROR
Expecting value: line 1 column 1 (char 0)
<Response [502]>
grains
ERROR
Expecting value: line 1 column 1 (char 0)
<Response [502]>
protein
ERROR
Expecting value: line 1 column 1 (char 0)
<Response [502]>
black pepper
ERROR
Expecting value: line 1 column 1 (char 0)
<Response [502]>
red pepper
ERROR
Expecting value: line 1 column 1 (char 0)
<Response [502]>
green pepper
ERROR
Expecting value: line 1 column 1 (char 0)
<Response [502]>
floor
ERROR
Expecting value: line 1 column 1 (char 0)
<Response [502]>
in bowl
ERROR
Expecting value: line 1 column 1 (char 0)
<Response [502]>
in fridge
ERROR
Expecting value: line 1 column 1 (char 0)
<Response [502]>
on plate
ERROR
Expecting value: line 1 column 1 (char 0)
<Response [502]>
underneath
ERROR
Expecting value: line 1 column 1 (char 0)
<Response [502]>
food truck
ERROR
Expecting value: line 1 column 1 (char 0)
<Response [502]>
market
ERROR
Expecting value: line 1 column 1 (char 0)
<Response [502]>
delivery
ERROR
Expecting value: line 1 column 1 (char 0)
<Response [502]>
in pot
ERROR
Expecting value: line 1 column 1 (char 0)
<Response [502]>
on counter
ERROR
Expecting value: line 1 column 1 (char 0)
<Response [502]>
shelf
ERROR
Expecting value: line 1 column 1 (char 0)
<Response [502]>
kitchen counter
ERROR
Expecting value: line 1 column 1 (char 0)
<Response [502]>
in box
ERROR
Expecting value: line 1 column 1 (char 0)
<Response [502]>
presentation
ERROR
Expecting value: line 1 column 1 (char 0)
<Response [502]>
low-cost
ERROR
Expecting value: line 1 column 1 (char 0)
<Response [502]>
mid-range
ERROR
Expecting value: line 1 column 1 (char 0)
<Response [502]>
high-end
ERROR
Expecting value: line 1 column 1 (char 0)
<Response [502]>
packaged
ERROR
Expecting value: line 1 column 1 (char 0)
<Response [502]>
unpackaged
ERROR
Expecting value: line 1 column 1 (char 0)
<Response [502]>
alfredo sauce
ERROR
Expecting value: line 1 column 1 (char 0)
<Response [502]>
ranch sauce
ERROR
Expecting value: line 1 column 1 (char 0)
<Response [502]>
marinara
ERROR
Expecting value: line 1 column 1 (char 0)
<Response [502]>
bbq
ERROR
Expecting value: line 1 column 1 (char 0)
<Response [502]>
silverware
ERROR
Expecting value: line 1 column 1 (char 0)
<Response [502]>
half
ERROR
Expecting value: line 1 column 1 (char 0)
<Response [502]>
more than half
ERROR
Expecting value: line 1 column 1 (char 0)
<Response [502]>
less than half
ERROR
Expecting value: line 1 column 1 (char 0)
<Response [502]>
cupcake
ERROR
Expecting value: line 1 column 1 (char 0)
<Response [502]>
muffin
ERROR
Expecting value: line 1 column 1 (char 0)
<Response [502]>
donut
ERROR
Expecting value: line 1 column 1 (char 0)
<Response [502]>
ice cream
ERROR
Expecting value: line 1 column 1 (char 0)
<Response [502]>
chicken
ERROR
Expecting value: line 1 column 1 (char 0)
<Response [502]>
beef
ERROR
Expecting value: line 1 column 1 (char 0)
<Response [502]>
bland
ERROR
Expecting value: line 1 column 1 (char 0)
<Response [502]>
delicious
ERROR
Expecting value: line 1 column 1 (char 0)
<Response [502]>
moderately messy
ERROR
Expecting value: line 1 column 1 (char 0)
<Response [502]>
very messy
ERROR
Expecting value: line 1 column 1 (char 0)
<Response [502]>
pork
ERROR
Expecting value: line 1 column 1 (char 0)
<Response [502]>
seafood
ERROR
Expecting value: line 1 column 1 (char 0)
<Response [502]>
kraft
ERROR
Expecting value: line 1 column 1 (char 0)
<Response [502]>
coca-cola
ERROR
Expecting value: line 1 column 1 (char 0)
<Response [502]>
pepsi
ERROR
Expecting value: line 1 column 1 (char 0)
<Response [502]>
sweet
ERROR
Expecting value: line 1 column 1 (char 0)
<Response [502]>
tastier
ERROR
Expecting value: line 1 column 1 (char 0)
<Response [502]>
mild
ERROR
Expecting value: line 1 column 1 (char 0)
<Response [502]>
sandwich subtype
ERROR
Expecting value: line 1 column 1 (char 0)
<Response [502]>
drink type
ERROR
Expecting value: line 1 column 1 (char 0)
<Response [502]>
fruit type
ERROR
Expecting value: line 1 column 1 (char 0)
<Response [502]>
quarter
ERROR
Expecting value: line 1 column 1 (char 0)
<Response [502]>
below plate
ERROR
Expecting value: line 1 column 1 (char 0)
<Response [502]>
above plate
ERROR
Expecting value: line 1 column 1 (char 0)
<Response [502]>
next to plate
ERROR
Expecting value: line 1 column 1 (char 0)
<Response [502]>
vertical
ERROR
Expecting value: line 1 column 1 (char 0)
<Response [502]>
still
ERROR
Expecting value: line 1 column 1 (char 0)
<Response [502]>
picking up
ERROR
Expecting value: line 1 column 1 (char 0)
<Response [502]>
placing
ERROR
Expecting value: line 1 column 1 (char 0)
<Response [502]>
medium quality
ERROR
Expecting value: line 1 column 1 (char 0)
<Response [502]>
high quality
ERROR
Expecting value: line 1 column 1 (char 0)
<Response [502]>
low quality
ERROR
Expecting value: line 1 column 1 (char 0)
<Response [502]>
thai
ERROR
Expecting value: line 1 column 1 (char 0)
<Response [502]>
mexican
ERROR
Expecting value: line 1 column 1 (char 0)
<Response [502]>
full dipped
ERROR
Expecting value: line 1 column 1 (char 0)
<Response [502]>
nearly dipped
ERROR
Expecting value: line 1 column 1 (char 0)
<Response [502]>
partially dipped
ERROR
Expecting value: line 1 column 1 (char 0)
<Response [502]>
frosted
ERROR
Expecting value: line 1 column 1 (char 0)
<Response [502]>
decorated design
ERROR
Expecting value: line 1 column 1 (char 0)
<Response [502]>
themed design
ERROR
Expecting value: line 1 column 1 (char 0)
<Response [502]>
potato chips
ERROR
Expecting value: line 1 column 1 (char 0)
<Response [502]>
not sweet
ERROR
Expecting value: line 1 column 1 (char 0)
<Response [502]>
slightly sweet
ERROR
Expecting value: line 1 column 1 (char 0)
<Response [502]>
sugar
ERROR
Expecting value: line 1 column 1 (char 0)
<Response [502]>
cut into pieces
ERROR
Expecting value: line 1 column 1 (char 0)
<Response [502]>
glazed
ERROR
Expecting value: line 1 column 1 (char 0)
<Response [502]>
chocolate-covered
ERROR
Expecting value: line 1 column 1 (char 0)
<Response [502]>
cheese sauce
ERROR
Expecting value: line 1 column 1 (char 0)
<Response [502]>
most
ERROR
Expecting value: line 1 column 1 (char 0)
<Response [502]>
foil
ERROR
Expecting value: line 1 column 1 (char 0)
<Response [502]>
plant-based
ERROR
Expecting value: line 1 column 1 (char 0)
<Response [502]>
dressing
ERROR
Expecting value: line 1 column 1 (char 0)
<Response [502]>
stale
ERROR
Expecting value: line 1 column 1 (char 0)
<Response [502]>
poorly presented
ERROR
Expecting value: line 1 column 1 (char 0)
<Response [502]>
well-presented
ERROR
Expecting value: line 1 column 1 (char 0)
<Response [502]>
shortboard
ERROR
Expecting value: line 1 column 1 (char 0)
<Response [502]>
stand-up paddleboard
ERROR
Expecting value: line 1 column 1 (char 0)
<Response [502]>
funboard
ERROR
Expecting value: line 1 column 1 (char 0)
<Response [502]>
rented
ERROR
Expecting value: line 1 column 1 (char 0)
<Response [502]>
standing on a rack
ERROR
Expecting value: line 1 column 1 (char 0)
<Response [502]>
lying on a rack
ERROR
Expecting value: line 1 column 1 (char 0)
<Response [502]>
abstract design
ERROR
Expecting value: line 1 column 1 (char 0)
<Response [502]>
detailed design
ERROR
Expecting value: line 1 column 1 (char 0)
<Response [502]>
next to the person
ERROR
Expecting value: line 1 column 1 (char 0)
<Response [502]>
in a park
ERROR
Expecting value: line 1 column 1 (char 0)
<Response [502]>
other bed
ERROR
Expecting value: line 1 column 1 (char 0)
<Response [502]>
large bed
ERROR
Expecting value: line 1 column 1 (char 0)
<Response [502]>
small bed
ERROR
Expecting value: line 1 column 1 (char 0)
<Response [502]>
bad condition
ERROR
Expecting value: line 1 column 1 (char 0)
<Response [502]>
mediocre condition
ERROR
Expecting value: line 1 column 1 (char 0)
<Response [502]>
single bunk bed
ERROR
Expecting value: line 1 column 1 (char 0)
<Response [502]>
double bunk bed
ERROR
Expecting value: line 1 column 1 (char 0)
<Response [502]>
queen
ERROR
Expecting value: line 1 column 1 (char 0)
<Response [502]>
twin
ERROR
Expecting value: line 1 column 1 (char 0)
<Response [502]>
king
ERROR
Expecting value: line 1 column 1 (char 0)
<Response [502]>
king size
ERROR
Expecting value: line 1 column 1 (char 0)
<Response [502]>
king bed
ERROR
Expecting value: line 1 column 1 (char 0)
<Response [502]>
twin bed
ERROR
Expecting value: line 1 column 1 (char 0)
<Response [502]>
full bed
ERROR
Expecting value: line 1 column 1 (char 0)
<Response [502]>
sidelights
ERROR
Expecting value: line 1 column 1 (char 0)
<Response [502]>
bedside lamp
ERROR
Expecting value: line 1 column 1 (char 0)
<Response [502]>
lamps
ERROR
Expecting value: line 1 column 1 (char 0)
<Response [502]>
diseased
ERROR
Expecting value: line 1 column 1 (char 0)
<Response [502]>
trek
ERROR
Expecting value: line 1 column 1 (char 0)
<Response [502]>
specialized
ERROR
Expecting value: line 1 column 1 (char 0)
<Response [502]>
ford
ERROR
Expecting value: line 1 column 1 (char 0)
<Response [502]>
dodge
ERROR
Expecting value: line 1 column 1 (char 0)
<Response [502]>
chevrolet
ERROR
Expecting value: line 1 column 1 (char 0)
<Response [502]>
toyota
ERROR
Expecting value: line 1 column 1 (char 0)
<Response [502]>
side of the street
ERROR
Expecting value: line 1 column 1 (char 0)
<Response [502]>
in a garage
ERROR
Expecting value: line 1 column 1 (char 0)
<Response [502]>
on the road
ERROR
Expecting value: line 1 column 1 (char 0)
<Response [502]>
parked in a lot
ERROR
Expecting value: line 1 column 1 (char 0)
<Response [502]>
parked on the sidewalk
ERROR
Expecting value: line 1 column 1 (char 0)
<Response [502]>
off road
ERROR
Expecting value: line 1 column 1 (char 0)
<Response [502]>
driveway
ERROR
Expecting value: line 1 column 1 (char 0)
<Response [502]>
parked on the side of the road
ERROR
Expecting value: line 1 column 1 (char 0)
<Response [502]>
on sidewalk
ERROR
Expecting value: line 1 column 1 (char 0)
<Response [502]>
multiple occupants
ERROR
Expecting value: line 1 column 1 (char 0)
<Response [502]>
single occupant
ERROR
Expecting value: line 1 column 1 (char 0)
<Response [502]>
newer
ERROR
Expecting value: line 1 column 1 (char 0)
<Response [502]>
10-20
ERROR
Expecting value: line 1 column 1 (char 0)
<Response [502]>
less than 10
ERROR
Expecting value: line 1 column 1 (char 0)
<Response [502]>
more than 30
ERROR
Expecting value: line 1 column 1 (char 0)
<Response [502]>
21-30
ERROR
Expecting value: line 1 column 1 (char 0)
<Response [502]>
driving to a social event
ERROR
Expecting value: line 1 column 1 (char 0)
<Response [502]>
driving to school
ERROR
Expecting value: line 1 column 1 (char 0)
<Response [502]>
driving to work
ERROR
Expecting value: line 1 column 1 (char 0)
<Response [502]>
driving to a vacation spot
ERROR
Expecting value: line 1 column 1 (char 0)
<Response [502]>
single passenger
ERROR
Expecting value: line 1 column 1 (char 0)
<Response [502]>
moderate load
ERROR
Expecting value: line 1 column 1 (char 0)
<Response [502]>
many passengers
ERROR
Expecting value: line 1 column 1 (char 0)
<Response [502]>
full bus
ERROR
Expecting value: line 1 column 1 (char 0)
<Response [502]>
large passenger capacity
ERROR
Expecting value: line 1 column 1 (char 0)
<Response [502]>
medium passenger capacity
ERROR
Expecting value: line 1 column 1 (char 0)
<Response [502]>
other route
ERROR
Expecting value: line 1 column 1 (char 0)
<Response [502]>
express
ERROR
Expecting value: line 1 column 1 (char 0)
<Response [502]>
city tour
ERROR
Expecting value: line 1 column 1 (char 0)
<Response [502]>
public transportation
ERROR
Expecting value: line 1 column 1 (char 0)
<Response [502]>
school bus
ERROR
Expecting value: line 1 column 1 (char 0)
<Response [502]>
double decker
ERROR
Expecting value: line 1 column 1 (char 0)
<Response [502]>
single decker
ERROR
Expecting value: line 1 column 1 (char 0)
<Response [502]>
valid
ERROR
Expecting value: line 1 column 1 (char 0)
<Response [502]>
invalid
ERROR
Expecting value: line 1 column 1 (char 0)
<Response [502]>
texas
ERROR
Expecting value: line 1 column 1 (char 0)
<Response [502]>
us
ERROR
Expecting value: line 1 column 1 (char 0)
<Response [502]>
foreign
ERROR
Expecting value: line 1 column 1 (char 0)
<Response [502]>
no license plate
ERROR
Expecting value: line 1 column 1 (char 0)
<Response [502]>
number
ERROR
Expecting value: line 1 column 1 (char 0)
<Response [502]>
other car
ERROR
Expecting value: line 1 column 1 (char 0)
<Response [502]>
driver only
ERROR
Expecting value: line 1 column 1 (char 0)
<Response [502]>
occupied
ERROR
Expecting value: line 1 column 1 (char 0)
<Response [502]>
middle seat
ERROR
Expecting value: line 1 column 1 (char 0)
<Response [502]>
other vehicle
ERROR
Expecting value: line 1 column 1 (char 0)
<Response [502]>
cart
ERROR
Expecting value: line 1 column 1 (char 0)
<Response [502]>
snowplow
ERROR
Expecting value: line 1 column 1 (char 0)
<Response [502]>
boat
ERROR
Expecting value: line 1 column 1 (char 0)
<Response [502]>
hang glider
ERROR
Expecting value: line 1 column 1 (char 0)
<Response [502]>
pedestrian
ERROR
Expecting value: line 1 column 1 (char 0)
<Response [502]>
person on foot
ERROR
Expecting value: line 1 column 1 (char 0)
<Response [502]>
snowmobile
ERROR
Expecting value: line 1 column 1 (char 0)
<Response [502]>
paddleboard
ERROR
Expecting value: line 1 column 1 (char 0)
<Response [502]>
ferry
ERROR
Expecting value: line 1 column 1 (char 0)
<Response [502]>
ship
ERROR
Expecting value: line 1 column 1 (char 0)
<Response [502]>
ski lift
ERROR
Expecting value: line 1 column 1 (char 0)
<Response [502]>
toboggan
ERROR
Expecting value: line 1 column 1 (char 0)
<Response [502]>
1 engine
ERROR
Expecting value: line 1 column 1 (char 0)
<Response [502]>
4 engines
ERROR
Expecting value: line 1 column 1 (char 0)
<Response [502]>
2 engines
ERROR
Expecting value: line 1 column 1 (char 0)
<Response [502]>
3 engines
ERROR
Expecting value: line 1 column 1 (char 0)
<Response [502]>
multiple engines
ERROR
Expecting value: line 1 column 1 (char 0)
<Response [502]>
cbr600
ERROR
Expecting value: line 1 column 1 (char 0)
<Response [502]>
gixxer
ERROR
Expecting value: line 1 column 1 (char 0)
<Response [502]>
fat boy
ERROR
Expecting value: line 1 column 1 (char 0)
<Response [502]>
ninja
ERROR
Expecting value: line 1 column 1 (char 0)
<Response [502]>
100-500
ERROR
Expecting value: line 1 column 1 (char 0)
<Response [502]>
more than 500
ERROR
Expecting value: line 1 column 1 (char 0)
<Response [502]>
single seater
ERROR
Expecting value: line 1 column 1 (char 0)
<Response [502]>
double seater
ERROR
Expecting value: line 1 column 1 (char 0)
<Response [502]>
multi-seater
ERROR
Expecting value: line 1 column 1 (char 0)
<Response [502]>
between 20-30
ERROR
Expecting value: line 1 column 1 (char 0)
<Response [502]>
between 10-20
ERROR
Expecting value: line 1 column 1 (char 0)
<Response [502]>
yellow spray paint
ERROR
Expecting value: line 1 column 1 (char 0)
<Response [502]>
red spray paint
ERROR
Expecting value: line 1 column 1 (char 0)
<Response [502]>
blue spray paint
ERROR
Expecting value: line 1 column 1 (char 0)
<Response [502]>
dirt bike
ERROR
Expecting value: line 1 column 1 (char 0)
<Response [502]>
long bus
ERROR
Expecting value: line 1 column 1 (char 0)
<Response [502]>
medium bus
ERROR
Expecting value: line 1 column 1 (char 0)
<Response [502]>
short bus
ERROR
Expecting value: line 1 column 1 (char 0)
<Response [502]>
other signs of use
ERROR
Expecting value: line 1 column 1 (char 0)
<Response [502]>
wear
ERROR
Expecting value: line 1 column 1 (char 0)
<Response [502]>
1-2 passengers
ERROR
Expecting value: line 1 column 1 (char 0)
<Response [502]>
9-10 passengers
ERROR
Expecting value: line 1 column 1 (char 0)
<Response [502]>
3-4 passengers
ERROR
Expecting value: line 1 column 1 (char 0)
<Response [502]>
7-8 passengers
ERROR
Expecting value: line 1 column 1 (char 0)
<Response [502]>
5-6 passengers
ERROR
Expecting value: line 1 column 1 (char 0)
<Response [502]>
7+ passengers
ERROR
Expecting value: line 1 column 1 (char 0)
<Response [502]>
accident
ERROR
Expecting value: line 1 column 1 (char 0)
<Response [502]>
illegal parking
ERROR
Expecting value: line 1 column 1 (char 0)
<Response [502]>
breakdown
ERROR
Expecting value: line 1 column 1 (char 0)
<Response [502]>
double axle
ERROR
Expecting value: line 1 column 1 (char 0)
<Response [502]>
triple axle
ERROR
Expecting value: line 1 column 1 (char 0)
<Response [502]>
single axle
ERROR
Expecting value: line 1 column 1 (char 0)
<Response [502]>
multiple axles
ERROR
Expecting value: line 1 column 1 (char 0)
<Response [502]>
2 axles
ERROR
Expecting value: line 1 column 1 (char 0)
<Response [502]>
1 axle
ERROR
Expecting value: line 1 column 1 (char 0)
<Response [502]>
3 axles
ERROR
Expecting value: line 1 column 1 (char 0)
<Response [502]>
4 axles
ERROR
Expecting value: line 1 column 1 (char 0)
<Response [502]>
minivan
ERROR
Expecting value: line 1 column 1 (char 0)
<Response [502]>
company logo
ERROR
Expecting value: line 1 column 1 (char 0)
<Response [502]>
route number
ERROR
Expecting value: line 1 column 1 (char 0)
<Response [502]>
other logo
ERROR
Expecting value: line 1 column 1 (char 0)
<Response [502]>
ambulance logo
ERROR
Expecting value: line 1 column 1 (char 0)
<Response [502]>
other signage
ERROR
Expecting value: line 1 column 1 (char 0)
<Response [502]>
information sign
ERROR
Expecting value: line 1 column 1 (char 0)
<Response [502]>
direction sign
ERROR
Expecting value: line 1 column 1 (char 0)
<Response [502]>
small capacity
ERROR
Expecting value: line 1 column 1 (char 0)
<Response [502]>
large capacity
ERROR
Expecting value: line 1 column 1 (char 0)
<Response [502]>
extensive
ERROR
Expecting value: line 1 column 1 (char 0)
<Response [502]>
fastest
ERROR
Expecting value: line 1 column 1 (char 0)
<Response [502]>
train track
ERROR
Expecting value: line 1 column 1 (char 0)
<Response [502]>
uk
ERROR
Expecting value: line 1 column 1 (char 0)
<Response [502]>
single vehicle
ERROR
Expecting value: line 1 column 1 (char 0)
<Response [502]>
multiple vehicles
ERROR
Expecting value: line 1 column 1 (char 0)
<Response [502]>
hatch
ERROR
Expecting value: line 1 column 1 (char 0)
<Response [502]>
at an angle
ERROR
Expecting value: line 1 column 1 (char 0)
<Response [502]>
reflected
ERROR
Expecting value: line 1 column 1 (char 0)
<Response [502]>
agriculture
ERROR
Expecting value: line 1 column 1 (char 0)
<Response [502]>
construction
ERROR
Expecting value: line 1 column 1 (char 0)
<Response [502]>
pavement
ERROR
Expecting value: line 1 column 1 (char 0)
<Response [502]>
rocky road
ERROR
Expecting value: line 1 column 1 (char 0)
<Response [502]>
small boat
ERROR
Expecting value: line 1 column 1 (char 0)
<Response [502]>
large boat
ERROR
Expecting value: line 1 column 1 (char 0)
<Response [502]>
new york bus
ERROR
Expecting value: line 1 column 1 (char 0)
<Response [502]>
london bus
ERROR
Expecting value: line 1 column 1 (char 0)
<Response [502]>
tokyo bus
ERROR
Expecting value: line 1 column 1 (char 0)
<Response [502]>
other lighting
ERROR
Expecting value: line 1 column 1 (char 0)
<Response [502]>
sirens
ERROR
Expecting value: line 1 column 1 (char 0)
<Response [502]>
pickup truck
ERROR
Expecting value: line 1 column 1 (char 0)
<Response [502]>
volvo
ERROR
Expecting value: line 1 column 1 (char 0)
<Response [502]>
peterbilt
ERROR
Expecting value: line 1 column 1 (char 0)
<Response [502]>
decals
ERROR
Expecting value: line 1 column 1 (char 0)
<Response [502]>
graphics
ERROR
Expecting value: line 1 column 1 (char 0)
<Response [502]>
stickers
ERROR
Expecting value: line 1 column 1 (char 0)
<Response [502]>
silverado
ERROR
Expecting value: line 1 column 1 (char 0)
<Response [502]>
f-150
ERROR
Expecting value: line 1 column 1 (char 0)
<Response [502]>
camry
ERROR
Expecting value: line 1 column 1 (char 0)
<Response [502]>
rare
ERROR
Expecting value: line 1 column 1 (char 0)
<Response [502]>
uncommon
ERROR
Expecting value: line 1 column 1 (char 0)
<Response [502]>
one-of-a-kind
ERROR
Expecting value: line 1 column 1 (char 0)
<Response [502]>
f-16
ERROR
Expecting value: line 1 column 1 (char 0)
<Response [502]>
f-35
ERROR
Expecting value: line 1 column 1 (char 0)
<Response [502]>
f-15
ERROR
Expecting value: line 1 column 1 (char 0)
<Response [502]>
f-22
ERROR
Expecting value: line 1 column 1 (char 0)
<Response [502]>
left lane
ERROR
Expecting value: line 1 column 1 (char 0)
<Response [502]>
right lane
ERROR
Expecting value: line 1 column 1 (char 0)
<Response [502]>
middle lane
ERROR
Expecting value: line 1 column 1 (char 0)
<Response [502]>
triple decker
ERROR
Expecting value: line 1 column 1 (char 0)
<Response [502]>
registration plate
ERROR
Expecting value: line 1 column 1 (char 0)
<Response [502]>
old bus
ERROR
Expecting value: line 1 column 1 (char 0)
<Response [502]>
new bus
ERROR
Expecting value: line 1 column 1 (char 0)
<Response [502]>
red, white, and blue
ERROR
Expecting value: line 1 column 1 (char 0)
<Response [502]>
3 floors
ERROR
Expecting value: line 1 column 1 (char 0)
<Response [502]>
4 floors
ERROR
Expecting value: line 1 column 1 (char 0)
<Response [502]>
1 floor
ERROR
Expecting value: line 1 column 1 (char 0)
<Response [502]>
2 floors
ERROR
Expecting value: line 1 column 1 (char 0)
<Response [502]>
object of curiosity
ERROR
Expecting value: line 1 column 1 (char 0)
<Response [502]>
symbol of nostalgia
ERROR
Expecting value: line 1 column 1 (char 0)
<Response [502]>
reminder of the past
ERROR
Expecting value: line 1 column 1 (char 0)
<Response [502]>
luggage
ERROR
Expecting value: line 1 column 1 (char 0)
<Response [502]>
boxes
ERROR
Expecting value: line 1 column 1 (char 0)
<Response [502]>
tailgate
ERROR
Expecting value: line 1 column 1 (char 0)
<Response [502]>
open top
ERROR
Expecting value: line 1 column 1 (char 0)
<Response [502]>
enclosed top
ERROR
Expecting value: line 1 column 1 (char 0)
<Response [502]>
1990-1999
ERROR
Expecting value: line 1 column 1 (char 0)
<Response [502]>
2010 or newer
ERROR
Expecting value: line 1 column 1 (char 0)
<Response [502]>
japan
ERROR
Expecting value: line 1 column 1 (char 0)
<Response [502]>
germany
ERROR
Expecting value: line 1 column 1 (char 0)
<Response [502]>
bmw
ERROR
Expecting value: line 1 column 1 (char 0)
<Response [502]>
phaeton
ERROR
Expecting value: line 1 column 1 (char 0)
<Response [502]>
caleshin
ERROR
Expecting value: line 1 column 1 (char 0)
<Response [502]>
afternoon rush hour
ERROR
Expecting value: line 1 column 1 (char 0)
<Response [502]>
evening rush hour
ERROR
Expecting value: line 1 column 1 (char 0)
<Response [502]>
morning rush hour
ERROR
Expecting value: line 1 column 1 (char 0)
<Response [502]>
motorcycle features
ERROR
Expecting value: line 1 column 1 (char 0)
<Response [502]>
dirt bike features
ERROR
Expecting value: line 1 column 1 (char 0)
<Response [502]>
large jet
ERROR
Expecting value: line 1 column 1 (char 0)
<Response [502]>
medium jet
ERROR
Expecting value: line 1 column 1 (char 0)
<Response [502]>
small jet
ERROR
Expecting value: line 1 column 1 (char 0)
<Response [502]>
old jet
ERROR
Expecting value: line 1 column 1 (char 0)
<Response [502]>
new jet
ERROR
Expecting value: line 1 column 1 (char 0)
<Response [502]>
scooter
ERROR
Expecting value: line 1 column 1 (char 0)
<Response [502]>
4 people
ERROR
Expecting value: line 1 column 1 (char 0)
<Response [502]>
city bus
ERROR
Expecting value: line 1 column 1 (char 0)
<Response [502]>
tour bus
ERROR
Expecting value: line 1 column 1 (char 0)
<Response [502]>
1 door
ERROR
Expecting value: line 1 column 1 (char 0)
<Response [502]>
2 doors
ERROR
Expecting value: line 1 column 1 (char 0)
<Response [502]>
3 doors
ERROR
Expecting value: line 1 column 1 (char 0)
<Response [502]>
4 doors
ERROR
Expecting value: line 1 column 1 (char 0)
<Response [502]>
illuminated
ERROR
Expecting value: line 1 column 1 (char 0)
<Response [502]>
unilluminated
ERROR
Expecting value: line 1 column 1 (char 0)
<Response [502]>
mixed breed
ERROR
Expecting value: line 1 column 1 (char 0)
<Response [502]>
shoe
ERROR
Expecting value: line 1 column 1 (char 0)
<Response [502]>
socks
ERROR
Expecting value: line 1 column 1 (char 0)
<Response [502]>
bored
ERROR
Expecting value: line 1 column 1 (char 0)
<Response [502]>
exploring laptop
ERROR
Expecting value: line 1 column 1 (char 0)
<Response [502]>
sitting on laptop
ERROR
Expecting value: line 1 column 1 (char 0)
<Response [502]>
interacting with laptop
ERROR
Expecting value: line 1 column 1 (char 0)
<Response [502]>
round face
ERROR
Expecting value: line 1 column 1 (char 0)
<Response [502]>
long whiskers
ERROR
Expecting value: line 1 column 1 (char 0)
<Response [502]>
snub nose
ERROR
Expecting value: line 1 column 1 (char 0)
<Response [502]>
short whiskers
ERROR
Expecting value: line 1 column 1 (char 0)
<Response [502]>
thick fur
ERROR
Expecting value: line 1 column 1 (char 0)
<Response [502]>
muscular body
ERROR
Expecting value: line 1 column 1 (char 0)
<Response [502]>
sleek body
ERROR
Expecting value: line 1 column 1 (char 0)
<Response [502]>
red velvet
ERROR
Expecting value: line 1 column 1 (char 0)
<Response [502]>
baby shower
ERROR
Expecting value: line 1 column 1 (char 0)
<Response [502]>
gender reveal
ERROR
Expecting value: line 1 column 1 (char 0)
<Response [502]>
heart-shaped
ERROR
Expecting value: line 1 column 1 (char 0)
<Response [502]>
themed
ERROR
Expecting value: line 1 column 1 (char 0)
<Response [502]>
layered
ERROR
Expecting value: line 1 column 1 (char 0)
<Response [502]>
custom design
ERROR
Expecting value: line 1 column 1 (char 0)
<Response [502]>
complex design
ERROR
Expecting value: line 1 column 1 (char 0)
<Response [502]>
cartoon turkey design
ERROR
Expecting value: line 1 column 1 (char 0)
<Response [502]>
realistic turkey design
ERROR
Expecting value: line 1 column 1 (char 0)
<Response [502]>
cake server
ERROR
Expecting value: line 1 column 1 (char 0)
<Response [502]>
single-colored
ERROR
Expecting value: line 1 column 1 (char 0)
<Response [502]>
2 candles
ERROR
Expecting value: line 1 column 1 (char 0)
<Response [502]>
4 candles
ERROR
Expecting value: line 1 column 1 (char 0)
<Response [502]>
3 candles
ERROR
Expecting value: line 1 column 1 (char 0)
<Response [502]>
5 candles
ERROR
Expecting value: line 1 column 1 (char 0)
<Response [502]>
1 candle
ERROR
Expecting value: line 1 column 1 (char 0)
<Response [502]>
6-10 candles
ERROR
Expecting value: line 1 column 1 (char 0)
<Response [502]>
11-15 candles
ERROR
Expecting value: line 1 column 1 (char 0)
<Response [502]>
1-5 candles
ERROR
Expecting value: line 1 column 1 (char 0)
<Response [502]>
more than 15 candles
ERROR
Expecting value: line 1 column 1 (char 0)
<Response [502]>
icing
ERROR
Expecting value: line 1 column 1 (char 0)
<Response [502]>
solitary
ERROR
Expecting value: line 1 column 1 (char 0)
<Response [502]>
mated pair
ERROR
Expecting value: line 1 column 1 (char 0)
<Response [502]>
reticulated giraffe
ERROR
Expecting value: line 1 column 1 (char 0)
<Response [502]>
eastern giraffe
ERROR
Expecting value: line 1 column 1 (char 0)
<Response [502]>
rolling
ERROR
Expecting value: line 1 column 1 (char 0)
<Response [502]>
east african
ERROR
Expecting value: line 1 column 1 (char 0)
<Response [502]>
west african
ERROR
Expecting value: line 1 column 1 (char 0)
<Response [502]>
southern african
ERROR
Expecting value: line 1 column 1 (char 0)
<Response [502]>
masai
ERROR
Expecting value: line 1 column 1 (char 0)
<Response [502]>
other giraffe breed
ERROR
Expecting value: line 1 column 1 (char 0)
<Response [502]>
east african giraffe
ERROR
Expecting value: line 1 column 1 (char 0)
<Response [502]>
reticulated
ERROR
Expecting value: line 1 column 1 (char 0)
<Response [502]>
other postures
ERROR
Expecting value: line 1 column 1 (char 0)
<Response [502]>
stripped
ERROR
Expecting value: line 1 column 1 (char 0)
<Response [502]>
necktie
ERROR
Expecting value: line 1 column 1 (char 0)
<Response [502]>
more than 10 spots
ERROR
Expecting value: line 1 column 1 (char 0)
<Response [502]>
less than 5 spots
ERROR
Expecting value: line 1 column 1 (char 0)
<Response [502]>
5-10 spots
ERROR
Expecting value: line 1 column 1 (char 0)
<Response [502]>
placing food
ERROR
Expecting value: line 1 column 1 (char 0)
<Response [502]>
bottle feeding
ERROR
Expecting value: line 1 column 1 (char 0)
<Response [502]>
far from person
ERROR
Expecting value: line 1 column 1 (char 0)
<Response [502]>
near person
ERROR
Expecting value: line 1 column 1 (char 0)
<Response [502]>
crop field
ERROR
Expecting value: line 1 column 1 (char 0)
<Response [502]>
barren
ERROR
Expecting value: line 1 column 1 (char 0)
<Response [502]>
dirt field
ERROR
Expecting value: line 1 column 1 (char 0)
<Response [502]>
field with trees
ERROR
Expecting value: line 1 column 1 (char 0)
<Response [502]>
field with buildings
ERROR
Expecting value: line 1 column 1 (char 0)
<Response [502]>
small field
ERROR
Expecting value: line 1 column 1 (char 0)
<Response [502]>
large field
ERROR
Expecting value: line 1 column 1 (char 0)
<Response [502]>
other field
ERROR
Expecting value: line 1 column 1 (char 0)
<Response [502]>
artificial turf
ERROR
Expecting value: line 1 column 1 (char 0)
<Response [502]>
turf
ERROR
Expecting value: line 1 column 1 (char 0)
<Response [502]>
football
ERROR
Expecting value: line 1 column 1 (char 0)
<Response [502]>
clouds
ERROR
Expecting value: line 1 column 1 (char 0)
<Response [502]>
recreational
ERROR
Expecting value: line 1 column 1 (char 0)
<Response [502]>
agricultural
ERROR
Expecting value: line 1 column 1 (char 0)
<Response [502]>
graphite
ERROR
Expecting value: line 1 column 1 (char 0)
<Response [502]>
candle
ERROR
Expecting value: line 1 column 1 (char 0)
<Response [502]>
mixed light
ERROR
Expecting value: line 1 column 1 (char 0)
<Response [502]>
sink lighting
ERROR
Expecting value: line 1 column 1 (char 0)
<Response [502]>
floor lighting
ERROR
Expecting value: line 1 column 1 (char 0)
<Response [502]>
sconce
ERROR
Expecting value: line 1 column 1 (char 0)
<Response [502]>
chandelier
ERROR
Expecting value: line 1 column 1 (char 0)
<Response [502]>
task lighting
ERROR
Expecting value: line 1 column 1 (char 0)
<Response [502]>
decorative lighting
ERROR
Expecting value: line 1 column 1 (char 0)
<Response [502]>
ambient lighting
ERROR
Expecting value: line 1 column 1 (char 0)
<Response [502]>
both
ERROR
Expecting value: line 1 column 1 (char 0)
<Response [502]>
sink cabinet
ERROR
Expecting value: line 1 column 1 (char 0)
<Response [502]>
shower curtain
ERROR
Expecting value: line 1 column 1 (char 0)
<Response [502]>
tub stool
ERROR
Expecting value: line 1 column 1 (char 0)
<Response [502]>
toilet paper holder
ERROR
Expecting value: line 1 column 1 (char 0)
<Response [502]>
tub
ERROR
Expecting value: line 1 column 1 (char 0)
<Response [502]>
bookcase
ERROR
Expecting value: line 1 column 1 (char 0)
<Response [502]>
dresser
ERROR
Expecting value: line 1 column 1 (char 0)
<Response [502]>
nightstand
ERROR
Expecting value: line 1 column 1 (char 0)
<Response [502]>
towel rack
ERROR
Expecting value: line 1 column 1 (char 0)
<Response [502]>
file cabinet
ERROR
Expecting value: line 1 column 1 (char 0)
<Response [502]>
computer desk
ERROR
Expecting value: line 1 column 1 (char 0)
<Response [502]>
mid-century
ERROR
Expecting value: line 1 column 1 (char 0)
<Response [502]>
linear
ERROR
Expecting value: line 1 column 1 (char 0)
<Response [502]>
group seating
ERROR
Expecting value: line 1 column 1 (char 0)
<Response [502]>
large group seating
ERROR
Expecting value: line 1 column 1 (char 0)
<Response [502]>
solo seating
ERROR
Expecting value: line 1 column 1 (char 0)
<Response [502]>
single chair
ERROR
Expecting value: line 1 column 1 (char 0)
<Response [502]>
multi-person chair
ERROR
Expecting value: line 1 column 1 (char 0)
<Response [502]>
sofa
ERROR
Expecting value: line 1 column 1 (char 0)
<Response [502]>
adult high chair
ERROR
Expecting value: line 1 column 1 (char 0)
<Response [502]>
baby high chair
ERROR
Expecting value: line 1 column 1 (char 0)
<Response [502]>
toddler high chair
ERROR
Expecting value: line 1 column 1 (char 0)
<Response [502]>
corner
ERROR
Expecting value: line 1 column 1 (char 0)
<Response [502]>
against wall
ERROR
Expecting value: line 1 column 1 (char 0)
<Response [502]>
free-standing
ERROR
Expecting value: line 1 column 1 (char 0)
<Response [502]>
inline
ERROR
Expecting value: line 1 column 1 (char 0)
<Response [502]>
crammed together
ERROR
Expecting value: line 1 column 1 (char 0)
<Response [502]>
spaced out
ERROR
Expecting value: line 1 column 1 (char 0)
<Response [502]>
arranged neatly
ERROR
Expecting value: line 1 column 1 (char 0)
<Response [502]>
arranged in a line
ERROR
Expecting value: line 1 column 1 (char 0)
<Response [502]>
off-centered
ERROR
Expecting value: line 1 column 1 (char 0)
<Response [502]>
centered
ERROR
Expecting value: line 1 column 1 (char 0)
<Response [502]>
recliner
ERROR
Expecting value: line 1 column 1 (char 0)
<Response [502]>
extended
ERROR
Expecting value: line 1 column 1 (char 0)
<Response [502]>
chesterfield couch
ERROR
Expecting value: line 1 column 1 (char 0)
<Response [502]>
leather couch
ERROR
Expecting value: line 1 column 1 (char 0)
<Response [502]>
microfiber
ERROR
Expecting value: line 1 column 1 (char 0)
<Response [502]>
seating
ERROR
Expecting value: line 1 column 1 (char 0)
<Response [502]>
artisanal
ERROR
Expecting value: line 1 column 1 (char 0)
<Response [502]>
mid-century modern
ERROR
Expecting value: line 1 column 1 (char 0)
<Response [502]>
sculptures
ERROR
Expecting value: line 1 column 1 (char 0)
<Response [502]>
prints
ERROR
Expecting value: line 1 column 1 (char 0)
<Response [502]>
vases
ERROR
Expecting value: line 1 column 1 (char 0)
<Response [502]>
intercontinental
ERROR
Expecting value: line 1 column 1 (char 0)
<Response [502]>
hyatt
ERROR
Expecting value: line 1 column 1 (char 0)
<Response [502]>
hilton
ERROR
Expecting value: line 1 column 1 (char 0)
<Response [502]>
marriott
ERROR
Expecting value: line 1 column 1 (char 0)
<Response [502]>
beachfront
ERROR
Expecting value: line 1 column 1 (char 0)
<Response [502]>
mountain view
ERROR
Expecting value: line 1 column 1 (char 0)
<Response [502]>
mid-range hotel
ERROR
Expecting value: line 1 column 1 (char 0)
<Response [502]>
budget hotel
ERROR
Expecting value: line 1 column 1 (char 0)
<Response [502]>
4 star
ERROR
Expecting value: line 1 column 1 (char 0)
<Response [502]>
2 star
ERROR
Expecting value: line 1 column 1 (char 0)
<Response [502]>
5 star
ERROR
Expecting value: line 1 column 1 (char 0)
<Response [502]>
1 star
ERROR
Expecting value: line 1 column 1 (char 0)
<Response [502]>
3 star
ERROR
Expecting value: line 1 column 1 (char 0)
<Response [502]>
2 stars
ERROR
Expecting value: line 1 column 1 (char 0)
<Response [502]>
4 stars
ERROR
Expecting value: line 1 column 1 (char 0)
<Response [502]>
5 stars
ERROR
Expecting value: line 1 column 1 (char 0)
<Response [502]>
3 stars
ERROR
Expecting value: line 1 column 1 (char 0)
<Response [502]>
motel
ERROR
Expecting value: line 1 column 1 (char 0)
<Response [502]>
onesie
ERROR
Expecting value: line 1 column 1 (char 0)
<Response [502]>
wearing a blanket
ERROR
Expecting value: line 1 column 1 (char 0)
<Response [502]>
wearing a onesie
ERROR
Expecting value: line 1 column 1 (char 0)
<Response [502]>
swaddled
ERROR
Expecting value: line 1 column 1 (char 0)
<Response [502]>
dressed
ERROR
Expecting value: line 1 column 1 (char 0)
<Response [502]>
sleeping clothes
ERROR
Expecting value: line 1 column 1 (char 0)
<Response [502]>
crying
ERROR
Expecting value: line 1 column 1 (char 0)
<Response [502]>
on bookshelf
ERROR
Expecting value: line 1 column 1 (char 0)
<Response [502]>
inside suitcase
ERROR
Expecting value: line 1 column 1 (char 0)
<Response [502]>
in carrier
ERROR
Expecting value: line 1 column 1 (char 0)
<Response [502]>
in high chair
ERROR
Expecting value: line 1 column 1 (char 0)
<Response [502]>
in crib
ERROR
Expecting value: line 1 column 1 (char 0)
<Response [502]>
in stroller
ERROR
Expecting value: line 1 column 1 (char 0)
<Response [502]>
inside luggage
ERROR
Expecting value: line 1 column 1 (char 0)
<Response [502]>
outside luggage
ERROR
Expecting value: line 1 column 1 (char 0)
<Response [502]>
sitting up
ERROR
Expecting value: line 1 column 1 (char 0)
<Response [502]>
bottle
ERROR
Expecting value: line 1 column 1 (char 0)
<Response [502]>
diaper
ERROR
Expecting value: line 1 column 1 (char 0)
<Response [502]>
canon
ERROR
Expecting value: line 1 column 1 (char 0)
<Response [502]>
department store
ERROR
Expecting value: line 1 column 1 (char 0)
<Response [502]>
grocery store
ERROR
Expecting value: line 1 column 1 (char 0)
<Response [502]>
specialty store
ERROR
Expecting value: line 1 column 1 (char 0)
<Response [502]>
farmers market
ERROR
Expecting value: line 1 column 1 (char 0)
<Response [502]>
boutique
ERROR
Expecting value: line 1 column 1 (char 0)
<Response [502]>
toy store
ERROR
Expecting value: line 1 column 1 (char 0)
<Response [502]>
monday - friday
ERROR
Expecting value: line 1 column 1 (char 0)
<Response [502]>
saturday - sunday
ERROR
Expecting value: line 1 column 1 (char 0)
<Response [502]>
discounts
ERROR
Expecting value: line 1 column 1 (char 0)
<Response [502]>
sales
ERROR
Expecting value: line 1 column 1 (char 0)
<Response [502]>
clothing store
ERROR
Expecting value: line 1 column 1 (char 0)
<Response [502]>
souvenir shop
ERROR
Expecting value: line 1 column 1 (char 0)
<Response [502]>
gas station
ERROR
Expecting value: line 1 column 1 (char 0)
<Response [502]>
convenience store
ERROR
Expecting value: line 1 column 1 (char 0)
<Response [502]>
corner store
ERROR
Expecting value: line 1 column 1 (char 0)
<Response [502]>
pet store
ERROR
Expecting value: line 1 column 1 (char 0)
<Response [502]>
electronics store
ERROR
Expecting value: line 1 column 1 (char 0)
<Response [502]>
motorcycle dealership
ERROR
Expecting value: line 1 column 1 (char 0)
<Response [502]>
parts store
ERROR
Expecting value: line 1 column 1 (char 0)
<Response [502]>
bike shop
ERROR
Expecting value: line 1 column 1 (char 0)
<Response [502]>
home goods store
ERROR
Expecting value: line 1 column 1 (char 0)
<Response [502]>
furniture store
ERROR
Expecting value: line 1 column 1 (char 0)
<Response [502]>
specialty food store
ERROR
Expecting value: line 1 column 1 (char 0)
<Response [502]>
craft store
ERROR
Expecting value: line 1 column 1 (char 0)
<Response [502]>
fabric store
ERROR
Expecting value: line 1 column 1 (char 0)
<Response [502]>
hobby store
ERROR
Expecting value: line 1 column 1 (char 0)
<Response [502]>
other store
ERROR
Expecting value: line 1 column 1 (char 0)
<Response [502]>
50-100
ERROR
Expecting value: line 1 column 1 (char 0)
<Response [502]>
more than 100
ERROR
Expecting value: line 1 column 1 (char 0)
<Response [502]>
less than 50
ERROR
Expecting value: line 1 column 1 (char 0)
<Response [502]>
first person
ERROR
Expecting value: line 1 column 1 (char 0)
<Response [502]>
third person
ERROR
Expecting value: line 1 column 1 (char 0)
<Response [502]>
arrivals
ERROR
Expecting value: line 1 column 1 (char 0)
<Response [502]>
baggage claim
ERROR
Expecting value: line 1 column 1 (char 0)
<Response [502]>
ticketing
ERROR
Expecting value: line 1 column 1 (char 0)
<Response [502]>
departures
ERROR
Expecting value: line 1 column 1 (char 0)
<Response [502]>
very high traffic
ERROR
Expecting value: line 1 column 1 (char 0)
<Response [502]>
stormy
ERROR
Expecting value: line 1 column 1 (char 0)
<Response [502]>
choppy
ERROR
Expecting value: line 1 column 1 (char 0)
<Response [502]>
bumpy
ERROR
Expecting value: line 1 column 1 (char 0)
<Response [502]>
peaky
ERROR
Expecting value: line 1 column 1 (char 0)
<Response [502]>
crescent
ERROR
Expecting value: line 1 column 1 (char 0)
<Response [502]>
big
ERROR
Expecting value: line 1 column 1 (char 0)
<Response [502]>
mediocre
ERROR
Expecting value: line 1 column 1 (char 0)
<Response [502]>
big wave
ERROR
Expecting value: line 1 column 1 (char 0)
<Response [502]>
shallow
ERROR
Expecting value: line 1 column 1 (char 0)
<Response [502]>
closeout
ERROR
Expecting value: line 1 column 1 (char 0)
<Response [502]>
clean break
ERROR
Expecting value: line 1 column 1 (char 0)
<Response [502]>
choppy water
ERROR
Expecting value: line 1 column 1 (char 0)
<Response [502]>
clear water
ERROR
Expecting value: line 1 column 1 (char 0)
<Response [502]>
rough water
ERROR
Expecting value: line 1 column 1 (char 0)
<Response [502]>
wave in a lake
ERROR
Expecting value: line 1 column 1 (char 0)
<Response [502]>
wave in the ocean
ERROR
Expecting value: line 1 column 1 (char 0)
<Response [502]>
other water wave
ERROR
Expecting value: line 1 column 1 (char 0)
<Response [502]>
propeller-driven
ERROR
Expecting value: line 1 column 1 (char 0)
<Response [502]>
other airplane
ERROR
Expecting value: line 1 column 1 (char 0)
<Response [502]>
ghana airplane
ERROR
Expecting value: line 1 column 1 (char 0)
<Response [502]>
cargo plane
ERROR
Expecting value: line 1 column 1 (char 0)
<Response [502]>
large plane
ERROR
Expecting value: line 1 column 1 (char 0)
<Response [502]>
medium plane
ERROR
Expecting value: line 1 column 1 (char 0)
<Response [502]>
glider
ERROR
Expecting value: line 1 column 1 (char 0)
<Response [502]>
airbus a320
ERROR
Expecting value: line 1 column 1 (char 0)
<Response [502]>
bombardier crj
ERROR
Expecting value: line 1 column 1 (char 0)
<Response [502]>
boeing 737
ERROR
Expecting value: line 1 column 1 (char 0)
<Response [502]>
jet plane
ERROR
Expecting value: line 1 column 1 (char 0)
<Response [502]>
fighter plane
ERROR
Expecting value: line 1 column 1 (char 0)
<Response [502]>
grounded
ERROR
Expecting value: line 1 column 1 (char 0)
<Response [502]>
under maintenance
ERROR
Expecting value: line 1 column 1 (char 0)
<Response [502]>
fully functional
ERROR
Expecting value: line 1 column 1 (char 0)
<Response [502]>
100-200
ERROR
Expecting value: line 1 column 1 (char 0)
<Response [502]>
200-300
ERROR
Expecting value: line 1 column 1 (char 0)
<Response [502]>
1-2 hours
ERROR
Expecting value: line 1 column 1 (char 0)
<Response [502]>
2-3 hours
ERROR
Expecting value: line 1 column 1 (char 0)
<Response [502]>
new livery
ERROR
Expecting value: line 1 column 1 (char 0)
<Response [502]>
re-branded
ERROR
Expecting value: line 1 column 1 (char 0)
<Response [502]>
branding
ERROR
Expecting value: line 1 column 1 (char 0)
<Response [502]>
airline-branded
ERROR
Expecting value: line 1 column 1 (char 0)
<Response [502]>
southwest
ERROR
Expecting value: line 1 column 1 (char 0)
<Response [502]>
other airline
ERROR
Expecting value: line 1 column 1 (char 0)
<Response [502]>
branded livery
ERROR
Expecting value: line 1 column 1 (char 0)
<Response [502]>
advertising
ERROR
Expecting value: line 1 column 1 (char 0)
<Response [502]>
mid-air altitude
ERROR
Expecting value: line 1 column 1 (char 0)
<Response [502]>
arriving from
ERROR
Expecting value: line 1 column 1 (char 0)
<Response [502]>
departing from
ERROR
Expecting value: line 1 column 1 (char 0)
<Response [502]>
arriving at
ERROR
Expecting value: line 1 column 1 (char 0)
<Response [502]>
leaving from
ERROR
Expecting value: line 1 column 1 (char 0)
<Response [502]>
departing to
ERROR
Expecting value: line 1 column 1 (char 0)
<Response [502]>
flying to
ERROR
Expecting value: line 1 column 1 (char 0)
<Response [502]>
airbus
ERROR
Expecting value: line 1 column 1 (char 0)
<Response [502]>
on runway
ERROR
Expecting value: line 1 column 1 (char 0)
<Response [502]>
in hangar
ERROR
Expecting value: line 1 column 1 (char 0)
<Response [502]>
coach class
ERROR
Expecting value: line 1 column 1 (char 0)
<Response [502]>
business class
ERROR
Expecting value: line 1 column 1 (char 0)
<Response [502]>
first class
ERROR
Expecting value: line 1 column 1 (char 0)
<Response [502]>
ready for takeoff
ERROR
Expecting value: line 1 column 1 (char 0)
<Response [502]>
servicing
ERROR
Expecting value: line 1 column 1 (char 0)
<Response [502]>
fueling
ERROR
Expecting value: line 1 column 1 (char 0)
<Response [502]>
repaint
ERROR
Expecting value: line 1 column 1 (char 0)
<Response [502]>
flight destination
ERROR
Expecting value: line 1 column 1 (char 0)
<Response [502]>
final destination
ERROR
Expecting value: line 1 column 1 (char 0)
<Response [502]>
full flight
ERROR
Expecting value: line 1 column 1 (char 0)
<Response [502]>
many luggage
ERROR
Expecting value: line 1 column 1 (char 0)
<Response [502]>
few luggage
ERROR
Expecting value: line 1 column 1 (char 0)
<Response [502]>
moderate luggage load
ERROR
Expecting value: line 1 column 1 (char 0)
<Response [502]>
in a hangar
ERROR
Expecting value: line 1 column 1 (char 0)
<Response [502]>
in flight
ERROR
Expecting value: line 1 column 1 (char 0)
<Response [502]>
white and green
ERROR
Expecting value: line 1 column 1 (char 0)
<Response [502]>
boardwalk
ERROR
Expecting value: line 1 column 1 (char 0)
<Response [502]>
united
ERROR
Expecting value: line 1 column 1 (char 0)
<Response [502]>
virgin america's red and white
ERROR
Expecting value: line 1 column 1 (char 0)
<Response [502]>
airframe maintenance
ERROR
Expecting value: line 1 column 1 (char 0)
<Response [502]>
engine maintenance
ERROR
Expecting value: line 1 column 1 (char 0)
<Response [502]>
avionics upgrade
ERROR
Expecting value: line 1 column 1 (char 0)
<Response [502]>
extremely high altitude
ERROR
Expecting value: line 1 column 1 (char 0)
<Response [502]>
premium economy
ERROR
Expecting value: line 1 column 1 (char 0)
<Response [502]>
economy class
ERROR
Expecting value: line 1 column 1 (char 0)
<Response [502]>
takeoff
ERROR
Expecting value: line 1 column 1 (char 0)
<Response [502]>
flight
ERROR
Expecting value: line 1 column 1 (char 0)
<Response [502]>
cruise
ERROR
Expecting value: line 1 column 1 (char 0)
<Response [502]>
high speed
ERROR
Expecting value: line 1 column 1 (char 0)
<Response [502]>
low speed
ERROR
Expecting value: line 1 column 1 (char 0)
<Response [502]>
medium speed
ERROR
Expecting value: line 1 column 1 (char 0)
<Response [502]>
canceled
ERROR
Expecting value: line 1 column 1 (char 0)
<Response [502]>
delayed
ERROR
Expecting value: line 1 column 1 (char 0)
<Response [502]>
circular route
ERROR
Expecting value: line 1 column 1 (char 0)
<Response [502]>
straight line
ERROR
Expecting value: line 1 column 1 (char 0)
<Response [502]>
curved path
ERROR
Expecting value: line 1 column 1 (char 0)
<Response [502]>
medical
ERROR
Expecting value: line 1 column 1 (char 0)
<Response [502]>
flight number 123
ERROR
Expecting value: line 1 column 1 (char 0)
<Response [502]>
flight number 456
ERROR
Expecting value: line 1 column 1 (char 0)
<Response [502]>
short flight
ERROR
Expecting value: line 1 column 1 (char 0)
<Response [502]>
medium flight
ERROR
Expecting value: line 1 column 1 (char 0)
<Response [502]>
long flight
ERROR
Expecting value: line 1 column 1 (char 0)
<Response [502]>
partly covered
ERROR
Expecting value: line 1 column 1 (char 0)
<Response [502]>
heavy snow
ERROR
Expecting value: line 1 column 1 (char 0)
<Response [502]>
light snow
ERROR
Expecting value: line 1 column 1 (char 0)
<Response [502]>
mixed snow
ERROR
Expecting value: line 1 column 1 (char 0)
<Response [502]>
deep snow
ERROR
Expecting value: line 1 column 1 (char 0)
<Response [502]>
shallow snow
ERROR
Expecting value: line 1 column 1 (char 0)
<Response [502]>
snow-free
ERROR
Expecting value: line 1 column 1 (char 0)
<Response [502]>
snow-covered
ERROR
Expecting value: line 1 column 1 (char 0)
<Response [502]>
crud
ERROR
Expecting value: line 1 column 1 (char 0)
<Response [502]>
powder snow
ERROR
Expecting value: line 1 column 1 (char 0)
<Response [502]>
ice
ERROR
Expecting value: line 1 column 1 (char 0)
<Response [502]>
flakes
ERROR
Expecting value: line 1 column 1 (char 0)
<Response [502]>
slush
ERROR
Expecting value: line 1 column 1 (char 0)
<Response [502]>
icy snow
ERROR
Expecting value: line 1 column 1 (char 0)
<Response [502]>
glades
ERROR
Expecting value: line 1 column 1 (char 0)
<Response [502]>
packed powder
ERROR
Expecting value: line 1 column 1 (char 0)
<Response [502]>
icy slope
ERROR
Expecting value: line 1 column 1 (char 0)
<Response [502]>
moderate snow
ERROR
Expecting value: line 1 column 1 (char 0)
<Response [502]>
cabinet
ERROR
Expecting value: line 1 column 1 (char 0)
<Response [502]>
other appliances
ERROR
Expecting value: line 1 column 1 (char 0)
<Response [502]>
rustic
ERROR
Expecting value: line 1 column 1 (char 0)
<Response [502]>
compact
ERROR
Expecting value: line 1 column 1 (char 0)
<Response [502]>
appliances
ERROR
Expecting value: line 1 column 1 (char 0)
<Response [502]>
countertops
ERROR
Expecting value: line 1 column 1 (char 0)
<Response [502]>
cabinets
ERROR
Expecting value: line 1 column 1 (char 0)
<Response [502]>
countertop
ERROR
Expecting value: line 1 column 1 (char 0)
<Response [502]>
gas stove
ERROR
Expecting value: line 1 column 1 (char 0)
<Response [502]>
preschooler
ERROR
Expecting value: line 1 column 1 (char 0)
<Response [502]>
school-age child
ERROR
Expecting value: line 1 column 1 (char 0)
<Response [502]>
playing attire
ERROR
Expecting value: line 1 column 1 (char 0)
<Response [502]>
skiing outfit
ERROR
Expecting value: line 1 column 1 (char 0)
<Response [502]>
winter clothes
ERROR
Expecting value: line 1 column 1 (char 0)
<Response [502]>
summer clothes
ERROR
Expecting value: line 1 column 1 (char 0)
<Response [502]>
medical condition
ERROR
Expecting value: line 1 column 1 (char 0)
<Response [502]>
vacation
ERROR
Expecting value: line 1 column 1 (char 0)
<Response [502]>
playing baseball
ERROR
Expecting value: line 1 column 1 (char 0)
<Response [502]>
bedtime
ERROR
Expecting value: line 1 column 1 (char 0)
<Response [502]>
sucking
ERROR
Expecting value: line 1 column 1 (char 0)
<Response [502]>
aer lingus
ERROR
Expecting value: line 1 column 1 (char 0)
<Response [502]>
news
ERROR
Expecting value: line 1 column 1 (char 0)
<Response [502]>
movies
ERROR
Expecting value: line 1 column 1 (char 0)
<Response [502]>
lg
ERROR
Expecting value: line 1 column 1 (char 0)
<Response [502]>
sony
ERROR
Expecting value: line 1 column 1 (char 0)
<Response [502]>
plasma
ERROR
Expecting value: line 1 column 1 (char 0)
<Response [502]>
led
ERROR
Expecting value: line 1 column 1 (char 0)
<Response [502]>
lcd
ERROR
Expecting value: line 1 column 1 (char 0)
<Response [502]>
cartoon
ERROR
Expecting value: line 1 column 1 (char 0)
<Response [502]>
movie
ERROR
Expecting value: line 1 column 1 (char 0)
<Response [502]>
flatscreen
ERROR
Expecting value: line 1 column 1 (char 0)
<Response [502]>
lcd tv
ERROR
Expecting value: line 1 column 1 (char 0)
<Response [502]>
plasma tv
ERROR
Expecting value: line 1 column 1 (char 0)
<Response [502]>
smart tv
ERROR
Expecting value: line 1 column 1 (char 0)
<Response [502]>
x-large
ERROR
Expecting value: line 1 column 1 (char 0)
<Response [502]>
comfort bike
ERROR
Expecting value: line 1 column 1 (char 0)
<Response [502]>
race bike
ERROR
Expecting value: line 1 column 1 (char 0)
<Response [502]>
cruiser bike
ERROR
Expecting value: line 1 column 1 (char 0)
<Response [502]>
front of building
ERROR
Expecting value: line 1 column 1 (char 0)
<Response [502]>
giant
ERROR
Expecting value: line 1 column 1 (char 0)
<Response [502]>
against a building
ERROR
Expecting value: line 1 column 1 (char 0)
<Response [502]>
$1000 - $2000
ERROR
Expecting value: line 1 column 1 (char 0)
<Response [502]>
more than $2000
ERROR
Expecting value: line 1 column 1 (char 0)
<Response [502]>
less than $500
ERROR
Expecting value: line 1 column 1 (char 0)
<Response [502]>
$500 - $1000
ERROR
Expecting value: line 1 column 1 (char 0)
<Response [502]>
motocross
ERROR
Expecting value: line 1 column 1 (char 0)
<Response [502]>
supercross
ERROR
Expecting value: line 1 column 1 (char 0)
<Response [502]>
rail
ERROR
Expecting value: line 1 column 1 (char 0)
<Response [502]>
quarter-pipes
ERROR
Expecting value: line 1 column 1 (char 0)
<Response [502]>
mega-ramps
ERROR
Expecting value: line 1 column 1 (char 0)
<Response [502]>
jump
ERROR
Expecting value: line 1 column 1 (char 0)
<Response [502]>
pipe
ERROR
Expecting value: line 1 column 1 (char 0)
<Response [502]>
short jump
ERROR
Expecting value: line 1 column 1 (char 0)
<Response [502]>
long jump
ERROR
Expecting value: line 1 column 1 (char 0)
<Response [502]>
medium jump
ERROR
Expecting value: line 1 column 1 (char 0)
<Response [502]>
low jump
ERROR
Expecting value: line 1 column 1 (char 0)
<Response [502]>
high jump
ERROR
Expecting value: line 1 column 1 (char 0)
<Response [502]>
three-wheeled
ERROR
Expecting value: line 1 column 1 (char 0)
<Response [502]>
two-wheeled
ERROR
Expecting value: line 1 column 1 (char 0)
<Response [502]>
cruiser moped
ERROR
Expecting value: line 1 column 1 (char 0)
<Response [502]>
sport moped
ERROR
Expecting value: line 1 column 1 (char 0)
<Response [502]>
commuter moped
ERROR
Expecting value: line 1 column 1 (char 0)
<Response [502]>
yamaha
ERROR
Expecting value: line 1 column 1 (char 0)
<Response [502]>
mini-ramp board
ERROR
Expecting value: line 1 column 1 (char 0)
<Response [502]>
mini-ramp skateboard
ERROR
Expecting value: line 1 column 1 (char 0)
<Response [502]>
mini-ramp
ERROR
Expecting value: line 1 column 1 (char 0)
<Response [502]>
kickflip
ERROR
Expecting value: line 1 column 1 (char 0)
<Response [502]>
heelflip
ERROR
Expecting value: line 1 column 1 (char 0)
<Response [502]>
ollie
ERROR
Expecting value: line 1 column 1 (char 0)
<Response [502]>
on the curb
ERROR
Expecting value: line 1 column 1 (char 0)
<Response [502]>
trick-based
ERROR
Expecting value: line 1 column 1 (char 0)
<Response [502]>
wheels
ERROR
Expecting value: line 1 column 1 (char 0)
<Response [502]>
trucks
ERROR
Expecting value: line 1 column 1 (char 0)
<Response [502]>
deck
ERROR
Expecting value: line 1 column 1 (char 0)
<Response [502]>
thrasher skateboard
ERROR
Expecting value: line 1 column 1 (char 0)
<Response [502]>
pro skateboard
ERROR
Expecting value: line 1 column 1 (char 0)
<Response [502]>
street skateboard
ERROR
Expecting value: line 1 column 1 (char 0)
<Response [502]>
rail grind
ERROR
Expecting value: line 1 column 1 (char 0)
<Response [502]>
side grind
ERROR
Expecting value: line 1 column 1 (char 0)
<Response [502]>
kicktail grind
ERROR
Expecting value: line 1 column 1 (char 0)
<Response [502]>
kicktail
ERROR
Expecting value: line 1 column 1 (char 0)
<Response [502]>
freestyle skating
ERROR
Expecting value: line 1 column 1 (char 0)
<Response [502]>
trick skating
ERROR
Expecting value: line 1 column 1 (char 0)
<Response [502]>
downhill skating
ERROR
Expecting value: line 1 column 1 (char 0)
<Response [502]>
downhill skateboarding
ERROR
Expecting value: line 1 column 1 (char 0)
<Response [502]>
billabong
ERROR
Expecting value: line 1 column 1 (char 0)
<Response [502]>
roxy
ERROR
Expecting value: line 1 column 1 (char 0)
<Response [502]>
huf
ERROR
Expecting value: line 1 column 1 (char 0)
<Response [502]>
vans
ERROR
Expecting value: line 1 column 1 (char 0)
<Response [502]>
wooden post
ERROR
Expecting value: line 1 column 1 (char 0)
<Response [502]>
curb
ERROR
Expecting value: line 1 column 1 (char 0)
<Response [502]>
gutter
ERROR
Expecting value: line 1 column 1 (char 0)
<Response [502]>
grab rail
ERROR
Expecting value: line 1 column 1 (char 0)
<Response [502]>
stair
ERROR
Expecting value: line 1 column 1 (char 0)
<Response [502]>
wooden bench
ERROR
Expecting value: line 1 column 1 (char 0)
<Response [502]>
metal bench
ERROR
Expecting value: line 1 column 1 (char 0)
<Response [502]>
wrought iron
ERROR
Expecting value: line 1 column 1 (char 0)
<Response [502]>
garden bench
ERROR
Expecting value: line 1 column 1 (char 0)
<Response [502]>
beach bench
ERROR
Expecting value: line 1 column 1 (char 0)
<Response [502]>
multiple benches
ERROR
Expecting value: line 1 column 1 (char 0)
<Response [502]>
single bench
ERROR
Expecting value: line 1 column 1 (char 0)
<Response [502]>
rectangular bench
ERROR
Expecting value: line 1 column 1 (char 0)
<Response [502]>
square bench
ERROR
Expecting value: line 1 column 1 (char 0)
<Response [502]>
round bench
ERROR
Expecting value: line 1 column 1 (char 0)
<Response [502]>
medium bench
ERROR
Expecting value: line 1 column 1 (char 0)
<Response [502]>
small bench
ERROR
Expecting value: line 1 column 1 (char 0)
<Response [502]>
large bench
ERROR
Expecting value: line 1 column 1 (char 0)
<Response [502]>
small bus
ERROR
Expecting value: line 1 column 1 (char 0)
<Response [502]>
large bus
ERROR
Expecting value: line 1 column 1 (char 0)
<Response [502]>
mini bus
ERROR
Expecting value: line 1 column 1 (char 0)
<Response [502]>
semicircular
ERROR
Expecting value: line 1 column 1 (char 0)
<Response [502]>
mercedes-benz
ERROR
Expecting value: line 1 column 1 (char 0)
<Response [502]>
gmc
ERROR
Expecting value: line 1 column 1 (char 0)
<Response [502]>
long wait
ERROR
Expecting value: line 1 column 1 (char 0)
<Response [502]>
medium wait
ERROR
Expecting value: line 1 column 1 (char 0)
<Response [502]>
short wait
ERROR
Expecting value: line 1 column 1 (char 0)
<Response [502]>
multiple buses
ERROR
Expecting value: line 1 column 1 (char 0)
<Response [502]>
one bus
ERROR
Expecting value: line 1 column 1 (char 0)
<Response [502]>
single-decker
ERROR
Expecting value: line 1 column 1 (char 0)
<Response [502]>
double-decker
ERROR
Expecting value: line 1 column 1 (char 0)
<Response [502]>
destination is a tourist attraction
ERROR
Expecting value: line 1 column 1 (char 0)
<Response [502]>
destination is a landmark
ERROR
Expecting value: line 1 column 1 (char 0)
<Response [502]>
destination is a city
ERROR
Expecting value: line 1 column 1 (char 0)
<Response [502]>
intermediate stop
ERROR
Expecting value: line 1 column 1 (char 0)
<Response [502]>
alien
ERROR
Expecting value: line 1 column 1 (char 0)
<Response [502]>
orbit
ERROR
Expecting value: line 1 column 1 (char 0)
<Response [502]>
space
ERROR
Expecting value: line 1 column 1 (char 0)
<Response [502]>
truck-based
ERROR
Expecting value: line 1 column 1 (char 0)
<Response [502]>
mta
ERROR
Expecting value: line 1 column 1 (char 0)
<Response [502]>
new york city transit
ERROR
Expecting value: line 1 column 1 (char 0)
<Response [502]>
china
ERROR
Expecting value: line 1 column 1 (char 0)
<Response [502]>
veggie
ERROR
Expecting value: line 1 column 1 (char 0)
<Response [502]>
meat lover's
ERROR
Expecting value: line 1 column 1 (char 0)
<Response [502]>
margherita
ERROR
Expecting value: line 1 column 1 (char 0)
<Response [502]>
pepperoni pizza
ERROR
Expecting value: line 1 column 1 (char 0)
<Response [502]>
veggie pizza
ERROR
Expecting value: line 1 column 1 (char 0)
<Response [502]>
cheese pizza
ERROR
Expecting value: line 1 column 1 (char 0)
<Response [502]>
pan-fried
ERROR
Expecting value: line 1 column 1 (char 0)
<Response [502]>
oven-baked
ERROR
Expecting value: line 1 column 1 (char 0)
<Response [502]>
dried up
ERROR
Expecting value: line 1 column 1 (char 0)
<Response [502]>
slice
ERROR
Expecting value: line 1 column 1 (char 0)
<Response [502]>
overloaded
ERROR
Expecting value: line 1 column 1 (char 0)
<Response [502]>
underloaded
ERROR
Expecting value: line 1 column 1 (char 0)
<Response [502]>
discolored
ERROR
Expecting value: line 1 column 1 (char 0)
<Response [502]>
moldy
ERROR
Expecting value: line 1 column 1 (char 0)
<Response [502]>
undercooked
ERROR
Expecting value: line 1 column 1 (char 0)
<Response [502]>
crispy
ERROR
Expecting value: line 1 column 1 (char 0)
<Response [502]>
flaky
ERROR
Expecting value: line 1 column 1 (char 0)
<Response [502]>
overcooked
ERROR
Expecting value: line 1 column 1 (char 0)
<Response [502]>
white box
ERROR
Expecting value: line 1 column 1 (char 0)
<Response [502]>
brown box
ERROR
Expecting value: line 1 column 1 (char 0)
<Response [502]>
little caesars
ERROR
Expecting value: line 1 column 1 (char 0)
<Response [502]>
domino's
ERROR
Expecting value: line 1 column 1 (char 0)
<Response [502]>
pizza hut
ERROR
Expecting value: line 1 column 1 (char 0)
<Response [502]>
baked in oven
ERROR
Expecting value: line 1 column 1 (char 0)
<Response [502]>
wood fired
ERROR
Expecting value: line 1 column 1 (char 0)
<Response [502]>
deep fried
ERROR
Expecting value: line 1 column 1 (char 0)
<Response [502]>
oven baked
ERROR
Expecting value: line 1 column 1 (char 0)
<Response [502]>
pan-baked
ERROR
Expecting value: line 1 column 1 (char 0)
<Response [502]>
wood-fired
ERROR
Expecting value: line 1 column 1 (char 0)
<Response [502]>
italian
ERROR
Expecting value: line 1 column 1 (char 0)
<Response [502]>
walk-in
ERROR
Expecting value: line 1 column 1 (char 0)
<Response [502]>
single-slice
ERROR
Expecting value: line 1 column 1 (char 0)
<Response [502]>
multi-slice
ERROR
Expecting value: line 1 column 1 (char 0)
<Response [502]>
pre-made
ERROR
Expecting value: line 1 column 1 (char 0)
<Response [502]>
freshly made
ERROR
Expecting value: line 1 column 1 (char 0)
<Response [502]>
rimmed
ERROR
Expecting value: line 1 column 1 (char 0)
<Response [502]>
decorative plate
ERROR
Expecting value: line 1 column 1 (char 0)
<Response [502]>
functional plate
ERROR
Expecting value: line 1 column 1 (char 0)
<Response [502]>
black plate
ERROR
Expecting value: line 1 column 1 (char 0)
<Response [502]>
blue plate
ERROR
Expecting value: line 1 column 1 (char 0)
<Response [502]>
green plate
ERROR
Expecting value: line 1 column 1 (char 0)
<Response [502]>
white plate
ERROR
Expecting value: line 1 column 1 (char 0)
<Response [502]>
arranged
ERROR
Expecting value: line 1 column 1 (char 0)
<Response [502]>
piled
ERROR
Expecting value: line 1 column 1 (char 0)
<Response [502]>
ceramic
ERROR
Expecting value: line 1 column 1 (char 0)
<Response [502]>
stained
ERROR
Expecting value: line 1 column 1 (char 0)
<Response [502]>
patterned
ERROR
Expecting value: line 1 column 1 (char 0)
<Response [502]>
dishwasher safe
ERROR
Expecting value: line 1 column 1 (char 0)
<Response [502]>
lunch plate
ERROR
Expecting value: line 1 column 1 (char 0)
<Response [502]>
other plate
ERROR
Expecting value: line 1 column 1 (char 0)
<Response [502]>
dinner plate
ERROR
Expecting value: line 1 column 1 (char 0)
<Response [502]>
porcelain
ERROR
Expecting value: line 1 column 1 (char 0)
<Response [502]>
appetizer plate
ERROR
Expecting value: line 1 column 1 (char 0)
<Response [502]>
dessert plate
ERROR
Expecting value: line 1 column 1 (char 0)
<Response [502]>
sunday brunch plate
ERROR
Expecting value: line 1 column 1 (char 0)
<Response [502]>
bread plate
ERROR
Expecting value: line 1 column 1 (char 0)
<Response [502]>
salad plate
ERROR
Expecting value: line 1 column 1 (char 0)
<Response [502]>
gourmet
ERROR
Expecting value: line 1 column 1 (char 0)
<Response [502]>
deep dish
ERROR
Expecting value: line 1 column 1 (char 0)
<Response [502]>
dish
ERROR
Expecting value: line 1 column 1 (char 0)
<Response [502]>
snack plate
ERROR
Expecting value: line 1 column 1 (char 0)
<Response [502]>
3 items
ERROR
Expecting value: line 1 column 1 (char 0)
<Response [502]>
2 items
ERROR
Expecting value: line 1 column 1 (char 0)
<Response [502]>
1 item
ERROR
Expecting value: line 1 column 1 (char 0)
<Response [502]>
fusion
ERROR
Expecting value: line 1 column 1 (char 0)
<Response [502]>
desserts
ERROR
Expecting value: line 1 column 1 (char 0)
<Response [502]>
lots
ERROR
Expecting value: line 1 column 1 (char 0)
<Response [502]>
gray plate
ERROR
Expecting value: line 1 column 1 (char 0)
<Response [502]>
2 plates
ERROR
Expecting value: line 1 column 1 (char 0)
<Response [502]>
3 plates
ERROR
Expecting value: line 1 column 1 (char 0)
<Response [502]>
1 plate
ERROR
Expecting value: line 1 column 1 (char 0)
<Response [502]>
handmade
ERROR
Expecting value: line 1 column 1 (char 0)
<Response [502]>
spoiled
ERROR
Expecting value: line 1 column 1 (char 0)
<Response [502]>
quiche
ERROR
Expecting value: line 1 column 1 (char 0)
<Response [502]>
croissant
ERROR
Expecting value: line 1 column 1 (char 0)
<Response [502]>
tart
ERROR
Expecting value: line 1 column 1 (char 0)
<Response [502]>
light shadow
ERROR
Expecting value: line 1 column 1 (char 0)
<Response [502]>
dark shadow
ERROR
Expecting value: line 1 column 1 (char 0)
<Response [502]>
medium shadow
ERROR
Expecting value: line 1 column 1 (char 0)
<Response [502]>
elongated
ERROR
Expecting value: line 1 column 1 (char 0)
<Response [502]>
similar moves
ERROR
Expecting value: line 1 column 1 (char 0)
<Response [502]>
different moves
ERROR
Expecting value: line 1 column 1 (char 0)
<Response [502]>
exact copy
ERROR
Expecting value: line 1 column 1 (char 0)
<Response [502]>
sailboat
ERROR
Expecting value: line 1 column 1 (char 0)
<Response [502]>
powerboat
ERROR
Expecting value: line 1 column 1 (char 0)
<Response [502]>
fishing gear
ERROR
Expecting value: line 1 column 1 (char 0)
<Response [502]>
life jackets
ERROR
Expecting value: line 1 column 1 (char 0)
<Response [502]>
middle of picture
ERROR
Expecting value: line 1 column 1 (char 0)
<Response [502]>
front of picture
ERROR
Expecting value: line 1 column 1 (char 0)
<Response [502]>
back of picture
ERROR
Expecting value: line 1 column 1 (char 0)
<Response [502]>
cabin cruiser
ERROR
Expecting value: line 1 column 1 (char 0)
<Response [502]>
outlook
ERROR
Expecting value: line 1 column 1 (char 0)
<Response [502]>
runabout
ERROR
Expecting value: line 1 column 1 (char 0)
<Response [502]>
cutter
ERROR
Expecting value: line 1 column 1 (char 0)
<Response [502]>
yawl
ERROR
Expecting value: line 1 column 1 (char 0)
<Response [502]>
sloop
ERROR
Expecting value: line 1 column 1 (char 0)
<Response [502]>
moored
ERROR
Expecting value: line 1 column 1 (char 0)
<Response [502]>
in harbor
ERROR
Expecting value: line 1 column 1 (char 0)
<Response [502]>
at sea
ERROR
Expecting value: line 1 column 1 (char 0)
<Response [502]>
docked
ERROR
Expecting value: line 1 column 1 (char 0)
<Response [502]>
in the water
ERROR
Expecting value: line 1 column 1 (char 0)
<Response [502]>
in a marina
ERROR
Expecting value: line 1 column 1 (char 0)
<Response [502]>
in a shed
ERROR
Expecting value: line 1 column 1 (char 0)
<Response [502]>
on the shore
ERROR
Expecting value: line 1 column 1 (char 0)
<Response [502]>
in a dock
ERROR
Expecting value: line 1 column 1 (char 0)
<Response [502]>
on land
ERROR
Expecting value: line 1 column 1 (char 0)
<Response [502]>
in water
ERROR
Expecting value: line 1 column 1 (char 0)
<Response [502]>
on shore
ERROR
Expecting value: line 1 column 1 (char 0)
<Response [502]>
on a trailer
ERROR
Expecting value: line 1 column 1 (char 0)
<Response [502]>
on a lift
ERROR
Expecting value: line 1 column 1 (char 0)
<Response [502]>
rowboat
ERROR
Expecting value: line 1 column 1 (char 0)
<Response [502]>
private ownership
ERROR
Expecting value: line 1 column 1 (char 0)
<Response [502]>
government
ERROR
Expecting value: line 1 column 1 (char 0)
<Response [502]>
multiple boats
ERROR
Expecting value: line 1 column 1 (char 0)
<Response [502]>
single boat
ERROR
Expecting value: line 1 column 1 (char 0)
<Response [502]>
more than 5
ERROR
Expecting value: line 1 column 1 (char 0)
<Response [502]>
yacht
ERROR
Expecting value: line 1 column 1 (char 0)
<Response [502]>
at anchor
ERROR
Expecting value: line 1 column 1 (char 0)
<Response [502]>
traditional anchor
ERROR
Expecting value: line 1 column 1 (char 0)
<Response [502]>
dock
ERROR
Expecting value: line 1 column 1 (char 0)
<Response [502]>
mooring ball
ERROR
Expecting value: line 1 column 1 (char 0)
<Response [502]>
stone
ERROR
Expecting value: line 1 column 1 (char 0)
<Response [502]>
bricks
ERROR
Expecting value: line 1 column 1 (char 0)
<Response [502]>
mannerist
ERROR
Expecting value: line 1 column 1 (char 0)
<Response [502]>
brutalist
ERROR
Expecting value: line 1 column 1 (char 0)
<Response [502]>
mixed use
ERROR
Expecting value: line 1 column 1 (char 0)
<Response [502]>
tower
ERROR
Expecting value: line 1 column 1 (char 0)
<Response [502]>
mansion
ERROR
Expecting value: line 1 column 1 (char 0)
<Response [502]>
modernist
ERROR
Expecting value: line 1 column 1 (char 0)
<Response [502]>
gothic
ERROR
Expecting value: line 1 column 1 (char 0)
<Response [502]>
romanesque
ERROR
Expecting value: line 1 column 1 (char 0)
<Response [502]>
townhouse
ERROR
Expecting value: line 1 column 1 (char 0)
<Response [502]>
heritage
ERROR
Expecting value: line 1 column 1 (char 0)
<Response [502]>
low-rise
ERROR
Expecting value: line 1 column 1 (char 0)
<Response [502]>
mid-rise
ERROR
Expecting value: line 1 column 1 (char 0)
<Response [502]>
high-rise
ERROR
Expecting value: line 1 column 1 (char 0)
<Response [502]>
single-family home
ERROR
Expecting value: line 1 column 1 (char 0)
<Response [502]>
under renovation
ERROR
Expecting value: line 1 column 1 (char 0)
<Response [502]>
run-down
ERROR
Expecting value: line 1 column 1 (char 0)
<Response [502]>
falling apart
ERROR
Expecting value: line 1 column 1 (char 0)
<Response [502]>
tall brick building
ERROR
Expecting value: line 1 column 1 (char 0)
<Response [502]>
building with a door
ERROR
Expecting value: line 1 column 1 (char 0)
<Response [502]>
building with windows
ERROR
Expecting value: line 1 column 1 (char 0)
<Response [502]>
modern building
ERROR
Expecting value: line 1 column 1 (char 0)
<Response [502]>
mixed-style building
ERROR
Expecting value: line 1 column 1 (char 0)
<Response [502]>
house
ERROR
Expecting value: line 1 column 1 (char 0)
<Response [502]>
gable roof
ERROR
Expecting value: line 1 column 1 (char 0)
<Response [502]>
hip roof
ERROR
Expecting value: line 1 column 1 (char 0)
<Response [502]>
flat roof
ERROR
Expecting value: line 1 column 1 (char 0)
<Response [502]>
mansard roof
ERROR
Expecting value: line 1 column 1 (char 0)
<Response [502]>
hip
ERROR
Expecting value: line 1 column 1 (char 0)
<Response [502]>
gabled
ERROR
Expecting value: line 1 column 1 (char 0)
<Response [502]>
flattop
ERROR
Expecting value: line 1 column 1 (char 0)
<Response [502]>
two story
ERROR
Expecting value: line 1 column 1 (char 0)
<Response [502]>
single story
ERROR
Expecting value: line 1 column 1 (char 0)
<Response [502]>
multi-story
ERROR
Expecting value: line 1 column 1 (char 0)
<Response [502]>
mosque
ERROR
Expecting value: line 1 column 1 (char 0)
<Response [502]>
synagogue
ERROR
Expecting value: line 1 column 1 (char 0)
<Response [502]>
church
ERROR
Expecting value: line 1 column 1 (char 0)
<Response [502]>
temple
ERROR
Expecting value: line 1 column 1 (char 0)
<Response [502]>
four story
ERROR
Expecting value: line 1 column 1 (char 0)
<Response [502]>
three story
ERROR
Expecting value: line 1 column 1 (char 0)
<Response [502]>
rectangular building
ERROR
Expecting value: line 1 column 1 (char 0)
<Response [502]>
other shape
ERROR
Expecting value: line 1 column 1 (char 0)
<Response [502]>
square building
ERROR
Expecting value: line 1 column 1 (char 0)
<Response [502]>
two-story building
ERROR
Expecting value: line 1 column 1 (char 0)
<Response [502]>
one-story building
ERROR
Expecting value: line 1 column 1 (char 0)
<Response [502]>
four-story building
ERROR
Expecting value: line 1 column 1 (char 0)
<Response [502]>
three-story building
ERROR
Expecting value: line 1 column 1 (char 0)
<Response [502]>
five-story building
ERROR
Expecting value: line 1 column 1 (char 0)
<Response [502]>
more than 10 floors
ERROR
Expecting value: line 1 column 1 (char 0)
<Response [502]>
6-10 floors
ERROR
Expecting value: line 1 column 1 (char 0)
<Response [502]>
1-2 floors
ERROR
Expecting value: line 1 column 1 (char 0)
<Response [502]>
3-5 floors
ERROR
Expecting value: line 1 column 1 (char 0)
<Response [502]>
7-10 floors
ERROR
Expecting value: line 1 column 1 (char 0)
<Response [502]>
4-6 floors
ERROR
Expecting value: line 1 column 1 (char 0)
<Response [502]>
2-3 floors
ERROR
Expecting value: line 1 column 1 (char 0)
<Response [502]>
3-4 floors
ERROR
Expecting value: line 1 column 1 (char 0)
<Response [502]>
5-6 floors
ERROR
Expecting value: line 1 column 1 (char 0)
<Response [502]>
more than 20 windows
ERROR
Expecting value: line 1 column 1 (char 0)
<Response [502]>
10-20 windows
ERROR
Expecting value: line 1 column 1 (char 0)
<Response [502]>
less than 10 windows
ERROR
Expecting value: line 1 column 1 (char 0)
<Response [502]>
storefront
ERROR
Expecting value: line 1 column 1 (char 0)
<Response [502]>
shops
ERROR
Expecting value: line 1 column 1 (char 0)
<Response [502]>
skyscrapers
ERROR
Expecting value: line 1 column 1 (char 0)
<Response [502]>
office buildings
ERROR
Expecting value: line 1 column 1 (char 0)
<Response [502]>
residential buildings
ERROR
Expecting value: line 1 column 1 (char 0)
<Response [502]>
building facade
ERROR
Expecting value: line 1 column 1 (char 0)
<Response [502]>
partial building
ERROR
Expecting value: line 1 column 1 (char 0)
<Response [502]>
entire building
ERROR
Expecting value: line 1 column 1 (char 0)
<Response [502]>
canoe
ERROR
Expecting value: line 1 column 1 (char 0)
<Response [502]>
anchored
ERROR
Expecting value: line 1 column 1 (char 0)
<Response [502]>
not anchored
ERROR
Expecting value: line 1 column 1 (char 0)
<Response [502]>
inland waterways
ERROR
Expecting value: line 1 column 1 (char 0)
<Response [502]>
coastal area
ERROR
Expecting value: line 1 column 1 (char 0)
<Response [502]>
in dry dock
ERROR
Expecting value: line 1 column 1 (char 0)
<Response [502]>
out-of-water
ERROR
Expecting value: line 1 column 1 (char 0)
<Response [502]>
in-water
ERROR
Expecting value: line 1 column 1 (char 0)
<Response [502]>
chain
ERROR
Expecting value: line 1 column 1 (char 0)
<Response [502]>
underway
ERROR
Expecting value: line 1 column 1 (char 0)
<Response [502]>
police boat
ERROR
Expecting value: line 1 column 1 (char 0)
<Response [502]>
moving fast
ERROR
Expecting value: line 1 column 1 (char 0)
<Response [502]>
moving slowly
ERROR
Expecting value: line 1 column 1 (char 0)
<Response [502]>
moving quickly
ERROR
Expecting value: line 1 column 1 (char 0)
<Response [502]>
at rest
ERROR
Expecting value: line 1 column 1 (char 0)
<Response [502]>
speedboat
ERROR
Expecting value: line 1 column 1 (char 0)
<Response [502]>
multiple anchors
ERROR
Expecting value: line 1 column 1 (char 0)
<Response [502]>
single anchor
ERROR
Expecting value: line 1 column 1 (char 0)
<Response [502]>
multi-hull
ERROR
Expecting value: line 1 column 1 (char 0)
<Response [502]>
motor yacht
ERROR
Expecting value: line 1 column 1 (char 0)
<Response [502]>
sailing yacht
ERROR
Expecting value: line 1 column 1 (char 0)
<Response [502]>
chimney
ERROR
Expecting value: line 1 column 1 (char 0)
<Response [502]>
jet ski
ERROR
Expecting value: line 1 column 1 (char 0)
<Response [502]>
water scooter
ERROR
Expecting value: line 1 column 1 (char 0)
<Response [502]>
yellow and black
ERROR
Expecting value: line 1 column 1 (char 0)
<Response [502]>
fiberglass
ERROR
Expecting value: line 1 column 1 (char 0)
<Response [502]>
nets
ERROR
Expecting value: line 1 column 1 (char 0)
<Response [502]>
anchors
ERROR
Expecting value: line 1 column 1 (char 0)
<Response [502]>
flags
ERROR
Expecting value: line 1 column 1 (char 0)
<Response [502]>
toaster
ERROR
Expecting value: line 1 column 1 (char 0)
<Response [502]>
blender
ERROR
Expecting value: line 1 column 1 (char 0)
<Response [502]>
tv dinner
ERROR
Expecting value: line 1 column 1 (char 0)
<Response [502]>
low-mount
ERROR
Expecting value: line 1 column 1 (char 0)
<Response [502]>
tinted
ERROR
Expecting value: line 1 column 1 (char 0)
<Response [502]>
blind spot
ERROR
Expecting value: line 1 column 1 (char 0)
<Response [502]>
half-length mirror
ERROR
Expecting value: line 1 column 1 (char 0)
<Response [502]>
quarter-length mirror
ERROR
Expecting value: line 1 column 1 (char 0)
<Response [502]>
full-length mirror
ERROR
Expecting value: line 1 column 1 (char 0)
<Response [502]>
tilted mirror
ERROR
Expecting value: line 1 column 1 (char 0)
<Response [502]>
mirror with selfie mode
ERROR
Expecting value: line 1 column 1 (char 0)
<Response [502]>
rear view mirror
ERROR
Expecting value: line 1 column 1 (char 0)
<Response [502]>
full length mirror
ERROR
Expecting value: line 1 column 1 (char 0)
<Response [502]>
makeup mirror
ERROR
Expecting value: line 1 column 1 (char 0)
<Response [502]>
sidelight
ERROR
Expecting value: line 1 column 1 (char 0)
<Response [502]>
closet
ERROR
Expecting value: line 1 column 1 (char 0)
<Response [502]>
compact mirror
ERROR
Expecting value: line 1 column 1 (char 0)
<Response [502]>
rearview mirror
ERROR
Expecting value: line 1 column 1 (char 0)
<Response [502]>
side mirror
ERROR
Expecting value: line 1 column 1 (char 0)
<Response [502]>
makeup
ERROR
Expecting value: line 1 column 1 (char 0)
<Response [502]>
rear view
ERROR
Expecting value: line 1 column 1 (char 0)
<Response [502]>
frameless
ERROR
Expecting value: line 1 column 1 (char 0)
<Response [502]>
framed
ERROR
Expecting value: line 1 column 1 (char 0)
<Response [502]>
face
ERROR
Expecting value: line 1 column 1 (char 0)
<Response [502]>
background reflection
ERROR
Expecting value: line 1 column 1 (char 0)
<Response [502]>
person reflected
ERROR
Expecting value: line 1 column 1 (char 0)
<Response [502]>
back wall
ERROR
Expecting value: line 1 column 1 (char 0)
<Response [502]>
canted
ERROR
Expecting value: line 1 column 1 (char 0)
<Response [502]>
foggy
ERROR
Expecting value: line 1 column 1 (char 0)
<Response [502]>
frames
ERROR
Expecting value: line 1 column 1 (char 0)
<Response [502]>
ornate frame
ERROR
Expecting value: line 1 column 1 (char 0)
<Response [502]>
all-mountain
ERROR
Expecting value: line 1 column 1 (char 0)
<Response [502]>
other winter sports
ERROR
Expecting value: line 1 column 1 (char 0)
<Response [502]>
freeride
ERROR
Expecting value: line 1 column 1 (char 0)
<Response [502]>
terrain park
ERROR
Expecting value: line 1 column 1 (char 0)
<Response [502]>
all-terrain
ERROR
Expecting value: line 1 column 1 (char 0)
<Response [502]>
standard snowboard
ERROR
Expecting value: line 1 column 1 (char 0)
<Response [502]>
freestyle snowboard
ERROR
Expecting value: line 1 column 1 (char 0)
<Response [502]>
all-mountain snowboard
ERROR
Expecting value: line 1 column 1 (char 0)
<Response [502]>
camber
ERROR
Expecting value: line 1 column 1 (char 0)
<Response [502]>
rocker
ERROR
Expecting value: line 1 column 1 (char 0)
<Response [502]>
carving
ERROR
Expecting value: line 1 column 1 (char 0)
<Response [502]>
triple camber
ERROR
Expecting value: line 1 column 1 (char 0)
<Response [502]>
twintip
ERROR
Expecting value: line 1 column 1 (char 0)
<Response [502]>
horse-drawn
ERROR
Expecting value: line 1 column 1 (char 0)
<Response [502]>
four-horse carriage
ERROR
Expecting value: line 1 column 1 (char 0)
<Response [502]>
two-horse carriage
ERROR
Expecting value: line 1 column 1 (char 0)
<Response [502]>
single-horse
ERROR
Expecting value: line 1 column 1 (char 0)
<Response [502]>
two-horse
ERROR
Expecting value: line 1 column 1 (char 0)
<Response [502]>
open carriage
ERROR
Expecting value: line 1 column 1 (char 0)
<Response [502]>
enclosed carriage
ERROR
Expecting value: line 1 column 1 (char 0)
<Response [502]>
other types
ERROR
Expecting value: line 1 column 1 (char 0)
<Response [502]>
straight carriage
ERROR
Expecting value: line 1 column 1 (char 0)
<Response [502]>
turning carriage
ERROR
Expecting value: line 1 column 1 (char 0)
<Response [502]>
other carriage
ERROR
Expecting value: line 1 column 1 (char 0)
<Response [502]>
four-wheeled
ERROR
Expecting value: line 1 column 1 (char 0)
<Response [502]>
parade
ERROR
Expecting value: line 1 column 1 (char 0)
<Response [502]>
fully peeled
ERROR
Expecting value: line 1 column 1 (char 0)
<Response [502]>
partially peeled
ERROR
Expecting value: line 1 column 1 (char 0)
<Response [502]>
unpeeled
ERROR
Expecting value: line 1 column 1 (char 0)
<Response [502]>
ripening
ERROR
Expecting value: line 1 column 1 (char 0)
<Response [502]>
overripe
ERROR
Expecting value: line 1 column 1 (char 0)
<Response [502]>
ripe
ERROR
Expecting value: line 1 column 1 (char 0)
<Response [502]>
ripened
ERROR
Expecting value: line 1 column 1 (char 0)
<Response [502]>
unripe
ERROR
Expecting value: line 1 column 1 (char 0)
<Response [502]>
3-5
ERROR
Expecting value: line 1 column 1 (char 0)
<Response [502]>
homegrown
ERROR
Expecting value: line 1 column 1 (char 0)
<Response [502]>
grocery store bought
ERROR
Expecting value: line 1 column 1 (char 0)
<Response [502]>
underripe
ERROR
Expecting value: line 1 column 1 (char 0)
<Response [502]>
pulp
ERROR
Expecting value: line 1 column 1 (char 0)
<Response [502]>
peel
ERROR
Expecting value: line 1 column 1 (char 0)
<Response [502]>
trunk
ERROR
Expecting value: line 1 column 1 (char 0)
<Response [502]>
tusks
ERROR
Expecting value: line 1 column 1 (char 0)
<Response [502]>
horns
ERROR
Expecting value: line 1 column 1 (char 0)
<Response [502]>
large herd
ERROR
Expecting value: line 1 column 1 (char 0)
<Response [502]>
docile
ERROR
Expecting value: line 1 column 1 (char 0)
<Response [502]>
roaming
ERROR
Expecting value: line 1 column 1 (char 0)
<Response [502]>
wading
ERROR
Expecting value: line 1 column 1 (char 0)
<Response [502]>
lone elephant
ERROR
Expecting value: line 1 column 1 (char 0)
<Response [502]>
mother and calf
ERROR
Expecting value: line 1 column 1 (char 0)
<Response [502]>
pushing
ERROR
Expecting value: line 1 column 1 (char 0)
<Response [502]>
torso
ERROR
Expecting value: line 1 column 1 (char 0)
<Response [502]>
limb
ERROR
Expecting value: line 1 column 1 (char 0)
<Response [502]>
tranquil
ERROR
Expecting value: line 1 column 1 (char 0)
<Response [502]>
monitor
ERROR
Expecting value: line 1 column 1 (char 0)
<Response [502]>
screen
ERROR
Expecting value: line 1 column 1 (char 0)
<Response [502]>
cpu
ERROR
Expecting value: line 1 column 1 (char 0)
<Response [502]>
gpu
ERROR
Expecting value: line 1 column 1 (char 0)
<Response [502]>
hard drive
ERROR
Expecting value: line 1 column 1 (char 0)
<Response [502]>
desktop
ERROR
Expecting value: line 1 column 1 (char 0)
<Response [502]>
headphones
ERROR
Expecting value: line 1 column 1 (char 0)
<Response [502]>
dusty
ERROR
Expecting value: line 1 column 1 (char 0)
<Response [502]>
all-in-one
ERROR
Expecting value: line 1 column 1 (char 0)
<Response [502]>
sleep mode
ERROR
Expecting value: line 1 column 1 (char 0)
<Response [502]>
multi-monitor
ERROR
Expecting value: line 1 column 1 (char 0)
<Response [502]>
dual monitor
ERROR
Expecting value: line 1 column 1 (char 0)
<Response [502]>
single monitor
ERROR
Expecting value: line 1 column 1 (char 0)
<Response [502]>
more
ERROR
Expecting value: line 1 column 1 (char 0)
<Response [502]>
racing uniform
ERROR
Expecting value: line 1 column 1 (char 0)
<Response [502]>
nervous
ERROR
Expecting value: line 1 column 1 (char 0)
<Response [502]>
large shrub
ERROR
Expecting value: line 1 column 1 (char 0)
<Response [502]>
medium shrub
ERROR
Expecting value: line 1 column 1 (char 0)
<Response [502]>
small shrub
ERROR
Expecting value: line 1 column 1 (char 0)
<Response [502]>
evergreen
ERROR
Expecting value: line 1 column 1 (char 0)
<Response [502]>
deciduous
ERROR
Expecting value: line 1 column 1 (char 0)
<Response [502]>
pine
ERROR
Expecting value: line 1 column 1 (char 0)
<Response [502]>
maple
ERROR
Expecting value: line 1 column 1 (char 0)
<Response [502]>
oak
ERROR
Expecting value: line 1 column 1 (char 0)
<Response [502]>
bushes
ERROR
Expecting value: line 1 column 1 (char 0)
<Response [502]>
coniferous
ERROR
Expecting value: line 1 column 1 (char 0)
<Response [502]>
large tree
ERROR
Expecting value: line 1 column 1 (char 0)
<Response [502]>
small tree
ERROR
Expecting value: line 1 column 1 (char 0)
<Response [502]>
conical
ERROR
Expecting value: line 1 column 1 (char 0)
<Response [502]>
cubic
ERROR
Expecting value: line 1 column 1 (char 0)
<Response [502]>
cone-shaped
ERROR
Expecting value: line 1 column 1 (char 0)
<Response [502]>
pyramidal
ERROR
Expecting value: line 1 column 1 (char 0)
<Response [502]>
spreading
ERROR
Expecting value: line 1 column 1 (char 0)
<Response [502]>
weeping
ERROR
Expecting value: line 1 column 1 (char 0)
<Response [502]>
semi-spreading
ERROR
Expecting value: line 1 column 1 (char 0)
<Response [502]>
bare
ERROR
Expecting value: line 1 column 1 (char 0)
<Response [502]>
leafy
ERROR
Expecting value: line 1 column 1 (char 0)
<Response [502]>
boreal forest
ERROR
Expecting value: line 1 column 1 (char 0)
<Response [502]>
mixed forest
ERROR
Expecting value: line 1 column 1 (char 0)
<Response [502]>
deciduous forest
ERROR
Expecting value: line 1 column 1 (char 0)
<Response [502]>
coniferous forest
ERROR
Expecting value: line 1 column 1 (char 0)
<Response [502]>
tree trunk
ERROR
Expecting value: line 1 column 1 (char 0)
<Response [502]>
tall tree
ERROR
Expecting value: line 1 column 1 (char 0)
<Response [502]>
short tree
ERROR
Expecting value: line 1 column 1 (char 0)
<Response [502]>
single tree
ERROR
Expecting value: line 1 column 1 (char 0)
<Response [502]>
no trees
ERROR
Expecting value: line 1 column 1 (char 0)
<Response [502]>
group of trees
ERROR
Expecting value: line 1 column 1 (char 0)
<Response [502]>
many trees
ERROR
Expecting value: line 1 column 1 (char 0)
<Response [502]>
one tree
ERROR
Expecting value: line 1 column 1 (char 0)
<Response [502]>
few trees
ERROR
Expecting value: line 1 column 1 (char 0)
<Response [502]>
coconut tree
ERROR
Expecting value: line 1 column 1 (char 0)
<Response [502]>
palmtree
ERROR
Expecting value: line 1 column 1 (char 0)
<Response [502]>
medium-height trees
ERROR
Expecting value: line 1 column 1 (char 0)
<Response [502]>
heavily covered
ERROR
Expecting value: line 1 column 1 (char 0)
<Response [502]>
lightly covered
ERROR
Expecting value: line 1 column 1 (char 0)
<Response [502]>
partially covered
ERROR
Expecting value: line 1 column 1 (char 0)
<Response [502]>
not covered
ERROR
Expecting value: line 1 column 1 (char 0)
<Response [502]>
date palm
ERROR
Expecting value: line 1 column 1 (char 0)
<Response [502]>
palm tree
ERROR
Expecting value: line 1 column 1 (char 0)
<Response [502]>
coconut palm
ERROR
Expecting value: line 1 column 1 (char 0)
<Response [502]>
pigeon
ERROR
Expecting value: line 1 column 1 (char 0)
<Response [502]>
dove
ERROR
Expecting value: line 1 column 1 (char 0)
<Response [502]>
seagull
ERROR
Expecting value: line 1 column 1 (char 0)
<Response [502]>
hawk
ERROR
Expecting value: line 1 column 1 (char 0)
<Response [502]>
sparrow
ERROR
Expecting value: line 1 column 1 (char 0)
<Response [502]>
robin
ERROR
Expecting value: line 1 column 1 (char 0)
<Response [502]>
finch
ERROR
Expecting value: line 1 column 1 (char 0)
<Response [502]>
bird of song
ERROR
Expecting value: line 1 column 1 (char 0)
<Response [502]>
bird of prey
ERROR
Expecting value: line 1 column 1 (char 0)
<Response [502]>
parrot
ERROR
Expecting value: line 1 column 1 (char 0)
<Response [502]>
eagle
ERROR
Expecting value: line 1 column 1 (char 0)
<Response [502]>
duck
ERROR
Expecting value: line 1 column 1 (char 0)
<Response [502]>
swan
ERROR
Expecting value: line 1 column 1 (char 0)
<Response [502]>
blue jay
ERROR
Expecting value: line 1 column 1 (char 0)
<Response [502]>
large bird
ERROR
Expecting value: line 1 column 1 (char 0)
<Response [502]>
small bird
ERROR
Expecting value: line 1 column 1 (char 0)
<Response [502]>
ocean bird
ERROR
Expecting value: line 1 column 1 (char 0)
<Response [502]>
sandpiper
ERROR
Expecting value: line 1 column 1 (char 0)
<Response [502]>
cockatiel
ERROR
Expecting value: line 1 column 1 (char 0)
<Response [502]>
budgie
ERROR
Expecting value: line 1 column 1 (char 0)
<Response [502]>
chirping
ERROR
Expecting value: line 1 column 1 (char 0)
<Response [502]>
other behavior
ERROR
Expecting value: line 1 column 1 (char 0)
<Response [502]>
mating
ERROR
Expecting value: line 1 column 1 (char 0)
<Response [502]>
nesting
ERROR
Expecting value: line 1 column 1 (char 0)
<Response [502]>
gigantic
ERROR
Expecting value: line 1 column 1 (char 0)
<Response [502]>
bird a
ERROR
Expecting value: line 1 column 1 (char 0)
<Response [502]>
bird b
ERROR
Expecting value: line 1 column 1 (char 0)
<Response [502]>
bird c
ERROR
Expecting value: line 1 column 1 (char 0)
<Response [502]>
on a branch
ERROR
Expecting value: line 1 column 1 (char 0)
<Response [502]>
on the trunk
ERROR
Expecting value: line 1 column 1 (char 0)
<Response [502]>
on a leaf
ERROR
Expecting value: line 1 column 1 (char 0)
<Response [502]>
cone
ERROR
Expecting value: line 1 column 1 (char 0)
<Response [502]>
hunting
ERROR
Expecting value: line 1 column 1 (char 0)
<Response [502]>
flocking
ERROR
Expecting value: line 1 column 1 (char 0)
<Response [502]>
snowing
ERROR
Expecting value: line 1 column 1 (char 0)
<Response [502]>
snowboarding jacket
ERROR
Expecting value: line 1 column 1 (char 0)
<Response [502]>
indirect sunlight
ERROR
Expecting value: line 1 column 1 (char 0)
<Response [502]>
direct sunlight
ERROR
Expecting value: line 1 column 1 (char 0)
<Response [502]>
shade
ERROR
Expecting value: line 1 column 1 (char 0)
<Response [502]>
fresh powder
ERROR
Expecting value: line 1 column 1 (char 0)
<Response [502]>
more than three
ERROR
Expecting value: line 1 column 1 (char 0)
<Response [502]>
functional
ERROR
Expecting value: line 1 column 1 (char 0)
<Response [502]>
pretty
ERROR
Expecting value: line 1 column 1 (char 0)
<Response [502]>
rain umbrella
ERROR
Expecting value: line 1 column 1 (char 0)
<Response [502]>
sun umbrella
ERROR
Expecting value: line 1 column 1 (char 0)
<Response [502]>
standing next to bed
ERROR
Expecting value: line 1 column 1 (char 0)
<Response [502]>
hung on window
ERROR
Expecting value: line 1 column 1 (char 0)
<Response [502]>
2-way
ERROR
Expecting value: line 1 column 1 (char 0)
<Response [502]>
4-way
ERROR
Expecting value: line 1 column 1 (char 0)
<Response [502]>
3-way
ERROR
Expecting value: line 1 column 1 (char 0)
<Response [502]>
overpass
ERROR
Expecting value: line 1 column 1 (char 0)
<Response [502]>
railroad crossing
ERROR
Expecting value: line 1 column 1 (char 0)
<Response [502]>
regular intersection
ERROR
Expecting value: line 1 column 1 (char 0)
<Response [502]>
congestion
ERROR
Expecting value: line 1 column 1 (char 0)
<Response [502]>
moderate traffic
ERROR
Expecting value: line 1 column 1 (char 0)
<Response [502]>
very light traffic
ERROR
Expecting value: line 1 column 1 (char 0)
<Response [502]>
one-way sign
ERROR
Expecting value: line 1 column 1 (char 0)
<Response [502]>
low pedestrian traffic
ERROR
Expecting value: line 1 column 1 (char 0)
<Response [502]>
high pedestrian traffic
ERROR
Expecting value: line 1 column 1 (char 0)
<Response [502]>
no pedestrian traffic
ERROR
Expecting value: line 1 column 1 (char 0)
<Response [502]>
football field
ERROR
Expecting value: line 1 column 1 (char 0)
<Response [502]>
perfectly ripe
ERROR
Expecting value: line 1 column 1 (char 0)
<Response [502]>
cracked
ERROR
Expecting value: line 1 column 1 (char 0)
<Response [502]>
dented
ERROR
Expecting value: line 1 column 1 (char 0)
<Response [502]>
perfect
ERROR
Expecting value: line 1 column 1 (char 0)
<Response [502]>
junk food
ERROR
Expecting value: line 1 column 1 (char 0)
<Response [502]>
stacks
ERROR
Expecting value: line 1 column 1 (char 0)
<Response [502]>
bunches
ERROR
Expecting value: line 1 column 1 (char 0)
<Response [502]>
expensive
ERROR
Expecting value: line 1 column 1 (char 0)
<Response [502]>
cheap
ERROR
Expecting value: line 1 column 1 (char 0)
<Response [502]>
very expensive
ERROR
Expecting value: line 1 column 1 (char 0)
<Response [502]>
high-cost
ERROR
Expecting value: line 1 column 1 (char 0)
<Response [502]>
medium-cost
ERROR
Expecting value: line 1 column 1 (char 0)
<Response [502]>
hanging on ropes
ERROR
Expecting value: line 1 column 1 (char 0)
<Response [502]>
lying on a bed of leaves
ERROR
Expecting value: line 1 column 1 (char 0)
<Response [502]>
sitting on a tray
ERROR
Expecting value: line 1 column 1 (char 0)
<Response [502]>
unclean
ERROR
Expecting value: line 1 column 1 (char 0)
<Response [502]>
luxury
ERROR
Expecting value: line 1 column 1 (char 0)
<Response [502]>
private bathroom
ERROR
Expecting value: line 1 column 1 (char 0)
<Response [502]>
public bathroom
ERROR
Expecting value: line 1 column 1 (char 0)
<Response [502]>
all white
ERROR
Expecting value: line 1 column 1 (char 0)
<Response [502]>
mixed colors
ERROR
Expecting value: line 1 column 1 (char 0)
<Response [502]>
small bathroom
ERROR
Expecting value: line 1 column 1 (char 0)
<Response [502]>
large bathroom
ERROR
Expecting value: line 1 column 1 (char 0)
<Response [502]>
master
ERROR
Expecting value: line 1 column 1 (char 0)
<Response [502]>
guest
ERROR
Expecting value: line 1 column 1 (char 0)
<Response [502]>
cream
ERROR
Expecting value: line 1 column 1 (char 0)
<Response [502]>
basic
ERROR
Expecting value: line 1 column 1 (char 0)
<Response [502]>
candlelight
ERROR
Expecting value: line 1 column 1 (char 0)
<Response [502]>
fluorescent
ERROR
Expecting value: line 1 column 1 (char 0)
<Response [502]>
natural lighting
ERROR
Expecting value: line 1 column 1 (char 0)
<Response [502]>
fluorescent lighting
ERROR
Expecting value: line 1 column 1 (char 0)
<Response [502]>
deodorant
ERROR
Expecting value: line 1 column 1 (char 0)
<Response [502]>
rolled towel
ERROR
Expecting value: line 1 column 1 (char 0)
<Response [502]>
accessible
ERROR
Expecting value: line 1 column 1 (char 0)
<Response [502]>
quarterpipe
ERROR
Expecting value: line 1 column 1 (char 0)
<Response [502]>
grass field
ERROR
Expecting value: line 1 column 1 (char 0)
<Response [502]>
lighted
ERROR
Expecting value: line 1 column 1 (char 0)
<Response [502]>
light mist
ERROR
Expecting value: line 1 column 1 (char 0)
<Response [502]>
clear skies
ERROR
Expecting value: line 1 column 1 (char 0)
<Response [502]>
heavy mist
ERROR
Expecting value: line 1 column 1 (char 0)
<Response [502]>
barren land
ERROR
Expecting value: line 1 column 1 (char 0)
<Response [502]>
woodland
ERROR
Expecting value: line 1 column 1 (char 0)
<Response [502]>
handicap accessible
ERROR
Expecting value: line 1 column 1 (char 0)
<Response [502]>
family restroom
ERROR
Expecting value: line 1 column 1 (char 0)
<Response [502]>
radio controlled
ERROR
Expecting value: line 1 column 1 (char 0)
<Response [502]>
remote controlled
ERROR
Expecting value: line 1 column 1 (char 0)
<Response [502]>
miniature
ERROR
Expecting value: line 1 column 1 (char 0)
<Response [502]>
notebook computer
ERROR
Expecting value: line 1 column 1 (char 0)
<Response [502]>
moleskine
ERROR
Expecting value: line 1 column 1 (char 0)
<Response [502]>
spiral notebook
ERROR
Expecting value: line 1 column 1 (char 0)
<Response [502]>
short grass
ERROR
Expecting value: line 1 column 1 (char 0)
<Response [502]>
tall grass
ERROR
Expecting value: line 1 column 1 (char 0)
<Response [502]>
well-kept
ERROR
Expecting value: line 1 column 1 (char 0)
<Response [502]>
overgrown
ERROR
Expecting value: line 1 column 1 (char 0)
<Response [502]>
mid-length grass
ERROR
Expecting value: line 1 column 1 (char 0)
<Response [502]>
dog show
ERROR
Expecting value: line 1 column 1 (char 0)
<Response [502]>
reality tv show
ERROR
Expecting value: line 1 column 1 (char 0)
<Response [502]>
camping tent
ERROR
Expecting value: line 1 column 1 (char 0)
<Response [502]>
backpacking tent
ERROR
Expecting value: line 1 column 1 (char 0)
<Response [502]>
event tent
ERROR
Expecting value: line 1 column 1 (char 0)
<Response [502]>
single-person tent
ERROR
Expecting value: line 1 column 1 (char 0)
<Response [502]>
family tent
ERROR
Expecting value: line 1 column 1 (char 0)
<Response [502]>
hammock
ERROR
Expecting value: line 1 column 1 (char 0)
<Response [502]>
four-person tent
ERROR
Expecting value: line 1 column 1 (char 0)
<Response [502]>
three-person tent
ERROR
Expecting value: line 1 column 1 (char 0)
<Response [502]>
shelter
ERROR
Expecting value: line 1 column 1 (char 0)
<Response [502]>
camping
ERROR
Expecting value: line 1 column 1 (char 0)
<Response [502]>
event
ERROR
Expecting value: line 1 column 1 (char 0)
<Response [502]>
hospital tent
ERROR
Expecting value: line 1 column 1 (char 0)
<Response [502]>
cooling
ERROR
Expecting value: line 1 column 1 (char 0)
<Response [502]>
protecting
ERROR
Expecting value: line 1 column 1 (char 0)
<Response [502]>
river bridge
ERROR
Expecting value: line 1 column 1 (char 0)
<Response [502]>
city bridge
ERROR
Expecting value: line 1 column 1 (char 0)
<Response [502]>
railway bridge
ERROR
Expecting value: line 1 column 1 (char 0)
<Response [502]>
highway bridge
ERROR
Expecting value: line 1 column 1 (char 0)
<Response [502]>
footbridge
ERROR
Expecting value: line 1 column 1 (char 0)
<Response [502]>
road bridge
ERROR
Expecting value: line 1 column 1 (char 0)
<Response [502]>
railroad bridge
ERROR
Expecting value: line 1 column 1 (char 0)
<Response [502]>
stone bridge
ERROR
Expecting value: line 1 column 1 (char 0)
<Response [502]>
collapsed
ERROR
Expecting value: line 1 column 1 (char 0)
<Response [502]>
swamp
ERROR
Expecting value: line 1 column 1 (char 0)
<Response [502]>
marsh
ERROR
Expecting value: line 1 column 1 (char 0)
<Response [502]>
mudflat
ERROR
Expecting value: line 1 column 1 (char 0)
<Response [502]>
dealership
ERROR
Expecting value: line 1 column 1 (char 0)
<Response [502]>
restoration
ERROR
Expecting value: line 1 column 1 (char 0)
<Response [502]>
other shop
ERROR
Expecting value: line 1 column 1 (char 0)
<Response [502]>
zoo shop
ERROR
Expecting value: line 1 column 1 (char 0)
<Response [502]>
food store
ERROR
Expecting value: line 1 column 1 (char 0)
<Response [502]>
umbrella shop
ERROR
Expecting value: line 1 column 1 (char 0)
<Response [502]>
parasol shop
ERROR
Expecting value: line 1 column 1 (char 0)
<Response [502]>
jewelry store
ERROR
Expecting value: line 1 column 1 (char 0)
<Response [502]>
clock store
ERROR
Expecting value: line 1 column 1 (char 0)
<Response [502]>
watch shop
ERROR
Expecting value: line 1 column 1 (char 0)
<Response [502]>
make-shift shop
ERROR
Expecting value: line 1 column 1 (char 0)
<Response [502]>
formal shop
ERROR
Expecting value: line 1 column 1 (char 0)
<Response [502]>
hardware store
ERROR
Expecting value: line 1 column 1 (char 0)
<Response [502]>
store
ERROR
Expecting value: line 1 column 1 (char 0)
<Response [502]>
bakery
ERROR
Expecting value: line 1 column 1 (char 0)
<Response [502]>
patisserie
ERROR
Expecting value: line 1 column 1 (char 0)
<Response [502]>
partially open
ERROR
Expecting value: line 1 column 1 (char 0)
<Response [502]>
bold
ERROR
Expecting value: line 1 column 1 (char 0)
<Response [502]>
private restroom
ERROR
Expecting value: line 1 column 1 (char 0)
<Response [502]>
semi-private
ERROR
Expecting value: line 1 column 1 (char 0)
<Response [502]>
tile
ERROR
Expecting value: line 1 column 1 (char 0)
<Response [502]>
enamel
ERROR
Expecting value: line 1 column 1 (char 0)
<Response [502]>
acrylic
ERROR
Expecting value: line 1 column 1 (char 0)
<Response [502]>
crochet
ERROR
Expecting value: line 1 column 1 (char 0)
<Response [502]>
woven
ERROR
Expecting value: line 1 column 1 (char 0)
<Response [502]>
knitting
ERROR
Expecting value: line 1 column 1 (char 0)
<Response [502]>
drawing
ERROR
Expecting value: line 1 column 1 (char 0)
<Response [502]>
printmaking
ERROR
Expecting value: line 1 column 1 (char 0)
<Response [502]>
long-term parking
ERROR
Expecting value: line 1 column 1 (char 0)
<Response [502]>
short-term parking
ERROR
Expecting value: line 1 column 1 (char 0)
<Response [502]>
long-term
ERROR
Expecting value: line 1 column 1 (char 0)
<Response [502]>
medium-term
ERROR
Expecting value: line 1 column 1 (char 0)
<Response [502]>
short-term
ERROR
Expecting value: line 1 column 1 (char 0)
<Response [502]>
free parking
ERROR
Expecting value: line 1 column 1 (char 0)
<Response [502]>
paid parking
ERROR
Expecting value: line 1 column 1 (char 0)
<Response [502]>
quartz
ERROR
Expecting value: line 1 column 1 (char 0)
<Response [502]>
granite
ERROR
Expecting value: line 1 column 1 (char 0)
<Response [502]>
marble
ERROR
Expecting value: line 1 column 1 (char 0)
<Response [502]>
stand mixer
ERROR
Expecting value: line 1 column 1 (char 0)
<Response [502]>
instant pot
ERROR
Expecting value: line 1 column 1 (char 0)
<Response [502]>
kitchenaid mixer
ERROR
Expecting value: line 1 column 1 (char 0)
<Response [502]>
dryer
ERROR
Expecting value: line 1 column 1 (char 0)
<Response [502]>
washing machine
ERROR
Expecting value: line 1 column 1 (char 0)
<Response [502]>
kitchenaid
ERROR
Expecting value: line 1 column 1 (char 0)
<Response [502]>
whirlpool
ERROR
Expecting value: line 1 column 1 (char 0)
<Response [502]>
both legs bent
ERROR
Expecting value: line 1 column 1 (char 0)
<Response [502]>
both legs straight
ERROR
Expecting value: line 1 column 1 (char 0)
<Response [502]>
one leg straight
ERROR
Expecting value: line 1 column 1 (char 0)
<Response [502]>
fine dining
ERROR
Expecting value: line 1 column 1 (char 0)
<Response [502]>
fast food
ERROR
Expecting value: line 1 column 1 (char 0)
<Response [502]>
upscale
ERROR
Expecting value: line 1 column 1 (char 0)
<Response [502]>
casual dining
ERROR
Expecting value: line 1 column 1 (char 0)
<Response [502]>
spain
ERROR
Expecting value: line 1 column 1 (char 0)
<Response [502]>
family-friendly
ERROR
Expecting value: line 1 column 1 (char 0)
<Response [502]>
lively
ERROR
Expecting value: line 1 column 1 (char 0)
<Response [502]>
mellow
ERROR
Expecting value: line 1 column 1 (char 0)
<Response [502]>
fun
ERROR
Expecting value: line 1 column 1 (char 0)
<Response [502]>
11am to 10pm
ERROR
Expecting value: line 1 column 1 (char 0)
<Response [502]>
monday to sunday
ERROR
Expecting value: line 1 column 1 (char 0)
<Response [502]>
booth
ERROR
Expecting value: line 1 column 1 (char 0)
<Response [502]>
race track
ERROR
Expecting value: line 1 column 1 (char 0)
<Response [502]>
main line
ERROR
Expecting value: line 1 column 1 (char 0)
<Response [502]>
side track
ERROR
Expecting value: line 1 column 1 (char 0)
<Response [502]>
poorly maintained
ERROR
Expecting value: line 1 column 1 (char 0)
<Response [502]>
rounding a curve
ERROR
Expecting value: line 1 column 1 (char 0)
<Response [502]>
going straight
ERROR
Expecting value: line 1 column 1 (char 0)
<Response [502]>
standard gauge
ERROR
Expecting value: line 1 column 1 (char 0)
<Response [502]>
narrow gauge
ERROR
Expecting value: line 1 column 1 (char 0)
<Response [502]>
railway gauge
ERROR
Expecting value: line 1 column 1 (char 0)
<Response [502]>
multiple tracks
ERROR
Expecting value: line 1 column 1 (char 0)
<Response [502]>
loose curve
ERROR
Expecting value: line 1 column 1 (char 0)
<Response [502]>
tight curve
ERROR
Expecting value: line 1 column 1 (char 0)
<Response [502]>
medium curve
ERROR
Expecting value: line 1 column 1 (char 0)
<Response [502]>
slalom
ERROR
Expecting value: line 1 column 1 (char 0)
<Response [502]>
parallel turns
ERROR
Expecting value: line 1 column 1 (char 0)
<Response [502]>
carnival turns
ERROR
Expecting value: line 1 column 1 (char 0)
<Response [502]>
flipping
ERROR
Expecting value: line 1 column 1 (char 0)
<Response [502]>
other skiing techniques
ERROR
Expecting value: line 1 column 1 (char 0)
<Response [502]>
challenger
ERROR
Expecting value: line 1 column 1 (char 0)
<Response [502]>
spins
ERROR
Expecting value: line 1 column 1 (char 0)
<Response [502]>
jumps
ERROR
Expecting value: line 1 column 1 (char 0)
<Response [502]>
sadness
ERROR
Expecting value: line 1 column 1 (char 0)
<Response [502]>
anxiety
ERROR
Expecting value: line 1 column 1 (char 0)
<Response [502]>
happiness
ERROR
Expecting value: line 1 column 1 (char 0)
<Response [502]>
excitement
ERROR
Expecting value: line 1 column 1 (char 0)
<Response [502]>
disinterested
ERROR
Expecting value: line 1 column 1 (char 0)
<Response [502]>
annoyed
ERROR
Expecting value: line 1 column 1 (char 0)
<Response [502]>
surface
ERROR
Expecting value: line 1 column 1 (char 0)
<Response [502]>
large station
ERROR
Expecting value: line 1 column 1 (char 0)
<Response [502]>
major station
ERROR
Expecting value: line 1 column 1 (char 0)
<Response [502]>
minor station
ERROR
Expecting value: line 1 column 1 (char 0)
<Response [502]>
semi-abandoned
ERROR
Expecting value: line 1 column 1 (char 0)
<Response [502]>
advertisements
ERROR
Expecting value: line 1 column 1 (char 0)
<Response [502]>
signage
ERROR
Expecting value: line 1 column 1 (char 0)
<Response [502]>
information board
ERROR
Expecting value: line 1 column 1 (char 0)
<Response [502]>
dim lighting
ERROR
Expecting value: line 1 column 1 (char 0)
<Response [502]>
this station
ERROR
Expecting value: line 1 column 1 (char 0)
<Response [502]>
other station
ERROR
Expecting value: line 1 column 1 (char 0)
<Response [502]>
arrival/departure board
ERROR
Expecting value: line 1 column 1 (char 0)
<Response [502]>
name of station
ERROR
Expecting value: line 1 column 1 (char 0)
<Response [502]>
sign with direction
ERROR
Expecting value: line 1 column 1 (char 0)
<Response [502]>
sign with train number
ERROR
Expecting value: line 1 column 1 (char 0)
<Response [502]>
sign with destination
ERROR
Expecting value: line 1 column 1 (char 0)
<Response [502]>
transfer
ERROR
Expecting value: line 1 column 1 (char 0)
<Response [502]>
departure
ERROR
Expecting value: line 1 column 1 (char 0)
<Response [502]>
arrival
ERROR
Expecting value: line 1 column 1 (char 0)
<Response [502]>
city station
ERROR
Expecting value: line 1 column 1 (char 0)
<Response [502]>
terminal station
ERROR
Expecting value: line 1 column 1 (char 0)
<Response [502]>
name of the station
ERROR
Expecting value: line 1 column 1 (char 0)
<Response [502]>
simple station
ERROR
Expecting value: line 1 column 1 (char 0)
<Response [502]>
complex station
ERROR
Expecting value: line 1 column 1 (char 0)
<Response [502]>
winding path
ERROR
Expecting value: line 1 column 1 (char 0)
<Response [502]>
downhill path
ERROR
Expecting value: line 1 column 1 (char 0)
<Response [502]>
uphill path
ERROR
Expecting value: line 1 column 1 (char 0)
<Response [502]>
straight path
ERROR
Expecting value: line 1 column 1 (char 0)
<Response [502]>
dirt path
ERROR
Expecting value: line 1 column 1 (char 0)
<Response [502]>
rocky terrain
ERROR
Expecting value: line 1 column 1 (char 0)
<Response [502]>
slippery
ERROR
Expecting value: line 1 column 1 (char 0)
<Response [502]>
rock
ERROR
Expecting value: line 1 column 1 (char 0)
<Response [502]>
gravel
ERROR
Expecting value: line 1 column 1 (char 0)
<Response [502]>
stone path
ERROR
Expecting value: line 1 column 1 (char 0)
<Response [502]>
paved path
ERROR
Expecting value: line 1 column 1 (char 0)
<Response [502]>
sunday
ERROR
Expecting value: line 1 column 1 (char 0)
<Response [502]>
friday
ERROR
Expecting value: line 1 column 1 (char 0)
<Response [502]>
thursday
ERROR
Expecting value: line 1 column 1 (char 0)
<Response [502]>
tuesday
ERROR
Expecting value: line 1 column 1 (char 0)
<Response [502]>
wednesday
ERROR
Expecting value: line 1 column 1 (char 0)
<Response [502]>
monday
ERROR
Expecting value: line 1 column 1 (char 0)
<Response [502]>
saturday
ERROR
Expecting value: line 1 column 1 (char 0)
<Response [502]>
standstill
ERROR
Expecting value: line 1 column 1 (char 0)
<Response [502]>
two-way traffic
ERROR
Expecting value: line 1 column 1 (char 0)
<Response [502]>
one-way traffic
ERROR
Expecting value: line 1 column 1 (char 0)
<Response [502]>
stop-and-go
ERROR
Expecting value: line 1 column 1 (char 0)
<Response [502]>
flowing
ERROR
Expecting value: line 1 column 1 (char 0)
<Response [502]>
passing
ERROR
Expecting value: line 1 column 1 (char 0)
<Response [502]>
flowing smoothly
ERROR
Expecting value: line 1 column 1 (char 0)
<Response [502]>
little traffic
ERROR
Expecting value: line 1 column 1 (char 0)
<Response [502]>
normal traffic
ERROR
Expecting value: line 1 column 1 (char 0)
<Response [502]>
road work
ERROR
Expecting value: line 1 column 1 (char 0)
<Response [502]>
modern sign
ERROR
Expecting value: line 1 column 1 (char 0)
<Response [502]>
old-fashioned sign
ERROR
Expecting value: line 1 column 1 (char 0)
<Response [502]>
tour bus sign
ERROR
Expecting value: line 1 column 1 (char 0)
<Response [502]>
train station sign
ERROR
Expecting value: line 1 column 1 (char 0)
<Response [502]>
other sign
ERROR
Expecting value: line 1 column 1 (char 0)
<Response [502]>
parking lot sign
ERROR
Expecting value: line 1 column 1 (char 0)
<Response [502]>
bus stop sign
ERROR
Expecting value: line 1 column 1 (char 0)
<Response [502]>
no parking sign
ERROR
Expecting value: line 1 column 1 (char 0)
<Response [502]>
open sign
ERROR
Expecting value: line 1 column 1 (char 0)
<Response [502]>
dollar store sign
ERROR
Expecting value: line 1 column 1 (char 0)
<Response [502]>
closed sign
ERROR
Expecting value: line 1 column 1 (char 0)
<Response [502]>
traffic sign
ERROR
Expecting value: line 1 column 1 (char 0)
<Response [502]>
regular street sign
ERROR
Expecting value: line 1 column 1 (char 0)
<Response [502]>
digital
ERROR
Expecting value: line 1 column 1 (char 0)
<Response [502]>
printed
ERROR
Expecting value: line 1 column 1 (char 0)
<Response [502]>
handwritten
ERROR
Expecting value: line 1 column 1 (char 0)
<Response [502]>
directional sign
ERROR
Expecting value: line 1 column 1 (char 0)
<Response [502]>
informational sign
ERROR
Expecting value: line 1 column 1 (char 0)
<Response [502]>
commercial sign
ERROR
Expecting value: line 1 column 1 (char 0)
<Response [502]>
warning sign
ERROR
Expecting value: line 1 column 1 (char 0)
<Response [502]>
caution sign
ERROR
Expecting value: line 1 column 1 (char 0)
<Response [502]>
warnings sign
ERROR
Expecting value: line 1 column 1 (char 0)
<Response [502]>
welcome
ERROR
Expecting value: line 1 column 1 (char 0)
<Response [502]>
danger
ERROR
Expecting value: line 1 column 1 (char 0)
<Response [502]>
right of way sign
ERROR
Expecting value: line 1 column 1 (char 0)
<Response [502]>
stop
ERROR
Expecting value: line 1 column 1 (char 0)
<Response [502]>
go
ERROR
Expecting value: line 1 column 1 (char 0)
<Response [502]>
don't walk
ERROR
Expecting value: line 1 column 1 (char 0)
<Response [502]>
walk
ERROR
Expecting value: line 1 column 1 (char 0)
<Response [502]>
hotel sign
ERROR
Expecting value: line 1 column 1 (char 0)
<Response [502]>
exit sign
ERROR
Expecting value: line 1 column 1 (char 0)
<Response [502]>
slow sign
ERROR
Expecting value: line 1 column 1 (char 0)
<Response [502]>
sale
ERROR
Expecting value: line 1 column 1 (char 0)
<Response [502]>
direction
ERROR
Expecting value: line 1 column 1 (char 0)
<Response [502]>
directions
ERROR
Expecting value: line 1 column 1 (char 0)
<Response [502]>
message
ERROR
Expecting value: line 1 column 1 (char 0)
<Response [502]>
business name
ERROR
Expecting value: line 1 column 1 (char 0)
<Response [502]>
audio sign
ERROR
Expecting value: line 1 column 1 (char 0)
<Response [502]>
braille sign
ERROR
Expecting value: line 1 column 1 (char 0)
<Response [502]>
visual sign
ERROR
Expecting value: line 1 column 1 (char 0)
<Response [502]>
other language
ERROR
Expecting value: line 1 column 1 (char 0)
<Response [502]>
spanish
ERROR
Expecting value: line 1 column 1 (char 0)
<Response [502]>
english
ERROR
Expecting value: line 1 column 1 (char 0)
<Response [502]>
braille
ERROR
Expecting value: line 1 column 1 (char 0)
<Response [502]>
sign language
ERROR
Expecting value: line 1 column 1 (char 0)
<Response [502]>
park sign
ERROR
Expecting value: line 1 column 1 (char 0)
<Response [502]>
road sign
ERROR
Expecting value: line 1 column 1 (char 0)
<Response [502]>
building sign
ERROR
Expecting value: line 1 column 1 (char 0)
<Response [502]>
road
ERROR
Expecting value: line 1 column 1 (char 0)
<Response [502]>
on building
ERROR
Expecting value: line 1 column 1 (char 0)
<Response [502]>
faded
ERROR
Expecting value: line 1 column 1 (char 0)
<Response [502]>
instructional
ERROR
Expecting value: line 1 column 1 (char 0)
<Response [502]>
informative
ERROR
Expecting value: line 1 column 1 (char 0)
<Response [502]>
no left turn
ERROR
Expecting value: line 1 column 1 (char 0)
<Response [502]>
speed limit
ERROR
Expecting value: line 1 column 1 (char 0)
<Response [502]>
pedestrian crossing
ERROR
Expecting value: line 1 column 1 (char 0)
<Response [502]>
sloped
ERROR
Expecting value: line 1 column 1 (char 0)
<Response [502]>
caution
ERROR
Expecting value: line 1 column 1 (char 0)
<Response [502]>
promotional sign
ERROR
Expecting value: line 1 column 1 (char 0)
<Response [502]>
awareness
ERROR
Expecting value: line 1 column 1 (char 0)
<Response [502]>
fundraising
ERROR
Expecting value: line 1 column 1 (char 0)
<Response [502]>
parking information
ERROR
Expecting value: line 1 column 1 (char 0)
<Response [502]>
name of street
ERROR
Expecting value: line 1 column 1 (char 0)
<Response [502]>
promotion
ERROR
Expecting value: line 1 column 1 (char 0)
<Response [502]>
business sign
ERROR
Expecting value: line 1 column 1 (char 0)
<Response [502]>
wayfinding
ERROR
Expecting value: line 1 column 1 (char 0)
<Response [502]>
advertisement sign
ERROR
Expecting value: line 1 column 1 (char 0)
<Response [502]>
bicycles prohibited
ERROR
Expecting value: line 1 column 1 (char 0)
<Response [502]>
other prohibition
ERROR
Expecting value: line 1 column 1 (char 0)
<Response [502]>
motorcycle-themed
ERROR
Expecting value: line 1 column 1 (char 0)
<Response [502]>
biker-themed
ERROR
Expecting value: line 1 column 1 (char 0)
<Response [502]>
maple street
ERROR
Expecting value: line 1 column 1 (char 0)
<Response [502]>
oak street
ERROR
Expecting value: line 1 column 1 (char 0)
<Response [502]>
block letters
ERROR
Expecting value: line 1 column 1 (char 0)
<Response [502]>
script
ERROR
Expecting value: line 1 column 1 (char 0)
<Response [502]>
serif
ERROR
Expecting value: line 1 column 1 (char 0)
<Response [502]>
neon
ERROR
Expecting value: line 1 column 1 (char 0)
<Response [502]>
parking violation
ERROR
Expecting value: line 1 column 1 (char 0)
<Response [502]>
maps
ERROR
Expecting value: line 1 column 1 (char 0)
<Response [502]>
attractions
ERROR
Expecting value: line 1 column 1 (char 0)
<Response [502]>
government building sign
ERROR
Expecting value: line 1 column 1 (char 0)
<Response [502]>
fire station sign
ERROR
Expecting value: line 1 column 1 (char 0)
<Response [502]>
police station sign
ERROR
Expecting value: line 1 column 1 (char 0)
<Response [502]>
bear
ERROR
Expecting value: line 1 column 1 (char 0)
<Response [502]>
monkey
ERROR
Expecting value: line 1 column 1 (char 0)
<Response [502]>
diverse
ERROR
Expecting value: line 1 column 1 (char 0)
<Response [502]>
monotonous
ERROR
Expecting value: line 1 column 1 (char 0)
<Response [502]>
twilight
ERROR
Expecting value: line 1 column 1 (char 0)
<Response [502]>
empty street
ERROR
Expecting value: line 1 column 1 (char 0)
<Response [502]>
crowded intersection
ERROR
Expecting value: line 1 column 1 (char 0)
<Response [502]>
bustling market street
ERROR
Expecting value: line 1 column 1 (char 0)
<Response [502]>
busy city street
ERROR
Expecting value: line 1 column 1 (char 0)
<Response [502]>
quiet suburban street
ERROR
Expecting value: line 1 column 1 (char 0)
<Response [502]>
two-way
ERROR
Expecting value: line 1 column 1 (char 0)
<Response [502]>
one-way
ERROR
Expecting value: line 1 column 1 (char 0)
<Response [502]>
major road
ERROR
Expecting value: line 1 column 1 (char 0)
<Response [502]>
minor road
ERROR
Expecting value: line 1 column 1 (char 0)
<Response [502]>
avenue
ERROR
Expecting value: line 1 column 1 (char 0)
<Response [502]>
brick street
ERROR
Expecting value: line 1 column 1 (char 0)
<Response [502]>
concrete street
ERROR
Expecting value: line 1 column 1 (char 0)
<Response [502]>
unpaved road
ERROR
Expecting value: line 1 column 1 (char 0)
<Response [502]>
one-way street
ERROR
Expecting value: line 1 column 1 (char 0)
<Response [502]>
two-way street
ERROR
Expecting value: line 1 column 1 (char 0)
<Response [502]>
winding
ERROR
Expecting value: line 1 column 1 (char 0)
<Response [502]>
business area
ERROR
Expecting value: line 1 column 1 (char 0)
<Response [502]>
wide street
ERROR
Expecting value: line 1 column 1 (char 0)
<Response [502]>
alleyway
ERROR
Expecting value: line 1 column 1 (char 0)
<Response [502]>
narrow street
ERROR
Expecting value: line 1 column 1 (char 0)
<Response [502]>
capital city
ERROR
Expecting value: line 1 column 1 (char 0)
<Response [502]>
medium city
ERROR
Expecting value: line 1 column 1 (char 0)
<Response [502]>
bridges
ERROR
Expecting value: line 1 column 1 (char 0)
<Response [502]>
puerto rico
ERROR
Expecting value: line 1 column 1 (char 0)
<Response [502]>
urban area
ERROR
Expecting value: line 1 column 1 (char 0)
<Response [502]>
riverside
ERROR
Expecting value: line 1 column 1 (char 0)
<Response [502]>
parks
ERROR
Expecting value: line 1 column 1 (char 0)
<Response [502]>
rivers
ERROR
Expecting value: line 1 column 1 (char 0)
<Response [502]>
historic buildings
ERROR
Expecting value: line 1 column 1 (char 0)
<Response [502]>
tea
ERROR
Expecting value: line 1 column 1 (char 0)
<Response [502]>
beer
ERROR
Expecting value: line 1 column 1 (char 0)
<Response [502]>
wine
ERROR
Expecting value: line 1 column 1 (char 0)
<Response [502]>
liquor
ERROR
Expecting value: line 1 column 1 (char 0)
<Response [502]>
formula
ERROR
Expecting value: line 1 column 1 (char 0)
<Response [502]>
lowball
ERROR
Expecting value: line 1 column 1 (char 0)
<Response [502]>
highball
ERROR
Expecting value: line 1 column 1 (char 0)
<Response [502]>
shot
ERROR
Expecting value: line 1 column 1 (char 0)
<Response [502]>
mixed drink
ERROR
Expecting value: line 1 column 1 (char 0)
<Response [502]>
can
ERROR
Expecting value: line 1 column 1 (char 0)
<Response [502]>
chocolate milk
ERROR
Expecting value: line 1 column 1 (char 0)
<Response [502]>
non-alcoholic
ERROR
Expecting value: line 1 column 1 (char 0)
<Response [502]>
low-alcohol
ERROR
Expecting value: line 1 column 1 (char 0)
<Response [502]>
high-alcohol
ERROR
Expecting value: line 1 column 1 (char 0)
<Response [502]>
moderate-alcohol
ERROR
Expecting value: line 1 column 1 (char 0)
<Response [502]>
ankle-length
ERROR
Expecting value: line 1 column 1 (char 0)
<Response [502]>
over-the-knee
ERROR
Expecting value: line 1 column 1 (char 0)
<Response [502]>
knee-length
ERROR
Expecting value: line 1 column 1 (char 0)
<Response [502]>
polka dot
ERROR
Expecting value: line 1 column 1 (char 0)
<Response [502]>
solid
ERROR
Expecting value: line 1 column 1 (char 0)
<Response [502]>
knee-high socks
ERROR
Expecting value: line 1 column 1 (char 0)
<Response [502]>
crew socks
ERROR
Expecting value: line 1 column 1 (char 0)
<Response [502]>
ankle socks
ERROR
Expecting value: line 1 column 1 (char 0)
<Response [502]>
utility pole
ERROR
Expecting value: line 1 column 1 (char 0)
<Response [502]>
telephone pole
ERROR
Expecting value: line 1 column 1 (char 0)
<Response [502]>
traffic light pole
ERROR
Expecting value: line 1 column 1 (char 0)
<Response [502]>
streetlight pole
ERROR
Expecting value: line 1 column 1 (char 0)
<Response [502]>
traffic pole
ERROR
Expecting value: line 1 column 1 (char 0)
<Response [502]>
freestyle pole
ERROR
Expecting value: line 1 column 1 (char 0)
<Response [502]>
technical pole
ERROR
Expecting value: line 1 column 1 (char 0)
<Response [502]>
regular pole
ERROR
Expecting value: line 1 column 1 (char 0)
<Response [502]>
wooden pole
ERROR
Expecting value: line 1 column 1 (char 0)
<Response [502]>
metal pole
ERROR
Expecting value: line 1 column 1 (char 0)
<Response [502]>
other pole
ERROR
Expecting value: line 1 column 1 (char 0)
<Response [502]>
street light pole
ERROR
Expecting value: line 1 column 1 (char 0)
<Response [502]>
short pole
ERROR
Expecting value: line 1 column 1 (char 0)
<Response [502]>
tall pole
ERROR
Expecting value: line 1 column 1 (char 0)
<Response [502]>
solar panel
ERROR
Expecting value: line 1 column 1 (char 0)
<Response [502]>
light pole
ERROR
Expecting value: line 1 column 1 (char 0)
<Response [502]>
black and white stripes
ERROR
Expecting value: line 1 column 1 (char 0)
<Response [502]>
other public spaces
ERROR
Expecting value: line 1 column 1 (char 0)
<Response [502]>
public space
ERROR
Expecting value: line 1 column 1 (char 0)
<Response [502]>
historical
ERROR
Expecting value: line 1 column 1 (char 0)
<Response [502]>
bronze
ERROR
Expecting value: line 1 column 1 (char 0)
<Response [502]>
detailed
ERROR
Expecting value: line 1 column 1 (char 0)
<Response [502]>
mythical creature
ERROR
Expecting value: line 1 column 1 (char 0)
<Response [502]>
religious statue
ERROR
Expecting value: line 1 column 1 (char 0)
<Response [502]>
historical statue
ERROR
Expecting value: line 1 column 1 (char 0)
<Response [502]>
on the back
ERROR
Expecting value: line 1 column 1 (char 0)
<Response [502]>
on the front
ERROR
Expecting value: line 1 column 1 (char 0)
<Response [502]>
on a stand
ERROR
Expecting value: line 1 column 1 (char 0)
<Response [502]>
woods
ERROR
Expecting value: line 1 column 1 (char 0)
<Response [502]>
symbol
ERROR
Expecting value: line 1 column 1 (char 0)
<Response [502]>
telephoto
ERROR
Expecting value: line 1 column 1 (char 0)
<Response [502]>
other street sign
ERROR
Expecting value: line 1 column 1 (char 0)
<Response [502]>
one way
ERROR
Expecting value: line 1 column 1 (char 0)
<Response [502]>
turn
ERROR
Expecting value: line 1 column 1 (char 0)
<Response [502]>
no turn
ERROR
Expecting value: line 1 column 1 (char 0)
<Response [502]>
25 north
ERROR
Expecting value: line 1 column 1 (char 0)
<Response [502]>
theater
ERROR
Expecting value: line 1 column 1 (char 0)
<Response [502]>
smoking
ERROR
Expecting value: line 1 column 1 (char 0)
<Response [502]>
grinding
ERROR
Expecting value: line 1 column 1 (char 0)
<Response [502]>
balancing
ERROR
Expecting value: line 1 column 1 (char 0)
<Response [502]>
carrying
ERROR
Expecting value: line 1 column 1 (char 0)
<Response [502]>
brake
ERROR
Expecting value: line 1 column 1 (char 0)
<Response [502]>
replacing
ERROR
Expecting value: line 1 column 1 (char 0)
<Response [502]>
tightening
ERROR
Expecting value: line 1 column 1 (char 0)
<Response [502]>
360 flip
ERROR
Expecting value: line 1 column 1 (char 0)
<Response [502]>
lob
ERROR
Expecting value: line 1 column 1 (char 0)
<Response [502]>
lifting
ERROR
Expecting value: line 1 column 1 (char 0)
<Response [502]>
dicing
ERROR
Expecting value: line 1 column 1 (char 0)
<Response [502]>
slicing
ERROR
Expecting value: line 1 column 1 (char 0)
<Response [502]>
right-handed serve
ERROR
Expecting value: line 1 column 1 (char 0)
<Response [502]>
other serve
ERROR
Expecting value: line 1 column 1 (char 0)
<Response [502]>
left-handed serve
ERROR
Expecting value: line 1 column 1 (char 0)
<Response [502]>
toss
ERROR
Expecting value: line 1 column 1 (char 0)
<Response [502]>
boardings
ERROR
Expecting value: line 1 column 1 (char 0)
<Response [502]>
getting ready for takeoff
ERROR
Expecting value: line 1 column 1 (char 0)
<Response [502]>
feeding
ERROR
Expecting value: line 1 column 1 (char 0)
<Response [502]>
milking
ERROR
Expecting value: line 1 column 1 (char 0)
<Response [502]>
double-panel
ERROR
Expecting value: line 1 column 1 (char 0)
<Response [502]>
casement
ERROR
Expecting value: line 1 column 1 (char 0)
<Response [502]>
single-panel
ERROR
Expecting value: line 1 column 1 (char 0)
<Response [502]>
half-open
ERROR
Expecting value: line 1 column 1 (char 0)
<Response [502]>
store window
ERROR
Expecting value: line 1 column 1 (char 0)
<Response [502]>
office window
ERROR
Expecting value: line 1 column 1 (char 0)
<Response [502]>
house window
ERROR
Expecting value: line 1 column 1 (char 0)
<Response [502]>
sliding window
ERROR
Expecting value: line 1 column 1 (char 0)
<Response [502]>
hinged window
ERROR
Expecting value: line 1 column 1 (char 0)
<Response [502]>
casement window
ERROR
Expecting value: line 1 column 1 (char 0)
<Response [502]>
hopper window
ERROR
Expecting value: line 1 column 1 (char 0)
<Response [502]>
glass window
ERROR
Expecting value: line 1 column 1 (char 0)
<Response [502]>
wooden window
ERROR
Expecting value: line 1 column 1 (char 0)
<Response [502]>
metal window
ERROR
Expecting value: line 1 column 1 (char 0)
<Response [502]>
single pane
ERROR
Expecting value: line 1 column 1 (char 0)
<Response [502]>
double pane
ERROR
Expecting value: line 1 column 1 (char 0)
<Response [502]>
single-hung
ERROR
Expecting value: line 1 column 1 (char 0)
<Response [502]>
double-hung
ERROR
Expecting value: line 1 column 1 (char 0)
<Response [502]>
double-pane
ERROR
Expecting value: line 1 column 1 (char 0)
<Response [502]>
triple-pane
ERROR
Expecting value: line 1 column 1 (char 0)
<Response [502]>
single-pane
ERROR
Expecting value: line 1 column 1 (char 0)
<Response [502]>
window
ERROR
Expecting value: line 1 column 1 (char 0)
<Response [502]>
balcony
ERROR
Expecting value: line 1 column 1 (char 0)
<Response [502]>
ground-level
ERROR
Expecting value: line 1 column 1 (char 0)
<Response [502]>
side window
ERROR
Expecting value: line 1 column 1 (char 0)
<Response [502]>
metal frame
ERROR
Expecting value: line 1 column 1 (char 0)
<Response [502]>
wooden frame
ERROR
Expecting value: line 1 column 1 (char 0)
<Response [502]>
plastic frame
ERROR
Expecting value: line 1 column 1 (char 0)
<Response [502]>
shades
ERROR
Expecting value: line 1 column 1 (char 0)
<Response [502]>
curtains
ERROR
Expecting value: line 1 column 1 (char 0)
<Response [502]>
blinds
ERROR
Expecting value: line 1 column 1 (char 0)
<Response [502]>
front windshield
ERROR
Expecting value: line 1 column 1 (char 0)
<Response [502]>
other view
ERROR
Expecting value: line 1 column 1 (char 0)
<Response [502]>
at a sharp angle
ERROR
Expecting value: line 1 column 1 (char 0)
<Response [502]>
reflected upside down
ERROR
Expecting value: line 1 column 1 (char 0)
<Response [502]>
mirror-like
ERROR
Expecting value: line 1 column 1 (char 0)
<Response [502]>
distorted
ERROR
Expecting value: line 1 column 1 (char 0)
<Response [502]>
other reflection
ERROR
Expecting value: line 1 column 1 (char 0)
<Response [502]>
between 10-50
ERROR
Expecting value: line 1 column 1 (char 0)
<Response [502]>
between 50-100
ERROR
Expecting value: line 1 column 1 (char 0)
<Response [502]>
group of 5-10
ERROR
Expecting value: line 1 column 1 (char 0)
<Response [502]>
group of 3-4
ERROR
Expecting value: line 1 column 1 (char 0)
<Response [502]>
waiting to board
ERROR
Expecting value: line 1 column 1 (char 0)
<Response [502]>
deplaning
ERROR
Expecting value: line 1 column 1 (char 0)
<Response [502]>
exiting
ERROR
Expecting value: line 1 column 1 (char 0)
<Response [502]>
storm
ERROR
Expecting value: line 1 column 1 (char 0)
<Response [502]>
mild rain
ERROR
Expecting value: line 1 column 1 (char 0)
<Response [502]>
deep
ERROR
Expecting value: line 1 column 1 (char 0)
<Response [502]>
mid-depth
ERROR
Expecting value: line 1 column 1 (char 0)
<Response [502]>
waves
ERROR
Expecting value: line 1 column 1 (char 0)
<Response [502]>
chop
ERROR
Expecting value: line 1 column 1 (char 0)
<Response [502]>
murky
ERROR
Expecting value: line 1 column 1 (char 0)
<Response [502]>
turbulent
ERROR
Expecting value: line 1 column 1 (char 0)
<Response [502]>
bucket
ERROR
Expecting value: line 1 column 1 (char 0)
<Response [502]>
hose
ERROR
Expecting value: line 1 column 1 (char 0)
<Response [502]>
other water
ERROR
Expecting value: line 1 column 1 (char 0)
<Response [502]>
para-sail
ERROR
Expecting value: line 1 column 1 (char 0)
<Response [502]>
dramatic
ERROR
Expecting value: line 1 column 1 (char 0)
<Response [502]>
photograph
ERROR
Expecting value: line 1 column 1 (char 0)
<Response [502]>
souvenir
ERROR
Expecting value: line 1 column 1 (char 0)
<Response [502]>
portraits
ERROR
Expecting value: line 1 column 1 (char 0)
<Response [502]>
cityscapes
ERROR
Expecting value: line 1 column 1 (char 0)
<Response [502]>
landscapes
ERROR
Expecting value: line 1 column 1 (char 0)
<Response [502]>
well-manicured lawn
ERROR
Expecting value: line 1 column 1 (char 0)
<Response [502]>
overgrown lawn
ERROR
Expecting value: line 1 column 1 (char 0)
<Response [502]>
no lawn
ERROR
Expecting value: line 1 column 1 (char 0)
<Response [502]>
single family home
ERROR
Expecting value: line 1 column 1 (char 0)
<Response [502]>
apartment
ERROR
Expecting value: line 1 column 1 (char 0)
<Response [502]>
single-story house
ERROR
Expecting value: line 1 column 1 (char 0)
<Response [502]>
two-story house
ERROR
Expecting value: line 1 column 1 (char 0)
<Response [502]>
multi-story house
ERROR
Expecting value: line 1 column 1 (char 0)
<Response [502]>
detached house
ERROR
Expecting value: line 1 column 1 (char 0)
<Response [502]>
midway
ERROR
Expecting value: line 1 column 1 (char 0)
<Response [502]>
side of house
ERROR
Expecting value: line 1 column 1 (char 0)
<Response [502]>
broadway
ERROR
Expecting value: line 1 column 1 (char 0)
<Response [502]>
bike sign
ERROR
Expecting value: line 1 column 1 (char 0)
<Response [502]>
regulatory sign
ERROR
Expecting value: line 1 column 1 (char 0)
<Response [502]>
non-fiction
ERROR
Expecting value: line 1 column 1 (char 0)
<Response [502]>
fiction
ERROR
Expecting value: line 1 column 1 (char 0)
<Response [502]>
historical fiction
ERROR
Expecting value: line 1 column 1 (char 0)
<Response [502]>
the fault in our stars
ERROR
Expecting value: line 1 column 1 (char 0)
<Response [502]>
to kill a mockingbird
ERROR
Expecting value: line 1 column 1 (char 0)
<Response [502]>
the hunger games
ERROR
Expecting value: line 1 column 1 (char 0)
<Response [502]>
harry potter and the philosopher's stone
ERROR
Expecting value: line 1 column 1 (char 0)
<Response [502]>
a song of ice and fire
ERROR
Expecting value: line 1 column 1 (char 0)
<Response [502]>
beloved
ERROR
Expecting value: line 1 column 1 (char 0)
<Response [502]>
the shining
ERROR
Expecting value: line 1 column 1 (char 0)
<Response [502]>
harry potter
ERROR
Expecting value: line 1 column 1 (char 0)
<Response [502]>
abc book
ERROR
Expecting value: line 1 column 1 (char 0)
<Response [502]>
123 book
ERROR
Expecting value: line 1 column 1 (char 0)
<Response [502]>
picture book
ERROR
Expecting value: line 1 column 1 (char 0)
<Response [502]>
cookbook
ERROR
Expecting value: line 1 column 1 (char 0)
<Response [502]>
textbook
ERROR
Expecting value: line 1 column 1 (char 0)
<Response [502]>
hardcover
ERROR
Expecting value: line 1 column 1 (char 0)
<Response [502]>
ebook
ERROR
Expecting value: line 1 column 1 (char 0)
<Response [502]>
paperback
ERROR
Expecting value: line 1 column 1 (char 0)
<Response [502]>
e-book
ERROR
Expecting value: line 1 column 1 (char 0)
<Response [502]>
cover with a wizard on it
ERROR
Expecting value: line 1 column 1 (char 0)
<Response [502]>
cover with a dragon on it
ERROR
Expecting value: line 1 column 1 (char 0)
<Response [502]>
cover with a haunted house on it
ERROR
Expecting value: line 1 column 1 (char 0)
<Response [502]>
george r.r. martin
ERROR
Expecting value: line 1 column 1 (char 0)
<Response [502]>
stephen king
ERROR
Expecting value: line 1 column 1 (char 0)
<Response [502]>
j.k. rowling
ERROR
Expecting value: line 1 column 1 (char 0)
<Response [502]>
magazine
ERROR
Expecting value: line 1 column 1 (char 0)
<Response [502]>
adult book
ERROR
Expecting value: line 1 column 1 (char 0)
<Response [502]>
children's book
ERROR
Expecting value: line 1 column 1 (char 0)
<Response [502]>
recently published
ERROR
Expecting value: line 1 column 1 (char 0)
<Response [502]>
history
ERROR
Expecting value: line 1 column 1 (char 0)
<Response [502]>
science
ERROR
Expecting value: line 1 column 1 (char 0)
<Response [502]>
first page
ERROR
Expecting value: line 1 column 1 (char 0)
<Response [502]>
last page
ERROR
Expecting value: line 1 column 1 (char 0)
<Response [502]>
light steam
ERROR
Expecting value: line 1 column 1 (char 0)
<Response [502]>
heavy steam
ERROR
Expecting value: line 1 column 1 (char 0)
<Response [502]>
thick steam
ERROR
Expecting value: line 1 column 1 (char 0)
<Response [502]>
thin steam
ERROR
Expecting value: line 1 column 1 (char 0)
<Response [502]>
steam
ERROR
Expecting value: line 1 column 1 (char 0)
<Response [502]>
steam cloud
ERROR
Expecting value: line 1 column 1 (char 0)
<Response [502]>
steam letting off
ERROR
Expecting value: line 1 column 1 (char 0)
<Response [502]>
other tractor
ERROR
Expecting value: line 1 column 1 (char 0)
<Response [502]>
old tractor
ERROR
Expecting value: line 1 column 1 (char 0)
<Response [502]>
new tractor
ERROR
Expecting value: line 1 column 1 (char 0)
<Response [502]>
old-fashioned
ERROR
Expecting value: line 1 column 1 (char 0)
<Response [502]>
modern tractor
ERROR
Expecting value: line 1 column 1 (char 0)
<Response [502]>
other brands
ERROR
Expecting value: line 1 column 1 (char 0)
<Response [502]>
john deere
ERROR
Expecting value: line 1 column 1 (char 0)
<Response [502]>
highway tunnel
ERROR
Expecting value: line 1 column 1 (char 0)
<Response [502]>
subway tunnel
ERROR
Expecting value: line 1 column 1 (char 0)
<Response [502]>
railway tunnel
ERROR
Expecting value: line 1 column 1 (char 0)
<Response [502]>
mountain tunnel
ERROR
Expecting value: line 1 column 1 (char 0)
<Response [502]>
graffiti-covered
ERROR
Expecting value: line 1 column 1 (char 0)
<Response [502]>
beneath water
ERROR
Expecting value: line 1 column 1 (char 0)
<Response [502]>
above ground
ERROR
Expecting value: line 1 column 1 (char 0)
<Response [502]>
river tunnel
ERROR
Expecting value: line 1 column 1 (char 0)
<Response [502]>
coastal tunnel
ERROR
Expecting value: line 1 column 1 (char 0)
<Response [502]>
city tunnel
ERROR
Expecting value: line 1 column 1 (char 0)
<Response [502]>
railroad tunnel
ERROR
Expecting value: line 1 column 1 (char 0)
<Response [502]>
above-ground tunnel
ERROR
Expecting value: line 1 column 1 (char 0)
<Response [502]>
underground tunnel
ERROR
Expecting value: line 1 column 1 (char 0)
<Response [502]>
rocky coast
ERROR
Expecting value: line 1 column 1 (char 0)
<Response [502]>
under-construction
ERROR
Expecting value: line 1 column 1 (char 0)
<Response [502]>
single cart
ERROR
Expecting value: line 1 column 1 (char 0)
<Response [502]>
multiple carts
ERROR
Expecting value: line 1 column 1 (char 0)
<Response [502]>
personal items
ERROR
Expecting value: line 1 column 1 (char 0)
<Response [502]>
other fruits
ERROR
Expecting value: line 1 column 1 (char 0)
<Response [502]>
apples
ERROR
Expecting value: line 1 column 1 (char 0)
<Response [502]>
bananas
ERROR
Expecting value: line 1 column 1 (char 0)
<Response [502]>
metal cart
ERROR
Expecting value: line 1 column 1 (char 0)
<Response [502]>
wooden cart
ERROR
Expecting value: line 1 column 1 (char 0)
<Response [502]>
plastic cart
ERROR
Expecting value: line 1 column 1 (char 0)
<Response [502]>
shopping cart
ERROR
Expecting value: line 1 column 1 (char 0)
<Response [502]>
wheel-based cart
ERROR
Expecting value: line 1 column 1 (char 0)
<Response [502]>
non-wheel-based cart
ERROR
Expecting value: line 1 column 1 (char 0)
<Response [502]>
pulling cart
ERROR
Expecting value: line 1 column 1 (char 0)
<Response [502]>
delivery cart
ERROR
Expecting value: line 1 column 1 (char 0)
<Response [502]>
round wheels
ERROR
Expecting value: line 1 column 1 (char 0)
<Response [502]>
rectangular wheels
ERROR
Expecting value: line 1 column 1 (char 0)
<Response [502]>
mini cart
ERROR
Expecting value: line 1 column 1 (char 0)
<Response [502]>
full-size cart
ERROR
Expecting value: line 1 column 1 (char 0)
<Response [502]>
underground power line
ERROR
Expecting value: line 1 column 1 (char 0)
<Response [502]>
overhead power line
ERROR
Expecting value: line 1 column 1 (char 0)
<Response [502]>
tower power line
ERROR
Expecting value: line 1 column 1 (char 0)
<Response [502]>
adults
ERROR
Expecting value: line 1 column 1 (char 0)
<Response [502]>
older adults
ERROR
Expecting value: line 1 column 1 (char 0)
<Response [502]>
young adults
ERROR
Expecting value: line 1 column 1 (char 0)
<Response [502]>
several
ERROR
Expecting value: line 1 column 1 (char 0)
<Response [502]>
male-majority
ERROR
Expecting value: line 1 column 1 (char 0)
<Response [502]>
female-majority
ERROR
Expecting value: line 1 column 1 (char 0)
<Response [502]>
evenly mixed
ERROR
Expecting value: line 1 column 1 (char 0)
<Response [502]>
tanker
ERROR
Expecting value: line 1 column 1 (char 0)
<Response [502]>
semi-truck
ERROR
Expecting value: line 1 column 1 (char 0)
<Response [502]>
semitruck
ERROR
Expecting value: line 1 column 1 (char 0)
<Response [502]>
tractor-trailer
ERROR
Expecting value: line 1 column 1 (char 0)
<Response [502]>
cement truck
ERROR
Expecting value: line 1 column 1 (char 0)
<Response [502]>
dump truck
ERROR
Expecting value: line 1 column 1 (char 0)
<Response [502]>
small truck
ERROR
Expecting value: line 1 column 1 (char 0)
<Response [502]>
large truck
ERROR
Expecting value: line 1 column 1 (char 0)
<Response [502]>
rear truck
ERROR
Expecting value: line 1 column 1 (char 0)
<Response [502]>
front truck
ERROR
Expecting value: line 1 column 1 (char 0)
<Response [502]>
mid-truck
ERROR
Expecting value: line 1 column 1 (char 0)
<Response [502]>
semi truck
ERROR
Expecting value: line 1 column 1 (char 0)
<Response [502]>
loaded
ERROR
Expecting value: line 1 column 1 (char 0)
<Response [502]>
multiple occupancy
ERROR
Expecting value: line 1 column 1 (char 0)
<Response [502]>
raspberry
ERROR
Expecting value: line 1 column 1 (char 0)
<Response [502]>
chocolate shavings
ERROR
Expecting value: line 1 column 1 (char 0)
<Response [502]>
whipped cream
ERROR
Expecting value: line 1 column 1 (char 0)
<Response [502]>
nuts
ERROR
Expecting value: line 1 column 1 (char 0)
<Response [502]>
fresh fruit
ERROR
Expecting value: line 1 column 1 (char 0)
<Response [502]>
jam
ERROR
Expecting value: line 1 column 1 (char 0)
<Response [502]>
preserves
ERROR
Expecting value: line 1 column 1 (char 0)
<Response [502]>
vanilla-based
ERROR
Expecting value: line 1 column 1 (char 0)
<Response [502]>
chocolate-based
ERROR
Expecting value: line 1 column 1 (char 0)
<Response [502]>
fruit-based
ERROR
Expecting value: line 1 column 1 (char 0)
<Response [502]>
fruit compote
ERROR
Expecting value: line 1 column 1 (char 0)
<Response [502]>
fruit tart
ERROR
Expecting value: line 1 column 1 (char 0)
<Response [502]>
fruit salad
ERROR
Expecting value: line 1 column 1 (char 0)
<Response [502]>
brakeman
ERROR
Expecting value: line 1 column 1 (char 0)
<Response [502]>
chestnut
ERROR
Expecting value: line 1 column 1 (char 0)
<Response [502]>
un-saddled
ERROR
Expecting value: line 1 column 1 (char 0)
<Response [502]>
riding boots
ERROR
Expecting value: line 1 column 1 (char 0)
<Response [502]>
saddled
ERROR
Expecting value: line 1 column 1 (char 0)
<Response [502]>
in foal
ERROR
Expecting value: line 1 column 1 (char 0)
<Response [502]>
bling
ERROR
Expecting value: line 1 column 1 (char 0)
<Response [502]>
show horse
ERROR
Expecting value: line 1 column 1 (char 0)
<Response [502]>
training horse
ERROR
Expecting value: line 1 column 1 (char 0)
<Response [502]>
race horse
ERROR
Expecting value: line 1 column 1 (char 0)
<Response [502]>
trotting
ERROR
Expecting value: line 1 column 1 (char 0)
<Response [502]>
cantering
ERROR
Expecting value: line 1 column 1 (char 0)
<Response [502]>
palomino
ERROR
Expecting value: line 1 column 1 (char 0)
<Response [502]>
showing
ERROR
Expecting value: line 1 column 1 (char 0)
<Response [502]>
dressage
ERROR
Expecting value: line 1 column 1 (char 0)
<Response [502]>
plowing
ERROR
Expecting value: line 1 column 1 (char 0)
<Response [502]>
saddleseat
ERROR
Expecting value: line 1 column 1 (char 0)
<Response [502]>
show jumping
ERROR
Expecting value: line 1 column 1 (char 0)
<Response [502]>
trail riding
ERROR
Expecting value: line 1 column 1 (char 0)
<Response [502]>
bit
ERROR
Expecting value: line 1 column 1 (char 0)
<Response [502]>
bridles
ERROR
Expecting value: line 1 column 1 (char 0)
<Response [502]>
six horse power
ERROR
Expecting value: line 1 column 1 (char 0)
<Response [502]>
lead horse
ERROR
Expecting value: line 1 column 1 (char 0)
<Response [502]>
middle horse
ERROR
Expecting value: line 1 column 1 (char 0)
<Response [502]>
rear horse
ERROR
Expecting value: line 1 column 1 (char 0)
<Response [502]>
white smoke
ERROR
Expecting value: line 1 column 1 (char 0)
<Response [502]>
gray smoke
ERROR
Expecting value: line 1 column 1 (char 0)
<Response [502]>
black smoke
ERROR
Expecting value: line 1 column 1 (char 0)
<Response [502]>
grey smoke
ERROR
Expecting value: line 1 column 1 (char 0)
<Response [502]>
tunnel smoke
ERROR
Expecting value: line 1 column 1 (char 0)
<Response [502]>
engine smoke
ERROR
Expecting value: line 1 column 1 (char 0)
<Response [502]>
car smoke
ERROR
Expecting value: line 1 column 1 (char 0)
<Response [502]>
industrial smoke
ERROR
Expecting value: line 1 column 1 (char 0)
<Response [502]>
natural smoke
ERROR
Expecting value: line 1 column 1 (char 0)
<Response [502]>
vehicle emissions
ERROR
Expecting value: line 1 column 1 (char 0)
<Response [502]>
100
ERROR
Expecting value: line 1 column 1 (char 0)
<Response [502]>
300
ERROR
Expecting value: line 1 column 1 (char 0)
<Response [502]>
200
ERROR
Expecting value: line 1 column 1 (char 0)
<Response [502]>
2-3 pieces
ERROR
Expecting value: line 1 column 1 (char 0)
<Response [502]>
4-5 pieces
ERROR
Expecting value: line 1 column 1 (char 0)
<Response [502]>
1 piece
ERROR
Expecting value: line 1 column 1 (char 0)
<Response [502]>
more than 20
ERROR
Expecting value: line 1 column 1 (char 0)
<Response [502]>
11-20
ERROR
Expecting value: line 1 column 1 (char 0)
<Response [502]>
11-20 candles
ERROR
Expecting value: line 1 column 1 (char 0)
<Response [502]>
metal post
ERROR
Expecting value: line 1 column 1 (char 0)
<Response [502]>
concrete post
ERROR
Expecting value: line 1 column 1 (char 0)
<Response [502]>
other post types
ERROR
Expecting value: line 1 column 1 (char 0)
<Response [502]>
tree stump
ERROR
Expecting value: line 1 column 1 (char 0)
<Response [502]>
fence post
ERROR
Expecting value: line 1 column 1 (char 0)
<Response [502]>
elevated
ERROR
Expecting value: line 1 column 1 (char 0)
<Response [502]>
above-ground
ERROR
Expecting value: line 1 column 1 (char 0)
<Response [502]>
indoor platform
ERROR
Expecting value: line 1 column 1 (char 0)
<Response [502]>
outdoor platform
ERROR
Expecting value: line 1 column 1 (char 0)
<Response [502]>
underground platform
ERROR
Expecting value: line 1 column 1 (char 0)
<Response [502]>
platform 3
ERROR
Expecting value: line 1 column 1 (char 0)
<Response [502]>
platform 2
ERROR
Expecting value: line 1 column 1 (char 0)
<Response [502]>
platform 1
ERROR
Expecting value: line 1 column 1 (char 0)
<Response [502]>
quite
ERROR
Expecting value: line 1 column 1 (char 0)
<Response [502]>
semi-busy
ERROR
Expecting value: line 1 column 1 (char 0)
<Response [502]>
streetlights
ERROR
Expecting value: line 1 column 1 (char 0)
<Response [502]>
freight platform
ERROR
Expecting value: line 1 column 1 (char 0)
<Response [502]>
passenger platform
ERROR
Expecting value: line 1 column 1 (char 0)
<Response [502]>
loading platform
ERROR
Expecting value: line 1 column 1 (char 0)
<Response [502]>
out of order
ERROR
Expecting value: line 1 column 1 (char 0)
<Response [502]>
parking voucher machine
ERROR
Expecting value: line 1 column 1 (char 0)
<Response [502]>
coffee maker
ERROR
Expecting value: line 1 column 1 (char 0)
<Response [502]>
payment machine
ERROR
Expecting value: line 1 column 1 (char 0)
<Response [502]>
construction machine
ERROR
Expecting value: line 1 column 1 (char 0)
<Response [502]>
other machine
ERROR
Expecting value: line 1 column 1 (char 0)
<Response [502]>
automated machine
ERROR
Expecting value: line 1 column 1 (char 0)
<Response [502]>
manual machine
ERROR
Expecting value: line 1 column 1 (char 0)
<Response [502]>
milling machine
ERROR
Expecting value: line 1 column 1 (char 0)
<Response [502]>
lathe
ERROR
Expecting value: line 1 column 1 (char 0)
<Response [502]>
drill press
ERROR
Expecting value: line 1 column 1 (char 0)
<Response [502]>
snowboards
ERROR
Expecting value: line 1 column 1 (char 0)
<Response [502]>
downhill ski
ERROR
Expecting value: line 1 column 1 (char 0)
<Response [502]>
cross-country ski
ERROR
Expecting value: line 1 column 1 (char 0)
<Response [502]>
freestyle ski
ERROR
Expecting value: line 1 column 1 (char 0)
<Response [502]>
freestyle style
ERROR
Expecting value: line 1 column 1 (char 0)
<Response [502]>
classic style
ERROR
Expecting value: line 1 column 1 (char 0)
<Response [502]>
free
ERROR
Expecting value: line 1 column 1 (char 0)
<Response [502]>
bad
ERROR
Expecting value: line 1 column 1 (char 0)
<Response [502]>
slopestyle
ERROR
Expecting value: line 1 column 1 (char 0)
<Response [502]>
moguls
ERROR
Expecting value: line 1 column 1 (char 0)
<Response [502]>
fluted
ERROR
Expecting value: line 1 column 1 (char 0)
<Response [502]>
pointed
ERROR
Expecting value: line 1 column 1 (char 0)
<Response [502]>
roundabout
ERROR
Expecting value: line 1 column 1 (char 0)
<Response [502]>
on a building
ERROR
Expecting value: line 1 column 1 (char 0)
<Response [502]>
side of road
ERROR
Expecting value: line 1 column 1 (char 0)
<Response [502]>
concrete bench
ERROR
Expecting value: line 1 column 1 (char 0)
<Response [502]>
red hat
ERROR
Expecting value: line 1 column 1 (char 0)
<Response [502]>
other hat
ERROR
Expecting value: line 1 column 1 (char 0)
<Response [502]>
beanie
ERROR
Expecting value: line 1 column 1 (char 0)
<Response [502]>
top hat
ERROR
Expecting value: line 1 column 1 (char 0)
<Response [502]>
baseball cap
ERROR
Expecting value: line 1 column 1 (char 0)
<Response [502]>
trucker hat
ERROR
Expecting value: line 1 column 1 (char 0)
<Response [502]>
sun hat
ERROR
Expecting value: line 1 column 1 (char 0)
<Response [502]>
fedora
ERROR
Expecting value: line 1 column 1 (char 0)
<Response [502]>
snowboarding helmet
ERROR
Expecting value: line 1 column 1 (char 0)
<Response [502]>
bowler hat
ERROR
Expecting value: line 1 column 1 (char 0)
<Response [502]>
feather hat
ERROR
Expecting value: line 1 column 1 (char 0)
<Response [502]>
removed
ERROR
Expecting value: line 1 column 1 (char 0)
<Response [502]>
fell off
ERROR
Expecting value: line 1 column 1 (char 0)
<Response [502]>
lost
ERROR
Expecting value: line 1 column 1 (char 0)
<Response [502]>
low angle
ERROR
Expecting value: line 1 column 1 (char 0)
<Response [502]>
straight down
ERROR
Expecting value: line 1 column 1 (char 0)
<Response [502]>
high angle
ERROR
Expecting value: line 1 column 1 (char 0)
<Response [502]>
sunset over land
ERROR
Expecting value: line 1 column 1 (char 0)
<Response [502]>
sunset behind clouds
ERROR
Expecting value: line 1 column 1 (char 0)
<Response [502]>
sunset over ocean
ERROR
Expecting value: line 1 column 1 (char 0)
<Response [502]>
midday sunset
ERROR
Expecting value: line 1 column 1 (char 0)
<Response [502]>
early sunset
ERROR
Expecting value: line 1 column 1 (char 0)
<Response [502]>
late sunset
ERROR
Expecting value: line 1 column 1 (char 0)
<Response [502]>
ocean avenue
ERROR
Expecting value: line 1 column 1 (char 0)
<Response [502]>
adidas
ERROR
Expecting value: line 1 column 1 (char 0)
<Response [502]>
digital sign
ERROR
Expecting value: line 1 column 1 (char 0)
<Response [502]>
billboard
ERROR
Expecting value: line 1 column 1 (char 0)
<Response [502]>
uncapitalized
ERROR
Expecting value: line 1 column 1 (char 0)
<Response [502]>
capitalized
ERROR
Expecting value: line 1 column 1 (char 0)
<Response [502]>
bagels
ERROR
Expecting value: line 1 column 1 (char 0)
<Response [502]>
freight car
ERROR
Expecting value: line 1 column 1 (char 0)
<Response [502]>
luggage car
ERROR
Expecting value: line 1 column 1 (char 0)
<Response [502]>
passenger car
ERROR
Expecting value: line 1 column 1 (char 0)
<Response [502]>
passenger train car
ERROR
Expecting value: line 1 column 1 (char 0)
<Response [502]>
freight train car
ERROR
Expecting value: line 1 column 1 (char 0)
<Response [502]>
boxcar
ERROR
Expecting value: line 1 column 1 (char 0)
<Response [502]>
this car
ERROR
Expecting value: line 1 column 1 (char 0)
<Response [502]>
single-story
ERROR
Expecting value: line 1 column 1 (char 0)
<Response [502]>
cottage
ERROR
Expecting value: line 1 column 1 (char 0)
<Response [502]>
log cabin
ERROR
Expecting value: line 1 column 1 (char 0)
<Response [502]>
craftsman
ERROR
Expecting value: line 1 column 1 (char 0)
<Response [502]>
chain link fence
ERROR
Expecting value: line 1 column 1 (char 0)
<Response [502]>
division
ERROR
Expecting value: line 1 column 1 (char 0)
<Response [502]>
security
ERROR
Expecting value: line 1 column 1 (char 0)
<Response [502]>
boundary
ERROR
Expecting value: line 1 column 1 (char 0)
<Response [502]>
more than two people
ERROR
Expecting value: line 1 column 1 (char 0)
<Response [502]>
running shoes
ERROR
Expecting value: line 1 column 1 (char 0)
<Response [502]>
dress shoes
ERROR
Expecting value: line 1 column 1 (char 0)
<Response [502]>
casual shoes
ERROR
Expecting value: line 1 column 1 (char 0)
<Response [502]>
sneaker
ERROR
Expecting value: line 1 column 1 (char 0)
<Response [502]>
loafer
ERROR
Expecting value: line 1 column 1 (char 0)
<Response [502]>
running shoe
ERROR
Expecting value: line 1 column 1 (char 0)
<Response [502]>
dress shoe
ERROR
Expecting value: line 1 column 1 (char 0)
<Response [502]>
casual shoe
ERROR
Expecting value: line 1 column 1 (char 0)
<Response [502]>
toddler shoes
ERROR
Expecting value: line 1 column 1 (char 0)
<Response [502]>
adult shoes
ERROR
Expecting value: line 1 column 1 (char 0)
<Response [502]>
baby shoes
ERROR
Expecting value: line 1 column 1 (char 0)
<Response [502]>
sports shoe
ERROR
Expecting value: line 1 column 1 (char 0)
<Response [502]>
tennis shoe
ERROR
Expecting value: line 1 column 1 (char 0)
<Response [502]>
court shoes
ERROR
Expecting value: line 1 column 1 (char 0)
<Response [502]>
trail shoes
ERROR
Expecting value: line 1 column 1 (char 0)
<Response [502]>
hardshell
ERROR
Expecting value: line 1 column 1 (char 0)
<Response [502]>
softshell
ERROR
Expecting value: line 1 column 1 (char 0)
<Response [502]>
toiletries
ERROR
Expecting value: line 1 column 1 (char 0)
<Response [502]>
large suitcase
ERROR
Expecting value: line 1 column 1 (char 0)
<Response [502]>
small suitcase
ERROR
Expecting value: line 1 column 1 (char 0)
<Response [502]>
owned by the person
ERROR
Expecting value: line 1 column 1 (char 0)
<Response [502]>
borrowed from someone
ERROR
Expecting value: line 1 column 1 (char 0)
<Response [502]>
traffic booth
ERROR
Expecting value: line 1 column 1 (char 0)
<Response [502]>
traffic officer
ERROR
Expecting value: line 1 column 1 (char 0)
<Response [502]>
other type of cage
ERROR
Expecting value: line 1 column 1 (char 0)
<Response [502]>
wire cage
ERROR
Expecting value: line 1 column 1 (char 0)
<Response [502]>
pen
ERROR
Expecting value: line 1 column 1 (char 0)
<Response [502]>
enclosure
ERROR
Expecting value: line 1 column 1 (char 0)
<Response [502]>
messenger bag
ERROR
Expecting value: line 1 column 1 (char 0)
<Response [502]>
metal cage
ERROR
Expecting value: line 1 column 1 (char 0)
<Response [502]>
wooden cage
ERROR
Expecting value: line 1 column 1 (char 0)
<Response [502]>
plastic cage
ERROR
Expecting value: line 1 column 1 (char 0)
<Response [502]>
stream
ERROR
Expecting value: line 1 column 1 (char 0)
<Response [502]>
creek
ERROR
Expecting value: line 1 column 1 (char 0)
<Response [502]>
riverbank
ERROR
Expecting value: line 1 column 1 (char 0)
<Response [502]>
sky
ERROR
Expecting value: line 1 column 1 (char 0)
<Response [502]>
waterfall
ERROR
Expecting value: line 1 column 1 (char 0)
<Response [502]>
dam
ERROR
Expecting value: line 1 column 1 (char 0)
<Response [502]>
river z
ERROR
Expecting value: line 1 column 1 (char 0)
<Response [502]>
river y
ERROR
Expecting value: line 1 column 1 (char 0)
<Response [502]>
river x
ERROR
Expecting value: line 1 column 1 (char 0)
<Response [502]>
grasses
ERROR
Expecting value: line 1 column 1 (char 0)
<Response [502]>
class iii
ERROR
Expecting value: line 1 column 1 (char 0)
<Response [502]>
class ii
ERROR
Expecting value: line 1 column 1 (char 0)
<Response [502]>
class iv
ERROR
Expecting value: line 1 column 1 (char 0)
<Response [502]>
from right
ERROR
Expecting value: line 1 column 1 (char 0)
<Response [502]>
directly overhead
ERROR
Expecting value: line 1 column 1 (char 0)
<Response [502]>
from left
ERROR
Expecting value: line 1 column 1 (char 0)
<Response [502]>
other sun
ERROR
Expecting value: line 1 column 1 (char 0)
<Response [502]>
sun in the sky
ERROR
Expecting value: line 1 column 1 (char 0)
<Response [502]>
sun on the horizon
ERROR
Expecting value: line 1 column 1 (char 0)
<Response [502]>
mountain range
ERROR
Expecting value: line 1 column 1 (char 0)
<Response [502]>
other mountain
ERROR
Expecting value: line 1 column 1 (char 0)
<Response [502]>
rockies
ERROR
Expecting value: line 1 column 1 (char 0)
<Response [502]>
himalayas
ERROR
Expecting value: line 1 column 1 (char 0)
<Response [502]>
alps
ERROR
Expecting value: line 1 column 1 (char 0)
<Response [502]>
andes
ERROR
Expecting value: line 1 column 1 (char 0)
<Response [502]>
rocky mountains
ERROR
Expecting value: line 1 column 1 (char 0)
<Response [502]>
mountain valley
ERROR
Expecting value: line 1 column 1 (char 0)
<Response [502]>
mountain slope
ERROR
Expecting value: line 1 column 1 (char 0)
<Response [502]>
peak
ERROR
Expecting value: line 1 column 1 (char 0)
<Response [502]>
peaked
ERROR
Expecting value: line 1 column 1 (char 0)
<Response [502]>
individual mountain
ERROR
Expecting value: line 1 column 1 (char 0)
<Response [502]>
snowy terrain
ERROR
Expecting value: line 1 column 1 (char 0)
<Response [502]>
crest
ERROR
Expecting value: line 1 column 1 (char 0)
<Response [502]>
cliff
ERROR
Expecting value: line 1 column 1 (char 0)
<Response [502]>
partially covered in snow
ERROR
Expecting value: line 1 column 1 (char 0)
<Response [502]>
covered in snow
ERROR
Expecting value: line 1 column 1 (char 0)
<Response [502]>
mid-altitude
ERROR
Expecting value: line 1 column 1 (char 0)
<Response [502]>
radar gun
ERROR
Expecting value: line 1 column 1 (char 0)
<Response [502]>
crates
ERROR
Expecting value: line 1 column 1 (char 0)
<Response [502]>
other load size
ERROR
Expecting value: line 1 column 1 (char 0)
<Response [502]>
large load
ERROR
Expecting value: line 1 column 1 (char 0)
<Response [502]>
small load
ERROR
Expecting value: line 1 column 1 (char 0)
<Response [502]>
equipment
ERROR
Expecting value: line 1 column 1 (char 0)
<Response [502]>
wooden planks
ERROR
Expecting value: line 1 column 1 (char 0)
<Response [502]>
other load
ERROR
Expecting value: line 1 column 1 (char 0)
<Response [502]>
wool
ERROR
Expecting value: line 1 column 1 (char 0)
<Response [502]>
smart
ERROR
Expecting value: line 1 column 1 (char 0)
<Response [502]>
surf board
ERROR
Expecting value: line 1 column 1 (char 0)
<Response [502]>
atlantic
ERROR
Expecting value: line 1 column 1 (char 0)
<Response [502]>
pacific
ERROR
Expecting value: line 1 column 1 (char 0)
<Response [502]>
large waves
ERROR
Expecting value: line 1 column 1 (char 0)
<Response [502]>
small waves
ERROR
Expecting value: line 1 column 1 (char 0)
<Response [502]>
open ocean
ERROR
Expecting value: line 1 column 1 (char 0)
<Response [502]>
coastal waters
ERROR
Expecting value: line 1 column 1 (char 0)
<Response [502]>
branches
ERROR
Expecting value: line 1 column 1 (char 0)
<Response [502]>
local line
ERROR
Expecting value: line 1 column 1 (char 0)
<Response [502]>
young calf
ERROR
Expecting value: line 1 column 1 (char 0)
<Response [502]>
mature
ERROR
Expecting value: line 1 column 1 (char 0)
<Response [502]>
electric toothbrush
ERROR
Expecting value: line 1 column 1 (char 0)
<Response [502]>
manual toothbrush
ERROR
Expecting value: line 1 column 1 (char 0)
<Response [502]>
colgate
ERROR
Expecting value: line 1 column 1 (char 0)
<Response [502]>
giant size
ERROR
Expecting value: line 1 column 1 (char 0)
<Response [502]>
regular size
ERROR
Expecting value: line 1 column 1 (char 0)
<Response [502]>
oranges
ERROR
Expecting value: line 1 column 1 (char 0)
<Response [502]>
paper bag
ERROR
Expecting value: line 1 column 1 (char 0)
<Response [502]>
plastic bag
ERROR
Expecting value: line 1 column 1 (char 0)
<Response [502]>
gift bag
ERROR
Expecting value: line 1 column 1 (char 0)
<Response [502]>
reusable
ERROR
Expecting value: line 1 column 1 (char 0)
<Response [502]>
tote bag
ERROR
Expecting value: line 1 column 1 (char 0)
<Response [502]>
tote
ERROR
Expecting value: line 1 column 1 (char 0)
<Response [502]>
satchel
ERROR
Expecting value: line 1 column 1 (char 0)
<Response [502]>
shoulder bag
ERROR
Expecting value: line 1 column 1 (char 0)
<Response [502]>
handbag
ERROR
Expecting value: line 1 column 1 (char 0)
<Response [502]>
check-in
ERROR
Expecting value: line 1 column 1 (char 0)
<Response [502]>
1 bag
ERROR
Expecting value: line 1 column 1 (char 0)
<Response [502]>
2 bags
ERROR
Expecting value: line 1 column 1 (char 0)
<Response [502]>
3 bags
ERROR
Expecting value: line 1 column 1 (char 0)
<Response [502]>
4 bags
ERROR
Expecting value: line 1 column 1 (char 0)
<Response [502]>
drug bag
ERROR
Expecting value: line 1 column 1 (char 0)
<Response [502]>
other drug
ERROR
Expecting value: line 1 column 1 (char 0)
<Response [502]>
frisbees
ERROR
Expecting value: line 1 column 1 (char 0)
<Response [502]>
racket with strings
ERROR
Expecting value: line 1 column 1 (char 0)
<Response [502]>
wilson
ERROR
Expecting value: line 1 column 1 (char 0)
<Response [502]>
other seat
ERROR
Expecting value: line 1 column 1 (char 0)
<Response [502]>
backseat
ERROR
Expecting value: line 1 column 1 (char 0)
<Response [502]>
frontseat
ERROR
Expecting value: line 1 column 1 (char 0)
<Response [502]>
reclining
ERROR
Expecting value: line 1 column 1 (char 0)
<Response [502]>
aisle seat
ERROR
Expecting value: line 1 column 1 (char 0)
<Response [502]>
window seat
ERROR
Expecting value: line 1 column 1 (char 0)
<Response [502]>
large fire
ERROR
Expecting value: line 1 column 1 (char 0)
<Response [502]>
small fire
ERROR
Expecting value: line 1 column 1 (char 0)
<Response [502]>
wood-burning
ERROR
Expecting value: line 1 column 1 (char 0)
<Response [502]>
blaze
ERROR
Expecting value: line 1 column 1 (char 0)
<Response [502]>
smolder
ERROR
Expecting value: line 1 column 1 (char 0)
<Response [502]>
flicker
ERROR
Expecting value: line 1 column 1 (char 0)
<Response [502]>
huge fire
ERROR
Expecting value: line 1 column 1 (char 0)
<Response [502]>
medium fire
ERROR
Expecting value: line 1 column 1 (char 0)
<Response [502]>
human-companion
ERROR
Expecting value: line 1 column 1 (char 0)
<Response [502]>
human-pet
ERROR
Expecting value: line 1 column 1 (char 0)
<Response [502]>
clay tile
ERROR
Expecting value: line 1 column 1 (char 0)
<Response [502]>
asphalt shingles
ERROR
Expecting value: line 1 column 1 (char 0)
<Response [502]>
concrete pier
ERROR
Expecting value: line 1 column 1 (char 0)
<Response [502]>
steel pier
ERROR
Expecting value: line 1 column 1 (char 0)
<Response [502]>
wooden pier
ERROR
Expecting value: line 1 column 1 (char 0)
<Response [502]>
lighthouse
ERROR
Expecting value: line 1 column 1 (char 0)
<Response [502]>
lakeside
ERROR
Expecting value: line 1 column 1 (char 0)
<Response [502]>
tree-lined
ERROR
Expecting value: line 1 column 1 (char 0)
<Response [502]>
farm enclosure
ERROR
Expecting value: line 1 column 1 (char 0)
<Response [502]>
outdoor enclosure
ERROR
Expecting value: line 1 column 1 (char 0)
<Response [502]>
indoor enclosure
ERROR
Expecting value: line 1 column 1 (char 0)
<Response [502]>
mixed enclosure
ERROR
Expecting value: line 1 column 1 (char 0)
<Response [502]>
other enclosure
ERROR
Expecting value: line 1 column 1 (char 0)
<Response [502]>
other stuffed animals
ERROR
Expecting value: line 1 column 1 (char 0)
<Response [502]>
doll
ERROR
Expecting value: line 1 column 1 (char 0)
<Response [502]>
sailing
ERROR
Expecting value: line 1 column 1 (char 0)
<Response [502]>
passing by
ERROR
Expecting value: line 1 column 1 (char 0)
<Response [502]>
passenger ship
ERROR
Expecting value: line 1 column 1 (char 0)
<Response [502]>
military ship
ERROR
Expecting value: line 1 column 1 (char 0)
<Response [502]>
cargo ship
ERROR
Expecting value: line 1 column 1 (char 0)
<Response [502]>
cruise ship
ERROR
Expecting value: line 1 column 1 (char 0)
<Response [502]>
anchor
ERROR
Expecting value: line 1 column 1 (char 0)
<Response [502]>
supertanker
ERROR
Expecting value: line 1 column 1 (char 0)
<Response [502]>
large ship
ERROR
Expecting value: line 1 column 1 (char 0)
<Response [502]>
small ship
ERROR
Expecting value: line 1 column 1 (char 0)
<Response [502]>
miniature ship
ERROR
Expecting value: line 1 column 1 (char 0)
<Response [502]>
medium ship
ERROR
Expecting value: line 1 column 1 (char 0)
<Response [502]>
japanese flag
ERROR
Expecting value: line 1 column 1 (char 0)
<Response [502]>
american flag
ERROR
Expecting value: line 1 column 1 (char 0)
<Response [502]>
british flag
ERROR
Expecting value: line 1 column 1 (char 0)
<Response [502]>
loading
ERROR
Expecting value: line 1 column 1 (char 0)
<Response [502]>
unloading
ERROR
Expecting value: line 1 column 1 (char 0)
<Response [502]>
goods on ship
ERROR
Expecting value: line 1 column 1 (char 0)
<Response [502]>
cargo on board
ERROR
Expecting value: line 1 column 1 (char 0)
<Response [502]>
passengers on ship
ERROR
Expecting value: line 1 column 1 (char 0)
<Response [502]>
crew on board
ERROR
Expecting value: line 1 column 1 (char 0)
<Response [502]>
pier
ERROR
Expecting value: line 1 column 1 (char 0)
<Response [502]>
corn
ERROR
Expecting value: line 1 column 1 (char 0)
<Response [502]>
barley
ERROR
Expecting value: line 1 column 1 (char 0)
<Response [502]>
wheat
ERROR
Expecting value: line 1 column 1 (char 0)
<Response [502]>
handrail
ERROR
Expecting value: line 1 column 1 (char 0)
<Response [502]>
guardrail
ERROR
Expecting value: line 1 column 1 (char 0)
<Response [502]>
blue subway
ERROR
Expecting value: line 1 column 1 (char 0)
<Response [502]>
yellow subway
ERROR
Expecting value: line 1 column 1 (char 0)
<Response [502]>
red subway
ERROR
Expecting value: line 1 column 1 (char 0)
<Response [502]>
green subway
ERROR
Expecting value: line 1 column 1 (char 0)
<Response [502]>
green line
ERROR
Expecting value: line 1 column 1 (char 0)
<Response [502]>
blue line
ERROR
Expecting value: line 1 column 1 (char 0)
<Response [502]>
red line
ERROR
Expecting value: line 1 column 1 (char 0)
<Response [502]>
camping trip
ERROR
Expecting value: line 1 column 1 (char 0)
<Response [502]>
party
ERROR
Expecting value: line 1 column 1 (char 0)
<Response [502]>
walking to school
ERROR
Expecting value: line 1 column 1 (char 0)
<Response [502]>
family dinner
ERROR
Expecting value: line 1 column 1 (char 0)
<Response [502]>
special occasion
ERROR
Expecting value: line 1 column 1 (char 0)
<Response [502]>
disney themed
ERROR
Expecting value: line 1 column 1 (char 0)
<Response [502]>
outdoor adventure
ERROR
Expecting value: line 1 column 1 (char 0)
<Response [502]>
family picnic
ERROR
Expecting value: line 1 column 1 (char 0)
<Response [502]>
grand slam
ERROR
Expecting value: line 1 column 1 (char 0)
<Response [502]>
minor tournament
ERROR
Expecting value: line 1 column 1 (char 0)
<Response [502]>
major tournament
ERROR
Expecting value: line 1 column 1 (char 0)
<Response [502]>
exhibition match
ERROR
Expecting value: line 1 column 1 (char 0)
<Response [502]>
sports game
ERROR
Expecting value: line 1 column 1 (char 0)
<Response [502]>
festival
ERROR
Expecting value: line 1 column 1 (char 0)
<Response [502]>
concert
ERROR
Expecting value: line 1 column 1 (char 0)
<Response [502]>
navy blue
ERROR
Expecting value: line 1 column 1 (char 0)
<Response [502]>
partly frozen
ERROR
Expecting value: line 1 column 1 (char 0)
<Response [502]>
unfrozen
ERROR
Expecting value: line 1 column 1 (char 0)
<Response [502]>
saltwater
ERROR
Expecting value: line 1 column 1 (char 0)
<Response [502]>
freshwater
ERROR
Expecting value: line 1 column 1 (char 0)
<Response [502]>
other lakes
ERROR
Expecting value: line 1 column 1 (char 0)
<Response [502]>
lake tahoe
ERROR
Expecting value: line 1 column 1 (char 0)
<Response [502]>
lake michigan
ERROR
Expecting value: line 1 column 1 (char 0)
<Response [502]>
near a city
ERROR
Expecting value: line 1 column 1 (char 0)
<Response [502]>
crystal clear
ERROR
Expecting value: line 1 column 1 (char 0)
<Response [502]>
water lilies
ERROR
Expecting value: line 1 column 1 (char 0)
<Response [502]>
sandy shore
ERROR
Expecting value: line 1 column 1 (char 0)
<Response [502]>
rocky shore
ERROR
Expecting value: line 1 column 1 (char 0)
<Response [502]>
sunbed
ERROR
Expecting value: line 1 column 1 (char 0)
<Response [502]>
lounge chair
ERROR
Expecting value: line 1 column 1 (char 0)
<Response [502]>
windsor knot
ERROR
Expecting value: line 1 column 1 (char 0)
<Response [502]>
four-in-hand knot
ERROR
Expecting value: line 1 column 1 (char 0)
<Response [502]>
other knot
ERROR
Expecting value: line 1 column 1 (char 0)
<Response [502]>
tucked
ERROR
Expecting value: line 1 column 1 (char 0)
<Response [502]>
knot
ERROR
Expecting value: line 1 column 1 (char 0)
<Response [502]>
knotted
ERROR
Expecting value: line 1 column 1 (char 0)
<Response [502]>
knotty
ERROR
Expecting value: line 1 column 1 (char 0)
<Response [502]>
other knots
ERROR
Expecting value: line 1 column 1 (char 0)
<Response [502]>
sash
ERROR
Expecting value: line 1 column 1 (char 0)
<Response [502]>
belt
ERROR
Expecting value: line 1 column 1 (char 0)
<Response [502]>
cravat
ERROR
Expecting value: line 1 column 1 (char 0)
<Response [502]>
silk
ERROR
Expecting value: line 1 column 1 (char 0)
<Response [502]>
holiday-themed
ERROR
Expecting value: line 1 column 1 (char 0)
<Response [502]>
anniversary-themed
ERROR
Expecting value: line 1 column 1 (char 0)
<Response [502]>
birthday-themed
ERROR
Expecting value: line 1 column 1 (char 0)
<Response [502]>
bow
ERROR
Expecting value: line 1 column 1 (char 0)
<Response [502]>
ribbon
ERROR
Expecting value: line 1 column 1 (char 0)
<Response [502]>
floral arrangement
ERROR
Expecting value: line 1 column 1 (char 0)
<Response [502]>
mementos
ERROR
Expecting value: line 1 column 1 (char 0)
<Response [502]>
wall art
ERROR
Expecting value: line 1 column 1 (char 0)
<Response [502]>
rug
ERROR
Expecting value: line 1 column 1 (char 0)
<Response [502]>
vase
ERROR
Expecting value: line 1 column 1 (char 0)
<Response [502]>
many decorations
ERROR
Expecting value: line 1 column 1 (char 0)
<Response [502]>
moderate decorations
ERROR
Expecting value: line 1 column 1 (char 0)
<Response [502]>
few decorations
ERROR
Expecting value: line 1 column 1 (char 0)
<Response [502]>
other decorations
ERROR
Expecting value: line 1 column 1 (char 0)
<Response [502]>
rugs
ERROR
Expecting value: line 1 column 1 (char 0)
<Response [502]>
pictures
ERROR
Expecting value: line 1 column 1 (char 0)
<Response [502]>
on ceiling
ERROR
Expecting value: line 1 column 1 (char 0)
<Response [502]>
hip-hop
ERROR
Expecting value: line 1 column 1 (char 0)
<Response [502]>
jazz
ERROR
Expecting value: line 1 column 1 (char 0)
<Response [502]>
rainbow sprinkles
ERROR
Expecting value: line 1 column 1 (char 0)
<Response [502]>
chocolate glaze
ERROR
Expecting value: line 1 column 1 (char 0)
<Response [502]>
filled
ERROR
Expecting value: line 1 column 1 (char 0)
<Response [502]>
unfilled
ERROR
Expecting value: line 1 column 1 (char 0)
<Response [502]>
topped
ERROR
Expecting value: line 1 column 1 (char 0)
<Response [502]>
glazed frosting
ERROR
Expecting value: line 1 column 1 (char 0)
<Response [502]>
chocolate frosting
ERROR
Expecting value: line 1 column 1 (char 0)
<Response [502]>
chocolate sprinkles
ERROR
Expecting value: line 1 column 1 (char 0)
<Response [502]>
sprinkles
ERROR
Expecting value: line 1 column 1 (char 0)
<Response [502]>
glaze
ERROR
Expecting value: line 1 column 1 (char 0)
<Response [502]>
cream cheese frosting
ERROR
Expecting value: line 1 column 1 (char 0)
<Response [502]>
cream filled
ERROR
Expecting value: line 1 column 1 (char 0)
<Response [502]>
melting
ERROR
Expecting value: line 1 column 1 (char 0)
<Response [502]>
chocolate frosted
ERROR
Expecting value: line 1 column 1 (char 0)
<Response [502]>
cinnamon sugar
ERROR
Expecting value: line 1 column 1 (char 0)
<Response [502]>
rose
ERROR
Expecting value: line 1 column 1 (char 0)
<Response [502]>
tulip
ERROR
Expecting value: line 1 column 1 (char 0)
<Response [502]>
lily
ERROR
Expecting value: line 1 column 1 (char 0)
<Response [502]>
daisy
ERROR
Expecting value: line 1 column 1 (char 0)
<Response [502]>
cup-shaped
ERROR
Expecting value: line 1 column 1 (char 0)
<Response [502]>
bell-shaped
ERROR
Expecting value: line 1 column 1 (char 0)
<Response [502]>
tubular
ERROR
Expecting value: line 1 column 1 (char 0)
<Response [502]>
petaled
ERROR
Expecting value: line 1 column 1 (char 0)
<Response [502]>
trumpet-shaped
ERROR
Expecting value: line 1 column 1 (char 0)
<Response [502]>
trumpet
ERROR
Expecting value: line 1 column 1 (char 0)
<Response [502]>
pastel
ERROR
Expecting value: line 1 column 1 (char 0)
<Response [502]>
lonely
ERROR
Expecting value: line 1 column 1 (char 0)
<Response [502]>
single flower
ERROR
Expecting value: line 1 column 1 (char 0)
<Response [502]>
multiple flowers
ERROR
Expecting value: line 1 column 1 (char 0)
<Response [502]>
one flower
ERROR
Expecting value: line 1 column 1 (char 0)
<Response [502]>
national brand
ERROR
Expecting value: line 1 column 1 (char 0)
<Response [502]>
well-known brand
ERROR
Expecting value: line 1 column 1 (char 0)
<Response [502]>
local brand
ERROR
Expecting value: line 1 column 1 (char 0)
<Response [502]>
less-known brand
ERROR
Expecting value: line 1 column 1 (char 0)
<Response [502]>
generic
ERROR
Expecting value: line 1 column 1 (char 0)
<Response [502]>
full shelf
ERROR
Expecting value: line 1 column 1 (char 0)
<Response [502]>
moderately priced
ERROR
Expecting value: line 1 column 1 (char 0)
<Response [502]>
low-priced
ERROR
Expecting value: line 1 column 1 (char 0)
<Response [502]>
high-priced
ERROR
Expecting value: line 1 column 1 (char 0)
<Response [502]>
2007
ERROR
Expecting value: line 1 column 1 (char 0)
<Response [502]>
2008
ERROR
Expecting value: line 1 column 1 (char 0)
<Response [502]>
average quality
ERROR
Expecting value: line 1 column 1 (char 0)
<Response [502]>
back of the refrigerator
ERROR
Expecting value: line 1 column 1 (char 0)
<Response [502]>
middle shelf
ERROR
Expecting value: line 1 column 1 (char 0)
<Response [502]>
front of the refrigerator
ERROR
Expecting value: line 1 column 1 (char 0)
<Response [502]>
metal dock
ERROR
Expecting value: line 1 column 1 (char 0)
<Response [502]>
wooden dock
ERROR
Expecting value: line 1 column 1 (char 0)
<Response [502]>
concrete dock
ERROR
Expecting value: line 1 column 1 (char 0)
<Response [502]>
mooring
ERROR
Expecting value: line 1 column 1 (char 0)
<Response [502]>
civic
ERROR
Expecting value: line 1 column 1 (char 0)
<Response [502]>
2010 or older
ERROR
Expecting value: line 1 column 1 (char 0)
<Response [502]>
2011-2015
ERROR
Expecting value: line 1 column 1 (char 0)
<Response [502]>
2016 or newer
ERROR
Expecting value: line 1 column 1 (char 0)
<Response [502]>
1960s
ERROR
Expecting value: line 1 column 1 (char 0)
<Response [502]>
2 cars
ERROR
Expecting value: line 1 column 1 (char 0)
<Response [502]>
3+ cars
ERROR
Expecting value: line 1 column 1 (char 0)
<Response [502]>
wrapped around object
ERROR
Expecting value: line 1 column 1 (char 0)
<Response [502]>
wrapped around paper
ERROR
Expecting value: line 1 column 1 (char 0)
<Response [502]>
large bear
ERROR
Expecting value: line 1 column 1 (char 0)
<Response [502]>
small bear
ERROR
Expecting value: line 1 column 1 (char 0)
<Response [502]>
medium bear
ERROR
Expecting value: line 1 column 1 (char 0)
<Response [502]>
cuddly bear
ERROR
Expecting value: line 1 column 1 (char 0)
<Response [502]>
stuffed bear
ERROR
Expecting value: line 1 column 1 (char 0)
<Response [502]>
plush bear
ERROR
Expecting value: line 1 column 1 (char 0)
<Response [502]>
asian black bear
ERROR
Expecting value: line 1 column 1 (char 0)
<Response [502]>
inflatable boat
ERROR
Expecting value: line 1 column 1 (char 0)
<Response [502]>
fishing boat
ERROR
Expecting value: line 1 column 1 (char 0)
<Response [502]>
rowboats
ERROR
Expecting value: line 1 column 1 (char 0)
<Response [502]>
sailboats
ERROR
Expecting value: line 1 column 1 (char 0)
<Response [502]>
powerboats
ERROR
Expecting value: line 1 column 1 (char 0)
<Response [502]>
formal clothes
ERROR
Expecting value: line 1 column 1 (char 0)
<Response [502]>
no clothing
ERROR
Expecting value: line 1 column 1 (char 0)
<Response [502]>
hiking guide
ERROR
Expecting value: line 1 column 1 (char 0)
<Response [502]>
outdoor enthusiast
ERROR
Expecting value: line 1 column 1 (char 0)
<Response [502]>
camp counselor
ERROR
Expecting value: line 1 column 1 (char 0)
<Response [502]>
suburban station
ERROR
Expecting value: line 1 column 1 (char 0)
<Response [502]>
glow-in-the-dark
ERROR
Expecting value: line 1 column 1 (char 0)
<Response [502]>
disc
ERROR
Expecting value: line 1 column 1 (char 0)
<Response [502]>
disc golf
ERROR
Expecting value: line 1 column 1 (char 0)
<Response [502]>
spinning
ERROR
Expecting value: line 1 column 1 (char 0)
<Response [502]>
underhand
ERROR
Expecting value: line 1 column 1 (char 0)
<Response [502]>
catching with hands
ERROR
Expecting value: line 1 column 1 (char 0)
<Response [502]>
catching with nets
ERROR
Expecting value: line 1 column 1 (char 0)
<Response [502]>
catching with gloves
ERROR
Expecting value: line 1 column 1 (char 0)
<Response [502]>
short distance
ERROR
Expecting value: line 1 column 1 (char 0)
<Response [502]>
microsoft
ERROR
Expecting value: line 1 column 1 (char 0)
<Response [502]>
water slide
ERROR
Expecting value: line 1 column 1 (char 0)
<Response [502]>
roller coaster
ERROR
Expecting value: line 1 column 1 (char 0)
<Response [502]>
ski slope
ERROR
Expecting value: line 1 column 1 (char 0)
<Response [502]>
slope-side
ERROR
Expecting value: line 1 column 1 (char 0)
<Response [502]>
exhibition
ERROR
Expecting value: line 1 column 1 (char 0)
<Response [502]>
horse show
ERROR
Expecting value: line 1 column 1 (char 0)
<Response [502]>
mid-pack
ERROR
Expecting value: line 1 column 1 (char 0)
<Response [502]>
trailing
ERROR
Expecting value: line 1 column 1 (char 0)
<Response [502]>
pausing
ERROR
Expecting value: line 1 column 1 (char 0)
<Response [502]>
rollercoaster
ERROR
Expecting value: line 1 column 1 (char 0)
<Response [502]>
mound
ERROR
Expecting value: line 1 column 1 (char 0)
<Response [502]>
ridge
ERROR
Expecting value: line 1 column 1 (char 0)
<Response [502]>
rolling hills
ERROR
Expecting value: line 1 column 1 (char 0)
<Response [502]>
little hill
ERROR
Expecting value: line 1 column 1 (char 0)
<Response [502]>
snow-capped
ERROR
Expecting value: line 1 column 1 (char 0)
<Response [502]>
snow covered
ERROR
Expecting value: line 1 column 1 (char 0)
<Response [502]>
half-full
ERROR
Expecting value: line 1 column 1 (char 0)
<Response [502]>
wooden floor
ERROR
Expecting value: line 1 column 1 (char 0)
<Response [502]>
stucco
ERROR
Expecting value: line 1 column 1 (char 0)
<Response [502]>
clear sky
ERROR
Expecting value: line 1 column 1 (char 0)
<Response [502]>
brick wall
ERROR
Expecting value: line 1 column 1 (char 0)
<Response [502]>
other wall
ERROR
Expecting value: line 1 column 1 (char 0)
<Response [502]>
cloudy sky
ERROR
Expecting value: line 1 column 1 (char 0)
<Response [502]>
man-made
ERROR
Expecting value: line 1 column 1 (char 0)
<Response [502]>
natural
ERROR
Expecting value: line 1 column 1 (char 0)
<Response [502]>
concrete floor
ERROR
Expecting value: line 1 column 1 (char 0)
<Response [502]>
not blurred
ERROR
Expecting value: line 1 column 1 (char 0)
<Response [502]>
highly blurred
ERROR
Expecting value: line 1 column 1 (char 0)
<Response [502]>
somewhat blurred
ERROR
Expecting value: line 1 column 1 (char 0)
<Response [502]>
spinach
ERROR
Expecting value: line 1 column 1 (char 0)
<Response [502]>
carrots
ERROR
Expecting value: line 1 column 1 (char 0)
<Response [502]>
carrot
ERROR
Expecting value: line 1 column 1 (char 0)
<Response [502]>
onion
ERROR
Expecting value: line 1 column 1 (char 0)
<Response [502]>
cucumber
ERROR
Expecting value: line 1 column 1 (char 0)
<Response [502]>
tomato
ERROR
Expecting value: line 1 column 1 (char 0)
<Response [502]>
ellipsoidal
ERROR
Expecting value: line 1 column 1 (char 0)
<Response [502]>
round-ish
ERROR
Expecting value: line 1 column 1 (char 0)
<Response [502]>
mid-stage
ERROR
Expecting value: line 1 column 1 (char 0)
<Response [502]>
herb
ERROR
Expecting value: line 1 column 1 (char 0)
<Response [502]>
chopping
ERROR
Expecting value: line 1 column 1 (char 0)
<Response [502]>
other stages
ERROR
Expecting value: line 1 column 1 (char 0)
<Response [502]>
growing
ERROR
Expecting value: line 1 column 1 (char 0)
<Response [502]>
omnivore
ERROR
Expecting value: line 1 column 1 (char 0)
<Response [502]>
indoor ramp
ERROR
Expecting value: line 1 column 1 (char 0)
<Response [502]>
outdoor ramp
ERROR
Expecting value: line 1 column 1 (char 0)
<Response [502]>
quarterspipes
ERROR
Expecting value: line 1 column 1 (char 0)
<Response [502]>
halfpipes
ERROR
Expecting value: line 1 column 1 (char 0)
<Response [502]>
ramps
ERROR
Expecting value: line 1 column 1 (char 0)
<Response [502]>
restroom
ERROR
Expecting value: line 1 column 1 (char 0)
<Response [502]>
laundry
ERROR
Expecting value: line 1 column 1 (char 0)
<Response [502]>
celebrity
ERROR
Expecting value: line 1 column 1 (char 0)
<Response [502]>
pro
ERROR
Expecting value: line 1 column 1 (char 0)
<Response [502]>
semiprofessional
ERROR
Expecting value: line 1 column 1 (char 0)
<Response [502]>
minor league
ERROR
Expecting value: line 1 column 1 (char 0)
<Response [502]>
major league
ERROR
Expecting value: line 1 column 1 (char 0)
<Response [502]>
winter olympics
ERROR
Expecting value: line 1 column 1 (char 0)
<Response [502]>
summer olympics
ERROR
Expecting value: line 1 column 1 (char 0)
<Response [502]>
stairs
ERROR
Expecting value: line 1 column 1 (char 0)
<Response [502]>
bowls
ERROR
Expecting value: line 1 column 1 (char 0)
<Response [502]>
quarter pipe
ERROR
Expecting value: line 1 column 1 (char 0)
<Response [502]>
half pipe
ERROR
Expecting value: line 1 column 1 (char 0)
<Response [502]>
street course
ERROR
Expecting value: line 1 column 1 (char 0)
<Response [502]>
on a rail
ERROR
Expecting value: line 1 column 1 (char 0)
<Response [502]>
amateur skater
ERROR
Expecting value: line 1 column 1 (char 0)
<Response [502]>
freestyle skater
ERROR
Expecting value: line 1 column 1 (char 0)
<Response [502]>
park skater
ERROR
Expecting value: line 1 column 1 (char 0)
<Response [502]>
pro skater
ERROR
Expecting value: line 1 column 1 (char 0)
<Response [502]>
tall wall
ERROR
Expecting value: line 1 column 1 (char 0)
<Response [502]>
short wall
ERROR
Expecting value: line 1 column 1 (char 0)
<Response [502]>
medium wall
ERROR
Expecting value: line 1 column 1 (char 0)
<Response [502]>
low wall
ERROR
Expecting value: line 1 column 1 (char 0)
<Response [502]>
high wall
ERROR
Expecting value: line 1 column 1 (char 0)
<Response [502]>
cinnamon
ERROR
Expecting value: line 1 column 1 (char 0)
<Response [502]>
syrup
ERROR
Expecting value: line 1 column 1 (char 0)
<Response [502]>
wide selection
ERROR
Expecting value: line 1 column 1 (char 0)
<Response [502]>
specialized products
ERROR
Expecting value: line 1 column 1 (char 0)
<Response [502]>
limited selection
ERROR
Expecting value: line 1 column 1 (char 0)
<Response [502]>
average value
ERROR
Expecting value: line 1 column 1 (char 0)
<Response [502]>
overpriced
ERROR
Expecting value: line 1 column 1 (char 0)
<Response [502]>
good value
ERROR
Expecting value: line 1 column 1 (char 0)
<Response [502]>
below
ERROR
Expecting value: line 1 column 1 (char 0)
<Response [502]>
at
ERROR
Expecting value: line 1 column 1 (char 0)
<Response [502]>
above
ERROR
Expecting value: line 1 column 1 (char 0)
<Response [502]>
goofy foot
ERROR
Expecting value: line 1 column 1 (char 0)
<Response [502]>
regular foot
ERROR
Expecting value: line 1 column 1 (char 0)
<Response [502]>
practicing
ERROR
Expecting value: line 1 column 1 (char 0)
<Response [502]>
performing
ERROR
Expecting value: line 1 column 1 (char 0)
<Response [502]>
backside ollie
ERROR
Expecting value: line 1 column 1 (char 0)
<Response [502]>
frontside ollie
ERROR
Expecting value: line 1 column 1 (char 0)
<Response [502]>
switch ollie
ERROR
Expecting value: line 1 column 1 (char 0)
<Response [502]>
water sport
ERROR
Expecting value: line 1 column 1 (char 0)
<Response [502]>
personal watercraft
ERROR
Expecting value: line 1 column 1 (char 0)
<Response [502]>
rental
ERROR
Expecting value: line 1 column 1 (char 0)
<Response [502]>
tour
ERROR
Expecting value: line 1 column 1 (char 0)
<Response [502]>
rentals
ERROR
Expecting value: line 1 column 1 (char 0)
<Response [502]>
other somersault
ERROR
Expecting value: line 1 column 1 (char 0)
<Response [502]>
back somersault
ERROR
Expecting value: line 1 column 1 (char 0)
<Response [502]>
front somersault
ERROR
Expecting value: line 1 column 1 (char 0)
<Response [502]>
squash
ERROR
Expecting value: line 1 column 1 (char 0)
<Response [502]>
racketball
ERROR
Expecting value: line 1 column 1 (char 0)
<Response [502]>
other beverage
ERROR
Expecting value: line 1 column 1 (char 0)
<Response [502]>
tea cup
ERROR
Expecting value: line 1 column 1 (char 0)
<Response [502]>
water cup
ERROR
Expecting value: line 1 column 1 (char 0)
<Response [502]>
coffee cup
ERROR
Expecting value: line 1 column 1 (char 0)
<Response [502]>
bright blue
ERROR
Expecting value: line 1 column 1 (char 0)
<Response [502]>
crash
ERROR
Expecting value: line 1 column 1 (char 0)
<Response [502]>
in need of help
ERROR
Expecting value: line 1 column 1 (char 0)
<Response [502]>
log jump
ERROR
Expecting value: line 1 column 1 (char 0)
<Response [502]>
rolling log
ERROR
Expecting value: line 1 column 1 (char 0)
<Response [502]>
wooden box
ERROR
Expecting value: line 1 column 1 (char 0)
<Response [502]>
wooden pyramid
ERROR
Expecting value: line 1 column 1 (char 0)
<Response [502]>
wooden ramp
ERROR
Expecting value: line 1 column 1 (char 0)
<Response [502]>
hump
ERROR
Expecting value: line 1 column 1 (char 0)
<Response [502]>
gap
ERROR
Expecting value: line 1 column 1 (char 0)
<Response [502]>
hurdle
ERROR
Expecting value: line 1 column 1 (char 0)
<Response [502]>
6-12 months
ERROR
Expecting value: line 1 column 1 (char 0)
<Response [502]>
baby clothes
ERROR
Expecting value: line 1 column 1 (char 0)
<Response [502]>
softball
ERROR
Expecting value: line 1 column 1 (char 0)
<Response [502]>
medium spin
ERROR
Expecting value: line 1 column 1 (char 0)
<Response [502]>
a lot of spin
ERROR
Expecting value: line 1 column 1 (char 0)
<Response [502]>
little spin
ERROR
Expecting value: line 1 column 1 (char 0)
<Response [502]>
tennis ball with enhanced spin
ERROR
Expecting value: line 1 column 1 (char 0)
<Response [502]>
tennis ball with extra grip
ERROR
Expecting value: line 1 column 1 (char 0)
<Response [502]>
pressurized
ERROR
Expecting value: line 1 column 1 (char 0)
<Response [502]>
durable
ERROR
Expecting value: line 1 column 1 (char 0)
<Response [502]>
pressureless
ERROR
Expecting value: line 1 column 1 (char 0)
<Response [502]>
face of racket
ERROR
Expecting value: line 1 column 1 (char 0)
<Response [502]>
top of racket
ERROR
Expecting value: line 1 column 1 (char 0)
<Response [502]>
edge of racket
ERROR
Expecting value: line 1 column 1 (char 0)
<Response [502]>
on court
ERROR
Expecting value: line 1 column 1 (char 0)
<Response [502]>
in hand
ERROR
Expecting value: line 1 column 1 (char 0)
<Response [502]>
high bounce
ERROR
Expecting value: line 1 column 1 (char 0)
<Response [502]>
level bounce
ERROR
Expecting value: line 1 column 1 (char 0)
<Response [502]>
low bounce
ERROR
Expecting value: line 1 column 1 (char 0)
<Response [502]>
pyramid
ERROR
Expecting value: line 1 column 1 (char 0)
<Response [502]>
out of play
ERROR
Expecting value: line 1 column 1 (char 0)
<Response [502]>
in play
ERROR
Expecting value: line 1 column 1 (char 0)
<Response [502]>
court
ERROR
Expecting value: line 1 column 1 (char 0)
<Response [502]>
carpet
ERROR
Expecting value: line 1 column 1 (char 0)
<Response [502]>
blended
ERROR
Expecting value: line 1 column 1 (char 0)
<Response [502]>
high in vitamins
ERROR
Expecting value: line 1 column 1 (char 0)
<Response [502]>
low in calories
ERROR
Expecting value: line 1 column 1 (char 0)
<Response [502]>
rich in minerals
ERROR
Expecting value: line 1 column 1 (char 0)
<Response [502]>
ski goggles
ERROR
Expecting value: line 1 column 1 (char 0)
<Response [502]>
red jacket
ERROR
Expecting value: line 1 column 1 (char 0)
<Response [502]>
button-down shirt
ERROR
Expecting value: line 1 column 1 (char 0)
<Response [502]>
ski suit
ERROR
Expecting value: line 1 column 1 (char 0)
<Response [502]>
non-knitted
ERROR
Expecting value: line 1 column 1 (char 0)
<Response [502]>
knitted
ERROR
Expecting value: line 1 column 1 (char 0)
<Response [502]>
jacket color
ERROR
Expecting value: line 1 column 1 (char 0)
<Response [502]>
jacket type
ERROR
Expecting value: line 1 column 1 (char 0)
<Response [502]>
formalwear
ERROR
Expecting value: line 1 column 1 (char 0)
<Response [502]>
skirt-wearing
ERROR
Expecting value: line 1 column 1 (char 0)
<Response [502]>
pants-wearing
ERROR
Expecting value: line 1 column 1 (char 0)
<Response [502]>
tennis dress
ERROR
Expecting value: line 1 column 1 (char 0)
<Response [502]>
racket in hand
ERROR
Expecting value: line 1 column 1 (char 0)
<Response [502]>
dark colors
ERROR
Expecting value: line 1 column 1 (char 0)
<Response [502]>
brightly colored
ERROR
Expecting value: line 1 column 1 (char 0)
<Response [502]>
trench coat
ERROR
Expecting value: line 1 column 1 (char 0)
<Response [502]>
regular rain jacket
ERROR
Expecting value: line 1 column 1 (char 0)
<Response [502]>
bomber jacket
ERROR
Expecting value: line 1 column 1 (char 0)
<Response [502]>
jumpsuit
ERROR
Expecting value: line 1 column 1 (char 0)
<Response [502]>
blazer
ERROR
Expecting value: line 1 column 1 (char 0)
<Response [502]>
wheat noodles
ERROR
Expecting value: line 1 column 1 (char 0)
<Response [502]>
rice noodles
ERROR
Expecting value: line 1 column 1 (char 0)
<Response [502]>
partly cloudy
ERROR
Expecting value: line 1 column 1 (char 0)
<Response [502]>
completely cloudy
ERROR
Expecting value: line 1 column 1 (char 0)
<Response [502]>
mostly cloudy
ERROR
Expecting value: line 1 column 1 (char 0)
<Response [502]>
shaped
ERROR
Expecting value: line 1 column 1 (char 0)
<Response [502]>
bamboo
ERROR
Expecting value: line 1 column 1 (char 0)
<Response [502]>
comfort
ERROR
Expecting value: line 1 column 1 (char 0)
<Response [502]>
dark-colored
ERROR
Expecting value: line 1 column 1 (char 0)
<Response [502]>
light-colored
ERROR
Expecting value: line 1 column 1 (char 0)
<Response [502]>
solid-colored
ERROR
Expecting value: line 1 column 1 (char 0)
<Response [502]>
other blanket
ERROR
Expecting value: line 1 column 1 (char 0)
<Response [502]>
sponge bob blanket
ERROR
Expecting value: line 1 column 1 (char 0)
<Response [502]>
disney blanket
ERROR
Expecting value: line 1 column 1 (char 0)
<Response [502]>
satin
ERROR
Expecting value: line 1 column 1 (char 0)
<Response [502]>
solid colored
ERROR
Expecting value: line 1 column 1 (char 0)
<Response [502]>
dark colored
ERROR
Expecting value: line 1 column 1 (char 0)
<Response [502]>
light colored
ERROR
Expecting value: line 1 column 1 (char 0)
<Response [502]>
soft blanket
ERROR
Expecting value: line 1 column 1 (char 0)
<Response [502]>
warm blanket
ERROR
Expecting value: line 1 column 1 (char 0)
<Response [502]>
cozy blanket
ERROR
Expecting value: line 1 column 1 (char 0)
<Response [502]>
faux fur blanket
ERROR
Expecting value: line 1 column 1 (char 0)
<Response [502]>
fleece blanket
ERROR
Expecting value: line 1 column 1 (char 0)
<Response [502]>
thin blanket
ERROR
Expecting value: line 1 column 1 (char 0)
<Response [502]>
chest
ERROR
Expecting value: line 1 column 1 (char 0)
<Response [502]>
legs
ERROR
Expecting value: line 1 column 1 (char 0)
<Response [502]>
chef's knife
ERROR
Expecting value: line 1 column 1 (char 0)
<Response [502]>
paring knife
ERROR
Expecting value: line 1 column 1 (char 0)
<Response [502]>
bread knife
ERROR
Expecting value: line 1 column 1 (char 0)
<Response [502]>
large knife
ERROR
Expecting value: line 1 column 1 (char 0)
<Response [502]>
small knife
ERROR
Expecting value: line 1 column 1 (char 0)
<Response [502]>
machine
ERROR
Expecting value: line 1 column 1 (char 0)
<Response [502]>
lighting
ERROR
Expecting value: line 1 column 1 (char 0)
<Response [502]>
tripod
ERROR
Expecting value: line 1 column 1 (char 0)
<Response [502]>
lens
ERROR
Expecting value: line 1 column 1 (char 0)
<Response [502]>
crt monitor
ERROR
Expecting value: line 1 column 1 (char 0)
<Response [502]>
skiing equipment
ERROR
Expecting value: line 1 column 1 (char 0)
<Response [502]>
snowboarding equipment
ERROR
Expecting value: line 1 column 1 (char 0)
<Response [502]>
doughnut machine
ERROR
Expecting value: line 1 column 1 (char 0)
<Response [502]>
fryer
ERROR
Expecting value: line 1 column 1 (char 0)
<Response [502]>
hiking poles
ERROR
Expecting value: line 1 column 1 (char 0)
<Response [502]>
bindings
ERROR
Expecting value: line 1 column 1 (char 0)
<Response [502]>
racket without strings
ERROR
Expecting value: line 1 column 1 (char 0)
<Response [502]>
titanium racket
ERROR
Expecting value: line 1 column 1 (char 0)
<Response [502]>
microphone
ERROR
Expecting value: line 1 column 1 (char 0)
<Response [502]>
drum machine
ERROR
Expecting value: line 1 column 1 (char 0)
<Response [502]>
huge rock
ERROR
Expecting value: line 1 column 1 (char 0)
<Response [502]>
small rock
ERROR
Expecting value: line 1 column 1 (char 0)
<Response [502]>
near the shore
ERROR
Expecting value: line 1 column 1 (char 0)
<Response [502]>
underwater
ERROR
Expecting value: line 1 column 1 (char 0)
<Response [502]>
in the middle of the ocean
ERROR
Expecting value: line 1 column 1 (char 0)
<Response [502]>
team a
ERROR
Expecting value: line 1 column 1 (char 0)
<Response [502]>
team b
ERROR
Expecting value: line 1 column 1 (char 0)
<Response [502]>
team c
ERROR
Expecting value: line 1 column 1 (char 0)
<Response [502]>
college team
ERROR
Expecting value: line 1 column 1 (char 0)
<Response [502]>
mlb team
ERROR
Expecting value: line 1 column 1 (char 0)
<Response [502]>
high school team
ERROR
Expecting value: line 1 column 1 (char 0)
<Response [502]>
minor league team
ERROR
Expecting value: line 1 column 1 (char 0)
<Response [502]>
boston red sox
ERROR
Expecting value: line 1 column 1 (char 0)
<Response [502]>
chicago cubs
ERROR
Expecting value: line 1 column 1 (char 0)
<Response [502]>
los angeles dodgers
ERROR
Expecting value: line 1 column 1 (char 0)
<Response [502]>
new york yankees
ERROR
Expecting value: line 1 column 1 (char 0)
<Response [502]>
national team
ERROR
Expecting value: line 1 column 1 (char 0)
<Response [502]>
local team
ERROR
Expecting value: line 1 column 1 (char 0)
<Response [502]>
professional team
ERROR
Expecting value: line 1 column 1 (char 0)
<Response [502]>
soccer team
ERROR
Expecting value: line 1 column 1 (char 0)
<Response [502]>
basketball team
ERROR
Expecting value: line 1 column 1 (char 0)
<Response [502]>
baseball team
ERROR
Expecting value: line 1 column 1 (char 0)
<Response [502]>
hiking backpack
ERROR
Expecting value: line 1 column 1 (char 0)
<Response [502]>
regular backpack
ERROR
Expecting value: line 1 column 1 (char 0)
<Response [502]>
ski backpack
ERROR
Expecting value: line 1 column 1 (char 0)
<Response [502]>
camping backpack
ERROR
Expecting value: line 1 column 1 (char 0)
<Response [502]>
commuter backpack
ERROR
Expecting value: line 1 column 1 (char 0)
<Response [502]>
backpack with extra pockets
ERROR
Expecting value: line 1 column 1 (char 0)
<Response [502]>
backpack with wheels
ERROR
Expecting value: line 1 column 1 (char 0)
<Response [502]>
large backpack
ERROR
Expecting value: line 1 column 1 (char 0)
<Response [502]>
small backpack
ERROR
Expecting value: line 1 column 1 (char 0)
<Response [502]>
cargo backpack
ERROR
Expecting value: line 1 column 1 (char 0)
<Response [502]>
backpack with laptop compartment
ERROR
Expecting value: line 1 column 1 (char 0)
<Response [502]>
daypack
ERROR
Expecting value: line 1 column 1 (char 0)
<Response [502]>
overnight backpack
ERROR
Expecting value: line 1 column 1 (char 0)
<Response [502]>
spectacles
ERROR
Expecting value: line 1 column 1 (char 0)
<Response [502]>
reading glasses
ERROR
Expecting value: line 1 column 1 (char 0)
<Response [502]>
shot glass
ERROR
Expecting value: line 1 column 1 (char 0)
<Response [502]>
beer glass
ERROR
Expecting value: line 1 column 1 (char 0)
<Response [502]>
wine glass
ERROR
Expecting value: line 1 column 1 (char 0)
<Response [502]>
prescription
ERROR
Expecting value: line 1 column 1 (char 0)
<Response [502]>
derby
ERROR
Expecting value: line 1 column 1 (char 0)
<Response [502]>
tournament
ERROR
Expecting value: line 1 column 1 (char 0)
<Response [502]>
freestyle race
ERROR
Expecting value: line 1 column 1 (char 0)
<Response [502]>
alpine race
ERROR
Expecting value: line 1 column 1 (char 0)
<Response [502]>
cross-country race
ERROR
Expecting value: line 1 column 1 (char 0)
<Response [502]>
thoroughbred race
ERROR
Expecting value: line 1 column 1 (char 0)
<Response [502]>
harness race
ERROR
Expecting value: line 1 column 1 (char 0)
<Response [502]>
endurance race
ERROR
Expecting value: line 1 column 1 (char 0)
<Response [502]>
endurance
ERROR
Expecting value: line 1 column 1 (char 0)
<Response [502]>
sprint
ERROR
Expecting value: line 1 column 1 (char 0)
<Response [502]>
racecourse
ERROR
Expecting value: line 1 column 1 (char 0)
<Response [502]>
strike zone
ERROR
Expecting value: line 1 column 1 (char 0)
<Response [502]>
outside the strike zone
ERROR
Expecting value: line 1 column 1 (char 0)
<Response [502]>
leading the game
ERROR
Expecting value: line 1 column 1 (char 0)
<Response [502]>
behind in the game
ERROR
Expecting value: line 1 column 1 (char 0)
<Response [502]>
tied game
ERROR
Expecting value: line 1 column 1 (char 0)
<Response [502]>
cross-seam grip
ERROR
Expecting value: line 1 column 1 (char 0)
<Response [502]>
four-seam grip
ERROR
Expecting value: line 1 column 1 (char 0)
<Response [502]>
two-seam grip
ERROR
Expecting value: line 1 column 1 (char 0)
<Response [502]>
catching waves
ERROR
Expecting value: line 1 column 1 (char 0)
<Response [502]>
riding waves
ERROR
Expecting value: line 1 column 1 (char 0)
<Response [502]>
laydown surfing
ERROR
Expecting value: line 1 column 1 (char 0)
<Response [502]>
stand-up paddleboarding
ERROR
Expecting value: line 1 column 1 (char 0)
<Response [502]>
point break
ERROR
Expecting value: line 1 column 1 (char 0)
<Response [502]>
reef
ERROR
Expecting value: line 1 column 1 (char 0)
<Response [502]>
metal rail
ERROR
Expecting value: line 1 column 1 (char 0)
<Response [502]>
wooden rail
ERROR
Expecting value: line 1 column 1 (char 0)
<Response [502]>
concrete rail
ERROR
Expecting value: line 1 column 1 (char 0)
<Response [502]>
other rail
ERROR
Expecting value: line 1 column 1 (char 0)
<Response [502]>
kinked rail
ERROR
Expecting value: line 1 column 1 (char 0)
<Response [502]>
straight rail
ERROR
Expecting value: line 1 column 1 (char 0)
<Response [502]>
street rail
ERROR
Expecting value: line 1 column 1 (char 0)
<Response [502]>
railroad track
ERROR
Expecting value: line 1 column 1 (char 0)
<Response [502]>
skate park rail
ERROR
Expecting value: line 1 column 1 (char 0)
<Response [502]>
horizontal rail
ERROR
Expecting value: line 1 column 1 (char 0)
<Response [502]>
vert rail
ERROR
Expecting value: line 1 column 1 (char 0)
<Response [502]>
railroad rail
ERROR
Expecting value: line 1 column 1 (char 0)
<Response [502]>
skatepark rail
ERROR
Expecting value: line 1 column 1 (char 0)
<Response [502]>
kink rail
ERROR
Expecting value: line 1 column 1 (char 0)
<Response [502]>
box rail
ERROR
Expecting value: line 1 column 1 (char 0)
<Response [502]>
harnessed
ERROR
Expecting value: line 1 column 1 (char 0)
<Response [502]>
unsaddled
ERROR
Expecting value: line 1 column 1 (char 0)
<Response [502]>
other sports
ERROR
Expecting value: line 1 column 1 (char 0)
<Response [502]>
baseball cleats
ERROR
Expecting value: line 1 column 1 (char 0)
<Response [502]>
mitt
ERROR
Expecting value: line 1 column 1 (char 0)
<Response [502]>
away stadium
ERROR
Expecting value: line 1 column 1 (char 0)
<Response [502]>
neutral stadium
ERROR
Expecting value: line 1 column 1 (char 0)
<Response [502]>
home stadium
ERROR
Expecting value: line 1 column 1 (char 0)
<Response [502]>
home run
ERROR
Expecting value: line 1 column 1 (char 0)
<Response [502]>
triple
ERROR
Expecting value: line 1 column 1 (char 0)
<Response [502]>
vehicle
ERROR
Expecting value: line 1 column 1 (char 0)
<Response [502]>
building set
ERROR
Expecting value: line 1 column 1 (char 0)
<Response [502]>
game
ERROR
Expecting value: line 1 column 1 (char 0)
<Response [502]>
rattle
ERROR
Expecting value: line 1 column 1 (char 0)
<Response [502]>
chew toy
ERROR
Expecting value: line 1 column 1 (char 0)
<Response [502]>
mixed vegetation
ERROR
Expecting value: line 1 column 1 (char 0)
<Response [502]>
decorative items
ERROR
Expecting value: line 1 column 1 (char 0)
<Response [502]>
outdoor speakers
ERROR
Expecting value: line 1 column 1 (char 0)
<Response [502]>
national
ERROR
Expecting value: line 1 column 1 (char 0)
<Response [502]>
same newspaper
ERROR
Expecting value: line 1 column 1 (char 0)
<Response [502]>
different newspapers
ERROR
Expecting value: line 1 column 1 (char 0)
<Response [502]>
daily news
ERROR
Expecting value: line 1 column 1 (char 0)
<Response [502]>
local newspaper
ERROR
Expecting value: line 1 column 1 (char 0)
<Response [502]>
sunday paper
ERROR
Expecting value: line 1 column 1 (char 0)
<Response [502]>
monthly
ERROR
Expecting value: line 1 column 1 (char 0)
<Response [502]>
weekly
ERROR
Expecting value: line 1 column 1 (char 0)
<Response [502]>
daily
ERROR
Expecting value: line 1 column 1 (char 0)
<Response [502]>
politics
ERROR
Expecting value: line 1 column 1 (char 0)
<Response [502]>
riding lift
ERROR
Expecting value: line 1 column 1 (char 0)
<Response [502]>
ride
ERROR
Expecting value: line 1 column 1 (char 0)
<Response [502]>
no suit
ERROR
Expecting value: line 1 column 1 (char 0)
<Response [502]>
full suit
ERROR
Expecting value: line 1 column 1 (char 0)
<Response [502]>
half suit
ERROR
Expecting value: line 1 column 1 (char 0)
<Response [502]>
tennis stance
ERROR
Expecting value: line 1 column 1 (char 0)
<Response [502]>
running stance
ERROR
Expecting value: line 1 column 1 (char 0)
<Response [502]>
tennis player
ERROR
Expecting value: line 1 column 1 (char 0)
<Response [502]>
other sports player
ERROR
Expecting value: line 1 column 1 (char 0)
<Response [502]>
batter
ERROR
Expecting value: line 1 column 1 (char 0)
<Response [502]>
rising star
ERROR
Expecting value: line 1 column 1 (char 0)
<Response [502]>
low-ranked player
ERROR
Expecting value: line 1 column 1 (char 0)
<Response [502]>
armchair
ERROR
Expecting value: line 1 column 1 (char 0)
<Response [502]>
desk chair
ERROR
Expecting value: line 1 column 1 (char 0)
<Response [502]>
few chairs
ERROR
Expecting value: line 1 column 1 (char 0)
<Response [502]>
several chairs
ERROR
Expecting value: line 1 column 1 (char 0)
<Response [502]>
one chair
ERROR
Expecting value: line 1 column 1 (char 0)
<Response [502]>
double chair
ERROR
Expecting value: line 1 column 1 (char 0)
<Response [502]>
multiple chair
ERROR
Expecting value: line 1 column 1 (char 0)
<Response [502]>
overstuffed chair
ERROR
Expecting value: line 1 column 1 (char 0)
<Response [502]>
beach chair
ERROR
Expecting value: line 1 column 1 (char 0)
<Response [502]>
standard lounge chair
ERROR
Expecting value: line 1 column 1 (char 0)
<Response [502]>
face-first
ERROR
Expecting value: line 1 column 1 (char 0)
<Response [502]>
back-first
ERROR
Expecting value: line 1 column 1 (char 0)
<Response [502]>
fruit topping
ERROR
Expecting value: line 1 column 1 (char 0)
<Response [502]>
no decoration
ERROR
Expecting value: line 1 column 1 (char 0)
<Response [502]>
jelly
ERROR
Expecting value: line 1 column 1 (char 0)
<Response [502]>
no filling
ERROR
Expecting value: line 1 column 1 (char 0)
<Response [502]>
cream cheese frosted
ERROR
Expecting value: line 1 column 1 (char 0)
<Response [502]>
powdered sugar
ERROR
Expecting value: line 1 column 1 (char 0)
<Response [502]>
golden
ERROR
Expecting value: line 1 column 1 (char 0)
<Response [502]>
freshly cooked
ERROR
Expecting value: line 1 column 1 (char 0)
<Response [502]>
rolled
ERROR
Expecting value: line 1 column 1 (char 0)
<Response [502]>
ripped
ERROR
Expecting value: line 1 column 1 (char 0)
<Response [502]>
with mustard
ERROR
Expecting value: line 1 column 1 (char 0)
<Response [502]>
with relish
ERROR
Expecting value: line 1 column 1 (char 0)
<Response [502]>
with ketchup
ERROR
Expecting value: line 1 column 1 (char 0)
<Response [502]>
onions
ERROR
Expecting value: line 1 column 1 (char 0)
<Response [502]>
chili
ERROR
Expecting value: line 1 column 1 (char 0)
<Response [502]>
cheese sandwich
ERROR
Expecting value: line 1 column 1 (char 0)
<Response [502]>
hamburger
ERROR
Expecting value: line 1 column 1 (char 0)
<Response [502]>
turkey sandwich
ERROR
Expecting value: line 1 column 1 (char 0)
<Response [502]>
turkey
ERROR
Expecting value: line 1 column 1 (char 0)
<Response [502]>
ham
ERROR
Expecting value: line 1 column 1 (char 0)
<Response [502]>
untoasted
ERROR
Expecting value: line 1 column 1 (char 0)
<Response [502]>
toasted
ERROR
Expecting value: line 1 column 1 (char 0)
<Response [502]>
ham and cheese
ERROR
Expecting value: line 1 column 1 (char 0)
<Response [502]>
turkey and avocado
ERROR
Expecting value: line 1 column 1 (char 0)
<Response [502]>
grilled cheese
ERROR
Expecting value: line 1 column 1 (char 0)
<Response [502]>
diagonal
ERROR
Expecting value: line 1 column 1 (char 0)
<Response [502]>
rpg
ERROR
Expecting value: line 1 column 1 (char 0)
<Response [502]>
action
ERROR
Expecting value: line 1 column 1 (char 0)
<Response [502]>
adventure
ERROR
Expecting value: line 1 column 1 (char 0)
<Response [502]>
top-spin
ERROR
Expecting value: line 1 column 1 (char 0)
<Response [502]>
topspin
ERROR
Expecting value: line 1 column 1 (char 0)
<Response [502]>
back swing
ERROR
Expecting value: line 1 column 1 (char 0)
<Response [502]>
side swing
ERROR
Expecting value: line 1 column 1 (char 0)
<Response [502]>
front swing
ERROR
Expecting value: line 1 column 1 (char 0)
<Response [502]>
power swing
ERROR
Expecting value: line 1 column 1 (char 0)
<Response [502]>
foul swing
ERROR
Expecting value: line 1 column 1 (char 0)
<Response [502]>
normal swing
ERROR
Expecting value: line 1 column 1 (char 0)
<Response [502]>
hard swing
ERROR
Expecting value: line 1 column 1 (char 0)
<Response [502]>
soft swing
ERROR
Expecting value: line 1 column 1 (char 0)
<Response [502]>
slice swing
ERROR
Expecting value: line 1 column 1 (char 0)
<Response [502]>
topspin swing
ERROR
Expecting value: line 1 column 1 (char 0)
<Response [502]>
bounce swing
ERROR
Expecting value: line 1 column 1 (char 0)
<Response [502]>
forward swing
ERROR
Expecting value: line 1 column 1 (char 0)
<Response [502]>
backhand swing
ERROR
Expecting value: line 1 column 1 (char 0)
<Response [502]>
wake skate
ERROR
Expecting value: line 1 column 1 (char 0)
<Response [502]>
knee-board
ERROR
Expecting value: line 1 column 1 (char 0)
<Response [502]>
kneeboard
ERROR
Expecting value: line 1 column 1 (char 0)
<Response [502]>
other wakeboard types
ERROR
Expecting value: line 1 column 1 (char 0)
<Response [502]>
inground
ERROR
Expecting value: line 1 column 1 (char 0)
<Response [502]>
hot tub
ERROR
Expecting value: line 1 column 1 (char 0)
<Response [502]>
ocean pool
ERROR
Expecting value: line 1 column 1 (char 0)
<Response [502]>
indoor pool
ERROR
Expecting value: line 1 column 1 (char 0)
<Response [502]>
outdoor pool
ERROR
Expecting value: line 1 column 1 (char 0)
<Response [502]>
above-ground pool
ERROR
Expecting value: line 1 column 1 (char 0)
<Response [502]>
inground pool
ERROR
Expecting value: line 1 column 1 (char 0)
<Response [502]>
others
ERROR
Expecting value: line 1 column 1 (char 0)
<Response [502]>
patio
ERROR
Expecting value: line 1 column 1 (char 0)
<Response [502]>
title of the movie being watched
ERROR
Expecting value: line 1 column 1 (char 0)
<Response [502]>
title of movie
ERROR
Expecting value: line 1 column 1 (char 0)
<Response [502]>
other movie
ERROR
Expecting value: line 1 column 1 (char 0)
<Response [502]>
horror movie
ERROR
Expecting value: line 1 column 1 (char 0)
<Response [502]>
romantic movie
ERROR
Expecting value: line 1 column 1 (char 0)
<Response [502]>
action movie
ERROR
Expecting value: line 1 column 1 (char 0)
<Response [502]>
comedy movie
ERROR
Expecting value: line 1 column 1 (char 0)
<Response [502]>
horror
ERROR
Expecting value: line 1 column 1 (char 0)
<Response [502]>
drama
ERROR
Expecting value: line 1 column 1 (char 0)
<Response [502]>
comedy
ERROR
Expecting value: line 1 column 1 (char 0)
<Response [502]>
6-9
ERROR
Expecting value: line 1 column 1 (char 0)
<Response [502]>
store brand
ERROR
Expecting value: line 1 column 1 (char 0)
<Response [502]>
homemade
ERROR
Expecting value: line 1 column 1 (char 0)
<Response [502]>
name brand
ERROR
Expecting value: line 1 column 1 (char 0)
<Response [502]>
closest to shore
ERROR
Expecting value: line 1 column 1 (char 0)
<Response [502]>
far from shore
ERROR
Expecting value: line 1 column 1 (char 0)
<Response [502]>
close to shore
ERROR
Expecting value: line 1 column 1 (char 0)
<Response [502]>
further from the wave
ERROR
Expecting value: line 1 column 1 (char 0)
<Response [502]>
closest to the wave
ERROR
Expecting value: line 1 column 1 (char 0)
<Response [502]>
floodlights
ERROR
Expecting value: line 1 column 1 (char 0)
<Response [502]>
rye bread
ERROR
Expecting value: line 1 column 1 (char 0)
<Response [502]>
whole wheat bread
ERROR
Expecting value: line 1 column 1 (char 0)
<Response [502]>
white bread
ERROR
Expecting value: line 1 column 1 (char 0)
<Response [502]>
roku
ERROR
Expecting value: line 1 column 1 (char 0)
<Response [502]>
apple tv
ERROR
Expecting value: line 1 column 1 (char 0)
<Response [502]>
philips
ERROR
Expecting value: line 1 column 1 (char 0)
<Response [502]>
logitech
ERROR
Expecting value: line 1 column 1 (char 0)
<Response [502]>
copy of remote
ERROR
Expecting value: line 1 column 1 (char 0)
<Response [502]>
other remote
ERROR
Expecting value: line 1 column 1 (char 0)
<Response [502]>
original remote
ERROR
Expecting value: line 1 column 1 (char 0)
<Response [502]>
full-sleeve
ERROR
Expecting value: line 1 column 1 (char 0)
<Response [502]>
no-sleeve
ERROR
Expecting value: line 1 column 1 (char 0)
<Response [502]>
short-sleeve
ERROR
Expecting value: line 1 column 1 (char 0)
<Response [502]>
shorty
ERROR
Expecting value: line 1 column 1 (char 0)
<Response [502]>
full-body
ERROR
Expecting value: line 1 column 1 (char 0)
<Response [502]>
grip
ERROR
Expecting value: line 1 column 1 (char 0)
<Response [502]>
position
ERROR
Expecting value: line 1 column 1 (char 0)
<Response [502]>
motion
ERROR
Expecting value: line 1 column 1 (char 0)
<Response [502]>
gripping
ERROR
Expecting value: line 1 column 1 (char 0)
<Response [502]>
clasping
ERROR
Expecting value: line 1 column 1 (char 0)
<Response [502]>
flexed
ERROR
Expecting value: line 1 column 1 (char 0)
<Response [502]>
open hand
ERROR
Expecting value: line 1 column 1 (char 0)
<Response [502]>
fist
ERROR
Expecting value: line 1 column 1 (char 0)
<Response [502]>
furthest from body
ERROR
Expecting value: line 1 column 1 (char 0)
<Response [502]>
closest to body
ERROR
Expecting value: line 1 column 1 (char 0)
<Response [502]>
outstretched
ERROR
Expecting value: line 1 column 1 (char 0)
<Response [502]>
female hand
ERROR
Expecting value: line 1 column 1 (char 0)
<Response [502]>
male hand
ERROR
Expecting value: line 1 column 1 (char 0)
<Response [502]>
non-binary hand
ERROR
Expecting value: line 1 column 1 (char 0)
<Response [502]>
middle-aged hand
ERROR
Expecting value: line 1 column 1 (char 0)
<Response [502]>
old hand
ERROR
Expecting value: line 1 column 1 (char 0)
<Response [502]>
young hand
ERROR
Expecting value: line 1 column 1 (char 0)
<Response [502]>
wrist
ERROR
Expecting value: line 1 column 1 (char 0)
<Response [502]>
palmar side
ERROR
Expecting value: line 1 column 1 (char 0)
<Response [502]>
other button
ERROR
Expecting value: line 1 column 1 (char 0)
<Response [502]>
volume button
ERROR
Expecting value: line 1 column 1 (char 0)
<Response [502]>
channel button
ERROR
Expecting value: line 1 column 1 (char 0)
<Response [502]>
power button
ERROR
Expecting value: line 1 column 1 (char 0)
<Response [502]>
pause
ERROR
Expecting value: line 1 column 1 (char 0)
<Response [502]>
play
ERROR
Expecting value: line 1 column 1 (char 0)
<Response [502]>
volume adjustment
ERROR
Expecting value: line 1 column 1 (char 0)
<Response [502]>
button pressing
ERROR
Expecting value: line 1 column 1 (char 0)
<Response [502]>
channel surfing
ERROR
Expecting value: line 1 column 1 (char 0)
<Response [502]>
open-face helmet
ERROR
Expecting value: line 1 column 1 (char 0)
<Response [502]>
half-face helmet
ERROR
Expecting value: line 1 column 1 (char 0)
<Response [502]>
full-face helmet
ERROR
Expecting value: line 1 column 1 (char 0)
<Response [502]>
emergency room
ERROR
Expecting value: line 1 column 1 (char 0)
<Response [502]>
intensive care unit
ERROR
Expecting value: line 1 column 1 (char 0)
<Response [502]>
metal board
ERROR
Expecting value: line 1 column 1 (char 0)
<Response [502]>
plastic board
ERROR
Expecting value: line 1 column 1 (char 0)
<Response [502]>
wooden board
ERROR
Expecting value: line 1 column 1 (char 0)
<Response [502]>
everyday meal
ERROR
Expecting value: line 1 column 1 (char 0)
<Response [502]>
cups
ERROR
Expecting value: line 1 column 1 (char 0)
<Response [502]>
plates
ERROR
Expecting value: line 1 column 1 (char 0)
<Response [502]>
cereal bowl
ERROR
Expecting value: line 1 column 1 (char 0)
<Response [502]>
romaine
ERROR
Expecting value: line 1 column 1 (char 0)
<Response [502]>
iceberg
ERROR
Expecting value: line 1 column 1 (char 0)
<Response [502]>
butter
ERROR
Expecting value: line 1 column 1 (char 0)
<Response [502]>
rancid
ERROR
Expecting value: line 1 column 1 (char 0)
<Response [502]>
end
ERROR
Expecting value: line 1 column 1 (char 0)
<Response [502]>
beginning
ERROR
Expecting value: line 1 column 1 (char 0)
<Response [502]>
inning
ERROR
Expecting value: line 1 column 1 (char 0)
<Response [502]>
the legend of zelda
ERROR
Expecting value: line 1 column 1 (char 0)
<Response [502]>
super mario
ERROR
Expecting value: line 1 column 1 (char 0)
<Response [502]>
wii sports
ERROR
Expecting value: line 1 column 1 (char 0)
<Response [502]>
loss
ERROR
Expecting value: line 1 column 1 (char 0)
<Response [502]>
win
ERROR
Expecting value: line 1 column 1 (char 0)
<Response [502]>
role-playing
ERROR
Expecting value: line 1 column 1 (char 0)
<Response [502]>
rhythm
ERROR
Expecting value: line 1 column 1 (char 0)
<Response [502]>
softball game
ERROR
Expecting value: line 1 column 1 (char 0)
<Response [502]>
baseball game
ERROR
Expecting value: line 1 column 1 (char 0)
<Response [502]>
mobile
ERROR
Expecting value: line 1 column 1 (char 0)
<Response [502]>
console
ERROR
Expecting value: line 1 column 1 (char 0)
<Response [502]>
tied
ERROR
Expecting value: line 1 column 1 (char 0)
<Response [502]>
multiplayer
ERROR
Expecting value: line 1 column 1 (char 0)
<Response [502]>
single-player
ERROR
Expecting value: line 1 column 1 (char 0)
<Response [502]>
story-driven
ERROR
Expecting value: line 1 column 1 (char 0)
<Response [502]>
co-op
ERROR
Expecting value: line 1 column 1 (char 0)
<Response [502]>
other game
ERROR
Expecting value: line 1 column 1 (char 0)
<Response [502]>
wall tennis
ERROR
Expecting value: line 1 column 1 (char 0)
<Response [502]>
super smash bros
ERROR
Expecting value: line 1 column 1 (char 0)
<Response [502]>
mario kart
ERROR
Expecting value: line 1 column 1 (char 0)
<Response [502]>
wii fit
ERROR
Expecting value: line 1 column 1 (char 0)
<Response [502]>
exercise
ERROR
Expecting value: line 1 column 1 (char 0)
<Response [502]>
single player
ERROR
Expecting value: line 1 column 1 (char 0)
<Response [502]>
analog
ERROR
Expecting value: line 1 column 1 (char 0)
<Response [502]>
bath towel
ERROR
Expecting value: line 1 column 1 (char 0)
<Response [502]>
beach towel
ERROR
Expecting value: line 1 column 1 (char 0)
<Response [502]>
hand towel
ERROR
Expecting value: line 1 column 1 (char 0)
<Response [502]>
sports towel
ERROR
Expecting value: line 1 column 1 (char 0)
<Response [502]>
north wind
ERROR
Expecting value: line 1 column 1 (char 0)
<Response [502]>
west wind
ERROR
Expecting value: line 1 column 1 (char 0)
<Response [502]>
east wind
ERROR
Expecting value: line 1 column 1 (char 0)
<Response [502]>
south wind
ERROR
Expecting value: line 1 column 1 (char 0)
<Response [502]>
strong
ERROR
Expecting value: line 1 column 1 (char 0)
<Response [502]>
strong breeze
ERROR
Expecting value: line 1 column 1 (char 0)
<Response [502]>
light breeze
ERROR
Expecting value: line 1 column 1 (char 0)
<Response [502]>
moderate breeze
ERROR
Expecting value: line 1 column 1 (char 0)
<Response [502]>
gale force
ERROR
Expecting value: line 1 column 1 (char 0)
<Response [502]>
light wind
ERROR
Expecting value: line 1 column 1 (char 0)
<Response [502]>
strong wind
ERROR
Expecting value: line 1 column 1 (char 0)
<Response [502]>
moderate wind
ERROR
Expecting value: line 1 column 1 (char 0)
<Response [502]>
snowtube
ERROR
Expecting value: line 1 column 1 (char 0)
<Response [502]>
sled
ERROR
Expecting value: line 1 column 1 (char 0)
<Response [502]>
sled with runner
ERROR
Expecting value: line 1 column 1 (char 0)
<Response [502]>
sled without runner
ERROR
Expecting value: line 1 column 1 (char 0)
<Response [502]>
boardshorts
ERROR
Expecting value: line 1 column 1 (char 0)
<Response [502]>
aerials
ERROR
Expecting value: line 1 column 1 (char 0)
<Response [502]>
stand-up surfing
ERROR
Expecting value: line 1 column 1 (char 0)
<Response [502]>
bodyboarding
ERROR
Expecting value: line 1 column 1 (char 0)
<Response [502]>
tube-riding
ERROR
Expecting value: line 1 column 1 (char 0)
<Response [502]>
hang-five
ERROR
Expecting value: line 1 column 1 (char 0)
<Response [502]>
sunbathing
ERROR
Expecting value: line 1 column 1 (char 0)
<Response [502]>
revolution
ERROR
Expecting value: line 1 column 1 (char 0)
<Response [502]>
cutback
ERROR
Expecting value: line 1 column 1 (char 0)
<Response [502]>
foam board
ERROR
Expecting value: line 1 column 1 (char 0)
<Response [502]>
wave board
ERROR
Expecting value: line 1 column 1 (char 0)
<Response [502]>
overcoat
ERROR
Expecting value: line 1 column 1 (char 0)
<Response [502]>
suit coat
ERROR
Expecting value: line 1 column 1 (char 0)
<Response [502]>
parka
ERROR
Expecting value: line 1 column 1 (char 0)
<Response [502]>
loose fit
ERROR
Expecting value: line 1 column 1 (char 0)
<Response [502]>
tight fit
ERROR
Expecting value: line 1 column 1 (char 0)
<Response [502]>
racket with grip
ERROR
Expecting value: line 1 column 1 (char 0)
<Response [502]>
single onion
ERROR
Expecting value: line 1 column 1 (char 0)
<Response [502]>
multiple onions
ERROR
Expecting value: line 1 column 1 (char 0)
<Response [502]>
caramelized
ERROR
Expecting value: line 1 column 1 (char 0)
<Response [502]>
pesto
ERROR
Expecting value: line 1 column 1 (char 0)
<Response [502]>
meatballs
ERROR
Expecting value: line 1 column 1 (char 0)
<Response [502]>
cream sauce
ERROR
Expecting value: line 1 column 1 (char 0)
<Response [502]>
mushroom and onion
ERROR
Expecting value: line 1 column 1 (char 0)
<Response [502]>
pepperoni and onion
ERROR
Expecting value: line 1 column 1 (char 0)
<Response [502]>
pepperoni and mushroom
ERROR
Expecting value: line 1 column 1 (char 0)
<Response [502]>
tarts
ERROR
Expecting value: line 1 column 1 (char 0)
<Response [502]>
chocolate croissant
ERROR
Expecting value: line 1 column 1 (char 0)
<Response [502]>
baguette
ERROR
Expecting value: line 1 column 1 (char 0)
<Response [502]>
nut
ERROR
Expecting value: line 1 column 1 (char 0)
<Response [502]>
tiger
ERROR
Expecting value: line 1 column 1 (char 0)
<Response [502]>
great white
ERROR
Expecting value: line 1 column 1 (char 0)
<Response [502]>
bull
ERROR
Expecting value: line 1 column 1 (char 0)
<Response [502]>
soccer cleats
ERROR
Expecting value: line 1 column 1 (char 0)
<Response [502]>
reebok
ERROR
Expecting value: line 1 column 1 (char 0)
<Response [502]>
skateboarding shoes
ERROR
Expecting value: line 1 column 1 (char 0)
<Response [502]>
faces
ERROR
Expecting value: line 1 column 1 (char 0)
<Response [502]>
lettering
ERROR
Expecting value: line 1 column 1 (char 0)
<Response [502]>
tag
ERROR
Expecting value: line 1 column 1 (char 0)
<Response [502]>
scene
ERROR
Expecting value: line 1 column 1 (char 0)
<Response [502]>
banner
ERROR
Expecting value: line 1 column 1 (char 0)
<Response [502]>
mural
ERROR
Expecting value: line 1 column 1 (char 0)
<Response [502]>
symbols
ERROR
Expecting value: line 1 column 1 (char 0)
<Response [502]>
word
ERROR
Expecting value: line 1 column 1 (char 0)
<Response [502]>
political statement
ERROR
Expecting value: line 1 column 1 (char 0)
<Response [502]>
abstract art
ERROR
Expecting value: line 1 column 1 (char 0)
<Response [502]>
throwie
ERROR
Expecting value: line 1 column 1 (char 0)
<Response [502]>
street art
ERROR
Expecting value: line 1 column 1 (char 0)
<Response [502]>
bombing
ERROR
Expecting value: line 1 column 1 (char 0)
<Response [502]>
graffiti tag
ERROR
Expecting value: line 1 column 1 (char 0)
<Response [502]>
low cliff
ERROR
Expecting value: line 1 column 1 (char 0)
<Response [502]>
high cliff
ERROR
Expecting value: line 1 column 1 (char 0)
<Response [502]>
medium cliff
ERROR
Expecting value: line 1 column 1 (char 0)
<Response [502]>
tall cliff
ERROR
Expecting value: line 1 column 1 (char 0)
<Response [502]>
river cliff
ERROR
Expecting value: line 1 column 1 (char 0)
<Response [502]>
mountain cliff
ERROR
Expecting value: line 1 column 1 (char 0)
<Response [502]>
coastal cliff
ERROR
Expecting value: line 1 column 1 (char 0)
<Response [502]>
slammed by the wave
ERROR
Expecting value: line 1 column 1 (char 0)
<Response [502]>
lost balance
ERROR
Expecting value: line 1 column 1 (char 0)
<Response [502]>
falling off the board
ERROR
Expecting value: line 1 column 1 (char 0)
<Response [502]>
cutting board
ERROR
Expecting value: line 1 column 1 (char 0)
<Response [502]>
shampoo
ERROR
Expecting value: line 1 column 1 (char 0)
<Response [502]>
fat
ERROR
Expecting value: line 1 column 1 (char 0)
<Response [502]>
outside donut
ERROR
Expecting value: line 1 column 1 (char 0)
<Response [502]>
under donut
ERROR
Expecting value: line 1 column 1 (char 0)
<Response [502]>
on top of donut
ERROR
Expecting value: line 1 column 1 (char 0)
<Response [502]>
inside donut
ERROR
Expecting value: line 1 column 1 (char 0)
<Response [502]>
first birthday
ERROR
Expecting value: line 1 column 1 (char 0)
<Response [502]>
second birthday
ERROR
Expecting value: line 1 column 1 (char 0)
<Response [502]>
third birthday
ERROR
Expecting value: line 1 column 1 (char 0)
<Response [502]>
candy-topped
ERROR
Expecting value: line 1 column 1 (char 0)
<Response [502]>
non-stick
ERROR
Expecting value: line 1 column 1 (char 0)
<Response [502]>
cast iron
ERROR
Expecting value: line 1 column 1 (char 0)
<Response [502]>
wrap
ERROR
Expecting value: line 1 column 1 (char 0)
<Response [502]>
swaddle
ERROR
Expecting value: line 1 column 1 (char 0)
<Response [502]>
motor yacht cover
ERROR
Expecting value: line 1 column 1 (char 0)
<Response [502]>
other cover
ERROR
Expecting value: line 1 column 1 (char 0)
<Response [502]>
powerboat cover
ERROR
Expecting value: line 1 column 1 (char 0)
<Response [502]>
sailboat cover
ERROR
Expecting value: line 1 column 1 (char 0)
<Response [502]>
sheet
ERROR
Expecting value: line 1 column 1 (char 0)
<Response [502]>
comforter
ERROR
Expecting value: line 1 column 1 (char 0)
<Response [502]>
cheesy
ERROR
Expecting value: line 1 column 1 (char 0)
<Response [502]>
meat-based
ERROR
Expecting value: line 1 column 1 (char 0)
<Response [502]>
doughy
ERROR
Expecting value: line 1 column 1 (char 0)
<Response [502]>
sheets
ERROR
Expecting value: line 1 column 1 (char 0)
<Response [502]>
twine
ERROR
Expecting value: line 1 column 1 (char 0)
<Response [502]>
cord
ERROR
Expecting value: line 1 column 1 (char 0)
<Response [502]>
thread
ERROR
Expecting value: line 1 column 1 (char 0)
<Response [502]>
kite string
ERROR
Expecting value: line 1 column 1 (char 0)
<Response [502]>
tv
ERROR
Expecting value: line 1 column 1 (char 0)
<Response [502]>
electric guitar
ERROR
Expecting value: line 1 column 1 (char 0)
<Response [502]>
acoustic guitar
ERROR
Expecting value: line 1 column 1 (char 0)
<Response [502]>
blueberry
ERROR
Expecting value: line 1 column 1 (char 0)
<Response [502]>
chocolate chip
ERROR
Expecting value: line 1 column 1 (char 0)
<Response [502]>
racketball racquet
ERROR
Expecting value: line 1 column 1 (char 0)
<Response [502]>
tennis racquet
ERROR
Expecting value: line 1 column 1 (char 0)
<Response [502]>
other racquet
ERROR
Expecting value: line 1 column 1 (char 0)
<Response [502]>
badminton racquet
ERROR
Expecting value: line 1 column 1 (char 0)
<Response [502]>
tennis ball machine
ERROR
Expecting value: line 1 column 1 (char 0)
<Response [502]>
tennis bat
ERROR
Expecting value: line 1 column 1 (char 0)
<Response [502]>
cordless
ERROR
Expecting value: line 1 column 1 (char 0)
<Response [502]>
flip phone
ERROR
Expecting value: line 1 column 1 (char 0)
<Response [502]>
space gray
ERROR
Expecting value: line 1 column 1 (char 0)
<Response [502]>
ios
ERROR
Expecting value: line 1 column 1 (char 0)
<Response [502]>
android
ERROR
Expecting value: line 1 column 1 (char 0)
<Response [502]>
google pixel
ERROR
Expecting value: line 1 column 1 (char 0)
<Response [502]>
iphone
ERROR
Expecting value: line 1 column 1 (char 0)
<Response [502]>
other orientation
ERROR
Expecting value: line 1 column 1 (char 0)
<Response [502]>
texting
ERROR
Expecting value: line 1 column 1 (char 0)
<Response [502]>
social media
ERROR
Expecting value: line 1 column 1 (char 0)
<Response [502]>
making call
ERROR
Expecting value: line 1 column 1 (char 0)
<Response [502]>
making calls
ERROR
Expecting value: line 1 column 1 (char 0)
<Response [502]>
browsing internet
ERROR
Expecting value: line 1 column 1 (char 0)
<Response [502]>
oled
ERROR
Expecting value: line 1 column 1 (char 0)
<Response [502]>
cellular
ERROR
Expecting value: line 1 column 1 (char 0)
<Response [502]>
laser
ERROR
Expecting value: line 1 column 1 (char 0)
<Response [502]>
inkjet
ERROR
Expecting value: line 1 column 1 (char 0)
<Response [502]>
3d printer
ERROR
Expecting value: line 1 column 1 (char 0)
<Response [502]>
a3
ERROR
Expecting value: line 1 column 1 (char 0)
<Response [502]>
a4
ERROR
Expecting value: line 1 column 1 (char 0)
<Response [502]>
note
ERROR
Expecting value: line 1 column 1 (char 0)
<Response [502]>
digital paper
ERROR
Expecting value: line 1 column 1 (char 0)
<Response [502]>
printed paper
ERROR
Expecting value: line 1 column 1 (char 0)
<Response [502]>
notebook paper
ERROR
Expecting value: line 1 column 1 (char 0)
<Response [502]>
graph paper
ERROR
Expecting value: line 1 column 1 (char 0)
<Response [502]>
computer paper
ERROR
Expecting value: line 1 column 1 (char 0)
<Response [502]>
handwritten paper
ERROR
Expecting value: line 1 column 1 (char 0)
<Response [502]>
memo pad
ERROR
Expecting value: line 1 column 1 (char 0)
<Response [502]>
letterhead
ERROR
Expecting value: line 1 column 1 (char 0)
<Response [502]>
meeting notes
ERROR
Expecting value: line 1 column 1 (char 0)
<Response [502]>
costume
ERROR
Expecting value: line 1 column 1 (char 0)
<Response [502]>
crock-pot-cooked
ERROR
Expecting value: line 1 column 1 (char 0)
<Response [502]>
stovetop-cooked
ERROR
Expecting value: line 1 column 1 (char 0)
<Response [502]>
steaming
ERROR
Expecting value: line 1 column 1 (char 0)
<Response [502]>
boiling
ERROR
Expecting value: line 1 column 1 (char 0)
<Response [502]>
frying
ERROR
Expecting value: line 1 column 1 (char 0)
<Response [502]>
roasting
ERROR
Expecting value: line 1 column 1 (char 0)
<Response [502]>
baking
ERROR
Expecting value: line 1 column 1 (char 0)
<Response [502]>
grilling
ERROR
Expecting value: line 1 column 1 (char 0)
<Response [502]>
decorations
ERROR
Expecting value: line 1 column 1 (char 0)
<Response [502]>
12
ERROR
Expecting value: line 1 column 1 (char 0)
<Response [502]>
9
ERROR
Expecting value: line 1 column 1 (char 0)
<Response [502]>
6
ERROR
Expecting value: line 1 column 1 (char 0)
<Response [502]>
inside building
ERROR
Expecting value: line 1 column 1 (char 0)
<Response [502]>
on tower
ERROR
Expecting value: line 1 column 1 (char 0)
<Response [502]>
outside building
ERROR
Expecting value: line 1 column 1 (char 0)
<Response [502]>
in back
ERROR
Expecting value: line 1 column 1 (char 0)
<Response [502]>
on the front of the building
ERROR
Expecting value: line 1 column 1 (char 0)
<Response [502]>
on the side of the building
ERROR
Expecting value: line 1 column 1 (char 0)
<Response [502]>
on top of the building
ERROR
Expecting value: line 1 column 1 (char 0)
<Response [502]>
wall-mounted
ERROR
Expecting value: line 1 column 1 (char 0)
<Response [502]>
floor-standing
ERROR
Expecting value: line 1 column 1 (char 0)
<Response [502]>
ceiling-mounted
ERROR
Expecting value: line 1 column 1 (char 0)
<Response [502]>
over head
ERROR
Expecting value: line 1 column 1 (char 0)
<Response [502]>
mounted on side
ERROR
Expecting value: line 1 column 1 (char 0)
<Response [502]>
mounted on back
ERROR
Expecting value: line 1 column 1 (char 0)
<Response [502]>
mounted on front
ERROR
Expecting value: line 1 column 1 (char 0)
<Response [502]>
under repair
ERROR
Expecting value: line 1 column 1 (char 0)
<Response [502]>
three hands
ERROR
Expecting value: line 1 column 1 (char 0)
<Response [502]>
one hand
ERROR
Expecting value: line 1 column 1 (char 0)
<Response [502]>
two hands
ERROR
Expecting value: line 1 column 1 (char 0)
<Response [502]>
street with shops
ERROR
Expecting value: line 1 column 1 (char 0)
<Response [502]>
citizen
ERROR
Expecting value: line 1 column 1 (char 0)
<Response [502]>
unknown
ERROR
Expecting value: line 1 column 1 (char 0)
<Response [502]>
timex
ERROR
Expecting value: line 1 column 1 (char 0)
<Response [502]>
buckingham palace
ERROR
Expecting value: line 1 column 1 (char 0)
<Response [502]>
london eye
ERROR
Expecting value: line 1 column 1 (char 0)
<Response [502]>
big ben
ERROR
Expecting value: line 1 column 1 (char 0)
<Response [502]>
mechanical
ERROR
Expecting value: line 1 column 1 (char 0)
<Response [502]>
automatic
ERROR
Expecting value: line 1 column 1 (char 0)
<Response [502]>
inaccurate
ERROR
Expecting value: line 1 column 1 (char 0)
<Response [502]>
accurate
ERROR
Expecting value: line 1 column 1 (char 0)
<Response [502]>
other cooking methods
ERROR
Expecting value: line 1 column 1 (char 0)
<Response [502]>
sauteing
ERROR
Expecting value: line 1 column 1 (char 0)
<Response [502]>
stir-frying
ERROR
Expecting value: line 1 column 1 (char 0)
<Response [502]>
night light
ERROR
Expecting value: line 1 column 1 (char 0)
<Response [502]>
flash
ERROR
Expecting value: line 1 column 1 (char 0)
<Response [502]>
lamp light
ERROR
Expecting value: line 1 column 1 (char 0)
<Response [502]>
snickerdoodle
ERROR
Expecting value: line 1 column 1 (char 0)
<Response [502]>
oatmeal raisin
ERROR
Expecting value: line 1 column 1 (char 0)
<Response [502]>
oreo
ERROR
Expecting value: line 1 column 1 (char 0)
<Response [502]>
led tv
ERROR
Expecting value: line 1 column 1 (char 0)
<Response [502]>
crt tv
ERROR
Expecting value: line 1 column 1 (char 0)
<Response [502]>
flat screen
ERROR
Expecting value: line 1 column 1 (char 0)
<Response [502]>
curved screen
ERROR
Expecting value: line 1 column 1 (char 0)
<Response [502]>
other tv size
ERROR
Expecting value: line 1 column 1 (char 0)
<Response [502]>
tv show
ERROR
Expecting value: line 1 column 1 (char 0)
<Response [502]>
old fashioned
ERROR
Expecting value: line 1 column 1 (char 0)
<Response [502]>
teenage boy
ERROR
Expecting value: line 1 column 1 (char 0)
<Response [502]>
adult boy
ERROR
Expecting value: line 1 column 1 (char 0)
<Response [502]>
sports attire
ERROR
Expecting value: line 1 column 1 (char 0)
<Response [502]>
sports outfit
ERROR
Expecting value: line 1 column 1 (char 0)
<Response [502]>
work clothing
ERROR
Expecting value: line 1 column 1 (char 0)
<Response [502]>
waiting in line
ERROR
Expecting value: line 1 column 1 (char 0)
<Response [502]>
velvet
ERROR
Expecting value: line 1 column 1 (char 0)
<Response [502]>
cushion
ERROR
Expecting value: line 1 column 1 (char 0)
<Response [502]>
fabric
ERROR
Expecting value: line 1 column 1 (char 0)
<Response [502]>
in front of window
ERROR
Expecting value: line 1 column 1 (char 0)
<Response [502]>
composite bat
ERROR
Expecting value: line 1 column 1 (char 0)
<Response [502]>
cricket bat
ERROR
Expecting value: line 1 column 1 (char 0)
<Response [502]>
softball bat
ERROR
Expecting value: line 1 column 1 (char 0)
<Response [502]>
composite
ERROR
Expecting value: line 1 column 1 (char 0)
<Response [502]>
common vampire bat
ERROR
Expecting value: line 1 column 1 (char 0)
<Response [502]>
other bat species
ERROR
Expecting value: line 1 column 1 (char 0)
<Response [502]>
mexican free-tailed bat
ERROR
Expecting value: line 1 column 1 (char 0)
<Response [502]>
right-handed swing
ERROR
Expecting value: line 1 column 1 (char 0)
<Response [502]>
left-handed swing
ERROR
Expecting value: line 1 column 1 (char 0)
<Response [502]>
short clock tower
ERROR
Expecting value: line 1 column 1 (char 0)
<Response [502]>
tall clock tower
ERROR
Expecting value: line 1 column 1 (char 0)
<Response [502]>
facade clock tower
ERROR
Expecting value: line 1 column 1 (char 0)
<Response [502]>
functional clock tower
ERROR
Expecting value: line 1 column 1 (char 0)
<Response [502]>
decorative clock tower
ERROR
Expecting value: line 1 column 1 (char 0)
<Response [502]>
facade-less clock tower
ERROR
Expecting value: line 1 column 1 (char 0)
<Response [502]>
bell tower
ERROR
Expecting value: line 1 column 1 (char 0)
<Response [502]>
carillon
ERROR
Expecting value: line 1 column 1 (char 0)
<Response [502]>
tower clock
ERROR
Expecting value: line 1 column 1 (char 0)
<Response [502]>
printer
ERROR
Expecting value: line 1 column 1 (char 0)
<Response [502]>
bottom-freezer
ERROR
Expecting value: line 1 column 1 (char 0)
<Response [502]>
top-freezer
ERROR
Expecting value: line 1 column 1 (char 0)
<Response [502]>
frosty
ERROR
Expecting value: line 1 column 1 (char 0)
<Response [502]>
freezing
ERROR
Expecting value: line 1 column 1 (char 0)
<Response [502]>
portable
ERROR
Expecting value: line 1 column 1 (char 0)
<Response [502]>
left side
ERROR
Expecting value: line 1 column 1 (char 0)
<Response [502]>
right side
ERROR
Expecting value: line 1 column 1 (char 0)
<Response [502]>
other shapes
ERROR
Expecting value: line 1 column 1 (char 0)
<Response [502]>
tall and skinny
ERROR
Expecting value: line 1 column 1 (char 0)
<Response [502]>
wide and short
ERROR
Expecting value: line 1 column 1 (char 0)
<Response [502]>
round vase
ERROR
Expecting value: line 1 column 1 (char 0)
<Response [502]>
square vase
ERROR
Expecting value: line 1 column 1 (char 0)
<Response [502]>
carved
ERROR
Expecting value: line 1 column 1 (char 0)
<Response [502]>
painted
ERROR
Expecting value: line 1 column 1 (char 0)
<Response [502]>
ornate
ERROR
Expecting value: line 1 column 1 (char 0)
<Response [502]>
shrubs
ERROR
Expecting value: line 1 column 1 (char 0)
<Response [502]>
greenery
ERROR
Expecting value: line 1 column 1 (char 0)
<Response [502]>
stem
ERROR
Expecting value: line 1 column 1 (char 0)
<Response [502]>
root
ERROR
Expecting value: line 1 column 1 (char 0)
<Response [502]>
leaf
ERROR
Expecting value: line 1 column 1 (char 0)
<Response [502]>
pinned
ERROR
Expecting value: line 1 column 1 (char 0)
<Response [502]>
tied up
ERROR
Expecting value: line 1 column 1 (char 0)
<Response [502]>
loose
ERROR
Expecting value: line 1 column 1 (char 0)
<Response [502]>
pulled back
ERROR
Expecting value: line 1 column 1 (char 0)
<Response [502]>
pinned up
ERROR
Expecting value: line 1 column 1 (char 0)
<Response [502]>
cascading
ERROR
Expecting value: line 1 column 1 (char 0)
<Response [502]>
updo
ERROR
Expecting value: line 1 column 1 (char 0)
<Response [502]>
drying
ERROR
Expecting value: line 1 column 1 (char 0)
<Response [502]>
no light
ERROR
Expecting value: line 1 column 1 (char 0)
<Response [502]>
open office
ERROR
Expecting value: line 1 column 1 (char 0)
<Response [502]>
cubicle
ERROR
Expecting value: line 1 column 1 (char 0)
<Response [502]>
private office
ERROR
Expecting value: line 1 column 1 (char 0)
<Response [502]>
government office
ERROR
Expecting value: line 1 column 1 (char 0)
<Response [502]>
startup office
ERROR
Expecting value: line 1 column 1 (char 0)
<Response [502]>
corporate office
ERROR
Expecting value: line 1 column 1 (char 0)
<Response [502]>
home office
ERROR
Expecting value: line 1 column 1 (char 0)
<Response [502]>
conference room
ERROR
Expecting value: line 1 column 1 (char 0)
<Response [502]>
reception area
ERROR
Expecting value: line 1 column 1 (char 0)
<Response [502]>
airplane
ERROR
Expecting value: line 1 column 1 (char 0)
<Response [502]>
drone
ERROR
Expecting value: line 1 column 1 (char 0)
<Response [502]>
adult magazine
ERROR
Expecting value: line 1 column 1 (char 0)
<Response [502]>
children's magazine
ERROR
Expecting value: line 1 column 1 (char 0)
<Response [502]>
lifestyle
ERROR
Expecting value: line 1 column 1 (char 0)
<Response [502]>
india
ERROR
Expecting value: line 1 column 1 (char 0)
<Response [502]>
australian flag
ERROR
Expecting value: line 1 column 1 (char 0)
<Response [502]>
canadian flag
ERROR
Expecting value: line 1 column 1 (char 0)
<Response [502]>
european union
ERROR
Expecting value: line 1 column 1 (char 0)
<Response [502]>
other countries
ERROR
Expecting value: line 1 column 1 (char 0)
<Response [502]>
austria
ERROR
Expecting value: line 1 column 1 (char 0)
<Response [502]>
stars and stripes
ERROR
Expecting value: line 1 column 1 (char 0)
<Response [502]>
arrow
ERROR
Expecting value: line 1 column 1 (char 0)
<Response [502]>
icon
ERROR
Expecting value: line 1 column 1 (char 0)
<Response [502]>
star
ERROR
Expecting value: line 1 column 1 (char 0)
<Response [502]>
heart
ERROR
Expecting value: line 1 column 1 (char 0)
<Response [502]>
moon
ERROR
Expecting value: line 1 column 1 (char 0)
<Response [502]>
at work
ERROR
Expecting value: line 1 column 1 (char 0)
<Response [502]>
at party
ERROR
Expecting value: line 1 column 1 (char 0)
<Response [502]>
at home
ERROR
Expecting value: line 1 column 1 (char 0)
<Response [502]>
phone case sticker
ERROR
Expecting value: line 1 column 1 (char 0)
<Response [502]>
screen protector sticker
ERROR
Expecting value: line 1 column 1 (char 0)
<Response [502]>
smiley face
ERROR
Expecting value: line 1 column 1 (char 0)
<Response [502]>
cartoon character
ERROR
Expecting value: line 1 column 1 (char 0)
<Response [502]>
tech
ERROR
Expecting value: line 1 column 1 (char 0)
<Response [502]>
very long
ERROR
Expecting value: line 1 column 1 (char 0)
<Response [502]>
wire
ERROR
Expecting value: line 1 column 1 (char 0)
<Response [502]>
multiple wires
ERROR
Expecting value: line 1 column 1 (char 0)
<Response [502]>
single wire
ERROR
Expecting value: line 1 column 1 (char 0)
<Response [502]>
on top of pole
ERROR
Expecting value: line 1 column 1 (char 0)
<Response [502]>
between poles
ERROR
Expecting value: line 1 column 1 (char 0)
<Response [502]>
on side of track
ERROR
Expecting value: line 1 column 1 (char 0)
<Response [502]>
power cable
ERROR
Expecting value: line 1 column 1 (char 0)
<Response [502]>
feature phone
ERROR
Expecting value: line 1 column 1 (char 0)
<Response [502]>
high resolution
ERROR
Expecting value: line 1 column 1 (char 0)
<Response [502]>
low resolution
ERROR
Expecting value: line 1 column 1 (char 0)
<Response [502]>
medium resolution
ERROR
Expecting value: line 1 column 1 (char 0)
<Response [502]>
cocktail glass
ERROR
Expecting value: line 1 column 1 (char 0)
<Response [502]>
clear glass
ERROR
Expecting value: line 1 column 1 (char 0)
<Response [502]>
green glass
ERROR
Expecting value: line 1 column 1 (char 0)
<Response [502]>
blue glass
ERROR
Expecting value: line 1 column 1 (char 0)
<Response [502]>
3 glasses
ERROR
Expecting value: line 1 column 1 (char 0)
<Response [502]>
4 glasses
ERROR
Expecting value: line 1 column 1 (char 0)
<Response [502]>
2 glasses
ERROR
Expecting value: line 1 column 1 (char 0)
<Response [502]>
1 glass
ERROR
Expecting value: line 1 column 1 (char 0)
<Response [502]>
red wine
ERROR
Expecting value: line 1 column 1 (char 0)
<Response [502]>
white wine
ERROR
Expecting value: line 1 column 1 (char 0)
<Response [502]>
rosé
ERROR
Expecting value: line 1 column 1 (char 0)
<Response [502]>
one bottle
ERROR
Expecting value: line 1 column 1 (char 0)
<Response [502]>
two bottles
ERROR
Expecting value: line 1 column 1 (char 0)
<Response [502]>
three bottles
ERROR
Expecting value: line 1 column 1 (char 0)
<Response [502]>
young vintage
ERROR
Expecting value: line 1 column 1 (char 0)
<Response [502]>
old vintage
ERROR
Expecting value: line 1 column 1 (char 0)
<Response [502]>
mid-aged vintage
ERROR
Expecting value: line 1 column 1 (char 0)
<Response [502]>
classic label
ERROR
Expecting value: line 1 column 1 (char 0)
<Response [502]>
modern label
ERROR
Expecting value: line 1 column 1 (char 0)
<Response [502]>
eco-friendly label
ERROR
Expecting value: line 1 column 1 (char 0)
<Response [502]>
other label
ERROR
Expecting value: line 1 column 1 (char 0)
<Response [502]>
mature wine
ERROR
Expecting value: line 1 column 1 (char 0)
<Response [502]>
old wine
ERROR
Expecting value: line 1 column 1 (char 0)
<Response [502]>
young wine
ERROR
Expecting value: line 1 column 1 (char 0)
<Response [502]>
mid-aged
ERROR
Expecting value: line 1 column 1 (char 0)
<Response [502]>
italian wine
ERROR
Expecting value: line 1 column 1 (char 0)
<Response [502]>
french wine
ERROR
Expecting value: line 1 column 1 (char 0)
<Response [502]>
spanish wine
ERROR
Expecting value: line 1 column 1 (char 0)
<Response [502]>
rose wine
ERROR
Expecting value: line 1 column 1 (char 0)
<Response [502]>
brand a
ERROR
Expecting value: line 1 column 1 (char 0)
<Response [502]>
brand b
ERROR
Expecting value: line 1 column 1 (char 0)
<Response [502]>
brand c
ERROR
Expecting value: line 1 column 1 (char 0)
<Response [502]>
chateau margaux
ERROR
Expecting value: line 1 column 1 (char 0)
<Response [502]>
chateau lafite rothschild
ERROR
Expecting value: line 1 column 1 (char 0)
<Response [502]>
domaine de la romanée-conti
ERROR
Expecting value: line 1 column 1 (char 0)
<Response [502]>
pinot grigio
ERROR
Expecting value: line 1 column 1 (char 0)
<Response [502]>
$20-$30
ERROR
Expecting value: line 1 column 1 (char 0)
<Response [502]>
$40-$50
ERROR
Expecting value: line 1 column 1 (char 0)
<Response [502]>
$10-$20
ERROR
Expecting value: line 1 column 1 (char 0)
<Response [502]>
$30-$40
ERROR
Expecting value: line 1 column 1 (char 0)
<Response [502]>
less than $10
ERROR
Expecting value: line 1 column 1 (char 0)
<Response [502]>
mixing bowl
ERROR
Expecting value: line 1 column 1 (char 0)
<Response [502]>
kitchen aid
ERROR
Expecting value: line 1 column 1 (char 0)
<Response [502]>
spatula
ERROR
Expecting value: line 1 column 1 (char 0)
<Response [502]>
artistic scissors
ERROR
Expecting value: line 1 column 1 (char 0)
<Response [502]>
cutting scissors
ERROR
Expecting value: line 1 column 1 (char 0)
<Response [502]>
regular scissors
ERROR
Expecting value: line 1 column 1 (char 0)
<Response [502]>
clipper scissors
ERROR
Expecting value: line 1 column 1 (char 0)
<Response [502]>
fancy scissors
ERROR
Expecting value: line 1 column 1 (char 0)
<Response [502]>
pocket
ERROR
Expecting value: line 1 column 1 (char 0)
<Response [502]>
folding
ERROR
Expecting value: line 1 column 1 (char 0)
<Response [502]>
pocket scissors
ERROR
Expecting value: line 1 column 1 (char 0)
<Response [502]>
clippers
ERROR
Expecting value: line 1 column 1 (char 0)
<Response [502]>
folding scissors
ERROR
Expecting value: line 1 column 1 (char 0)
<Response [502]>
egg noodles
ERROR
Expecting value: line 1 column 1 (char 0)
<Response [502]>
grain-based
ERROR
Expecting value: line 1 column 1 (char 0)
<Response [502]>
self-serve
ERROR
Expecting value: line 1 column 1 (char 0)
<Response [502]>
cafeteria-style
ERROR
Expecting value: line 1 column 1 (char 0)
<Response [502]>
3 bananas
ERROR
Expecting value: line 1 column 1 (char 0)
<Response [502]>
2 bananas
ERROR
Expecting value: line 1 column 1 (char 0)
<Response [502]>
other food
ERROR
Expecting value: line 1 column 1 (char 0)
<Response [502]>
straight section
ERROR
Expecting value: line 1 column 1 (char 0)
<Response [502]>
angled
ERROR
Expecting value: line 1 column 1 (char 0)
<Response [502]>
plastic stand
ERROR
Expecting value: line 1 column 1 (char 0)
<Response [502]>
wooden stand
ERROR
Expecting value: line 1 column 1 (char 0)
<Response [502]>
other stand
ERROR
Expecting value: line 1 column 1 (char 0)
<Response [502]>
metal stand
ERROR
Expecting value: line 1 column 1 (char 0)
<Response [502]>
pallet of goods
ERROR
Expecting value: line 1 column 1 (char 0)
<Response [502]>
demon
ERROR
Expecting value: line 1 column 1 (char 0)
<Response [502]>
creature
ERROR
Expecting value: line 1 column 1 (char 0)
<Response [502]>
monster
ERROR
Expecting value: line 1 column 1 (char 0)
<Response [502]>
imperial
ERROR
Expecting value: line 1 column 1 (char 0)
<Response [502]>
metric
ERROR
Expecting value: line 1 column 1 (char 0)
<Response [502]>
paint horse
ERROR
Expecting value: line 1 column 1 (char 0)
<Response [502]>
both feet
ERROR
Expecting value: line 1 column 1 (char 0)
<Response [502]>
left foot
ERROR
Expecting value: line 1 column 1 (char 0)
<Response [502]>
right foot
ERROR
Expecting value: line 1 column 1 (char 0)
<Response [502]>
scuffed
ERROR
Expecting value: line 1 column 1 (char 0)
<Response [502]>
slippers
ERROR
Expecting value: line 1 column 1 (char 0)
<Response [502]>
crooked
ERROR
Expecting value: line 1 column 1 (char 0)
<Response [502]>
mini bar
ERROR
Expecting value: line 1 column 1 (char 0)
<Response [502]>
air conditioning
ERROR
Expecting value: line 1 column 1 (char 0)
<Response [502]>
free wifi
ERROR
Expecting value: line 1 column 1 (char 0)
<Response [502]>
economy
ERROR
Expecting value: line 1 column 1 (char 0)
<Response [502]>
no damage
ERROR
Expecting value: line 1 column 1 (char 0)
<Response [502]>
sconces
ERROR
Expecting value: line 1 column 1 (char 0)
<Response [502]>
chandeliers
ERROR
Expecting value: line 1 column 1 (char 0)
<Response [502]>
mirrors
ERROR
Expecting value: line 1 column 1 (char 0)
<Response [502]>
tomatoes
ERROR
Expecting value: line 1 column 1 (char 0)
<Response [502]>
nut-free
ERROR
Expecting value: line 1 column 1 (char 0)
<Response [502]>
dairy-free
ERROR
Expecting value: line 1 column 1 (char 0)
<Response [502]>
yogurt
ERROR
Expecting value: line 1 column 1 (char 0)
<Response [502]>
faucet
ERROR
Expecting value: line 1 column 1 (char 0)
<Response [502]>
basin
ERROR
Expecting value: line 1 column 1 (char 0)
<Response [502]>
strainer
ERROR
Expecting value: line 1 column 1 (char 0)
<Response [502]>
single sink
ERROR
Expecting value: line 1 column 1 (char 0)
<Response [502]>
double sink
ERROR
Expecting value: line 1 column 1 (char 0)
<Response [502]>
single vanity
ERROR
Expecting value: line 1 column 1 (char 0)
<Response [502]>
bathtub
ERROR
Expecting value: line 1 column 1 (char 0)
<Response [502]>
double vanity
ERROR
Expecting value: line 1 column 1 (char 0)
<Response [502]>
handicap
ERROR
Expecting value: line 1 column 1 (char 0)
<Response [502]>
vanity
ERROR
Expecting value: line 1 column 1 (char 0)
<Response [502]>
open shelving
ERROR
Expecting value: line 1 column 1 (char 0)
<Response [502]>
display
ERROR
Expecting value: line 1 column 1 (char 0)
<Response [502]>
serving food
ERROR
Expecting value: line 1 column 1 (char 0)
<Response [502]>
serving coffee
ERROR
Expecting value: line 1 column 1 (char 0)
<Response [502]>
serving tea
ERROR
Expecting value: line 1 column 1 (char 0)
<Response [502]>
cities
ERROR
Expecting value: line 1 column 1 (char 0)
<Response [502]>
valleys
ERROR
Expecting value: line 1 column 1 (char 0)
<Response [502]>
tiled floor
ERROR
Expecting value: line 1 column 1 (char 0)
<Response [502]>
carpeted floor
ERROR
Expecting value: line 1 column 1 (char 0)
<Response [502]>
hardwood
ERROR
Expecting value: line 1 column 1 (char 0)
<Response [502]>
obstructed
ERROR
Expecting value: line 1 column 1 (char 0)
<Response [502]>
synthetic seats
ERROR
Expecting value: line 1 column 1 (char 0)
<Response [502]>
leather seats
ERROR
Expecting value: line 1 column 1 (char 0)
<Response [502]>
other interior feature
ERROR
Expecting value: line 1 column 1 (char 0)
<Response [502]>
woven basket
ERROR
Expecting value: line 1 column 1 (char 0)
<Response [502]>
plastic basket
ERROR
Expecting value: line 1 column 1 (char 0)
<Response [502]>
metal basket
ERROR
Expecting value: line 1 column 1 (char 0)
<Response [502]>
wicker basket
ERROR
Expecting value: line 1 column 1 (char 0)
<Response [502]>
vegetable basket
ERROR
Expecting value: line 1 column 1 (char 0)
<Response [502]>
fruit basket
ERROR
Expecting value: line 1 column 1 (char 0)
<Response [502]>
shoeless
ERROR
Expecting value: line 1 column 1 (char 0)
<Response [502]>
stocking
ERROR
Expecting value: line 1 column 1 (char 0)
<Response [502]>
sock
ERROR
Expecting value: line 1 column 1 (char 0)
<Response [502]>
small fountain
ERROR
Expecting value: line 1 column 1 (char 0)
<Response [502]>
fountain with statue
ERROR
Expecting value: line 1 column 1 (char 0)
<Response [502]>
large fountain
ERROR
Expecting value: line 1 column 1 (char 0)
<Response [502]>
caramel
ERROR
Expecting value: line 1 column 1 (char 0)
<Response [502]>
single crate
ERROR
Expecting value: line 1 column 1 (char 0)
<Response [502]>
multiple crates
ERROR
Expecting value: line 1 column 1 (char 0)
<Response [502]>
low cost
ERROR
Expecting value: line 1 column 1 (char 0)
<Response [502]>
high cost
ERROR
Expecting value: line 1 column 1 (char 0)
<Response [502]>
medium cost
ERROR
Expecting value: line 1 column 1 (char 0)
<Response [502]>
$1-$5
ERROR
Expecting value: line 1 column 1 (char 0)
<Response [502]>
$20+
ERROR
Expecting value: line 1 column 1 (char 0)
<Response [502]>
less than $1
ERROR
Expecting value: line 1 column 1 (char 0)
<Response [502]>
$5-$10
ERROR
Expecting value: line 1 column 1 (char 0)
<Response [502]>
over 4 hours
ERROR
Expecting value: line 1 column 1 (char 0)
<Response [502]>
in lot
ERROR
Expecting value: line 1 column 1 (char 0)
<Response [502]>
in garage
ERROR
Expecting value: line 1 column 1 (char 0)
<Response [502]>
street parking
ERROR
Expecting value: line 1 column 1 (char 0)
<Response [502]>
city parking lot
ERROR
Expecting value: line 1 column 1 (char 0)
<Response [502]>
ticket-based
ERROR
Expecting value: line 1 column 1 (char 0)
<Response [502]>
coin-operated
ERROR
Expecting value: line 1 column 1 (char 0)
<Response [502]>
tandem canoe
ERROR
Expecting value: line 1 column 1 (char 0)
<Response [502]>
solo canoe
ERROR
Expecting value: line 1 column 1 (char 0)
<Response [502]>
smal
ERROR
Expecting value: line 1 column 1 (char 0)
<Response [502]>
sport canoe
ERROR
Expecting value: line 1 column 1 (char 0)
<Response [502]>
whitewater canoe
ERROR
Expecting value: line 1 column 1 (char 0)
<Response [502]>
touring canoe
ERROR
Expecting value: line 1 column 1 (char 0)
<Response [502]>
double person
ERROR
Expecting value: line 1 column 1 (char 0)
<Response [502]>
pots
ERROR
Expecting value: line 1 column 1 (char 0)
<Response [502]>
ovens
ERROR
Expecting value: line 1 column 1 (char 0)
<Response [502]>
pans
ERROR
Expecting value: line 1 column 1 (char 0)
<Response [502]>
stovetops
ERROR
Expecting value: line 1 column 1 (char 0)
<Response [502]>
commercial kitchen
ERROR
Expecting value: line 1 column 1 (char 0)
<Response [502]>
police station
ERROR
Expecting value: line 1 column 1 (char 0)
<Response [502]>
barbie
ERROR
Expecting value: line 1 column 1 (char 0)
<Response [502]>
american girl
ERROR
Expecting value: line 1 column 1 (char 0)
<Response [502]>
baby doll
ERROR
Expecting value: line 1 column 1 (char 0)
<Response [502]>
collectible doll
ERROR
Expecting value: line 1 column 1 (char 0)
<Response [502]>
porcelain doll
ERROR
Expecting value: line 1 column 1 (char 0)
<Response [502]>
barbie doll
ERROR
Expecting value: line 1 column 1 (char 0)
<Response [502]>
american girl doll
ERROR
Expecting value: line 1 column 1 (char 0)
<Response [502]>
other doll
ERROR
Expecting value: line 1 column 1 (char 0)
<Response [502]>
mismatched
ERROR
Expecting value: line 1 column 1 (char 0)
<Response [502]>
hexagons
ERROR
Expecting value: line 1 column 1 (char 0)
<Response [502]>
polka dots
ERROR
Expecting value: line 1 column 1 (char 0)
<Response [502]>
mosaic
ERROR
Expecting value: line 1 column 1 (char 0)
<Response [502]>
street-side
ERROR
Expecting value: line 1 column 1 (char 0)
<Response [502]>
mno bike
ERROR
Expecting value: line 1 column 1 (char 0)
<Response [502]>
abc bike
ERROR
Expecting value: line 1 column 1 (char 0)
<Response [502]>
xyz bike
ERROR
Expecting value: line 1 column 1 (char 0)
<Response [502]>
black and orange
ERROR
Expecting value: line 1 column 1 (char 0)
<Response [502]>
military jet
ERROR
Expecting value: line 1 column 1 (char 0)
<Response [502]>
gasoline
ERROR
Expecting value: line 1 column 1 (char 0)
<Response [502]>
diesel
ERROR
Expecting value: line 1 column 1 (char 0)
<Response [502]>
black tar
ERROR
Expecting value: line 1 column 1 (char 0)
<Response [502]>
terminal 2
ERROR
Expecting value: line 1 column 1 (char 0)
<Response [502]>
terminal 3
ERROR
Expecting value: line 1 column 1 (char 0)
<Response [502]>
terminal 1
ERROR
Expecting value: line 1 column 1 (char 0)
<Response [502]>
icy runway
ERROR
Expecting value: line 1 column 1 (char 0)
<Response [502]>
between
ERROR
Expecting value: line 1 column 1 (char 0)
<Response [502]>
closet door
ERROR
Expecting value: line 1 column 1 (char 0)
<Response [502]>
back door
ERROR
Expecting value: line 1 column 1 (char 0)
<Response [502]>
front door
ERROR
Expecting value: line 1 column 1 (char 0)
<Response [502]>
bathroom door
ERROR
Expecting value: line 1 column 1 (char 0)
<Response [502]>
cool white
ERROR
Expecting value: line 1 column 1 (char 0)
<Response [502]>
warm white
ERROR
Expecting value: line 1 column 1 (char 0)
<Response [502]>
supermoto
ERROR
Expecting value: line 1 column 1 (char 0)
<Response [502]>
ergonomic
ERROR
Expecting value: line 1 column 1 (char 0)
<Response [502]>
laptop keyboard
ERROR
Expecting value: line 1 column 1 (char 0)
<Response [502]>
gaming keyboard
ERROR
Expecting value: line 1 column 1 (char 0)
<Response [502]>
desktop keyboard
ERROR
Expecting value: line 1 column 1 (char 0)
<Response [502]>
apple keyboard
ERROR
Expecting value: line 1 column 1 (char 0)
<Response [502]>
dell keyboard
ERROR
Expecting value: line 1 column 1 (char 0)
<Response [502]>
logitech keyboard
ERROR
Expecting value: line 1 column 1 (char 0)
<Response [502]>
button
ERROR
Expecting value: line 1 column 1 (char 0)
<Response [502]>
key
ERROR
Expecting value: line 1 column 1 (char 0)
<Response [502]>
typing
ERROR
Expecting value: line 1 column 1 (char 0)
<Response [502]>
clicking
ERROR
Expecting value: line 1 column 1 (char 0)
<Response [502]>
sparse
ERROR
Expecting value: line 1 column 1 (char 0)
<Response [502]>
dense
ERROR
Expecting value: line 1 column 1 (char 0)
<Response [502]>
tropical
ERROR
Expecting value: line 1 column 1 (char 0)
<Response [502]>
temperate
ERROR
Expecting value: line 1 column 1 (char 0)
<Response [502]>
boreal
ERROR
Expecting value: line 1 column 1 (char 0)
<Response [502]>
temperate forest
ERROR
Expecting value: line 1 column 1 (char 0)
<Response [502]>
tropical forest
ERROR
Expecting value: line 1 column 1 (char 0)
<Response [502]>
desert forest
ERROR
Expecting value: line 1 column 1 (char 0)
<Response [502]>
off the roadway
ERROR
Expecting value: line 1 column 1 (char 0)
<Response [502]>
on the roadway
ERROR
Expecting value: line 1 column 1 (char 0)
<Response [502]>
vandalism
ERROR
Expecting value: line 1 column 1 (char 0)
<Response [502]>
natural disaster
ERROR
Expecting value: line 1 column 1 (char 0)
<Response [502]>
chiming
ERROR
Expecting value: line 1 column 1 (char 0)
<Response [502]>
ticking
ERROR
Expecting value: line 1 column 1 (char 0)
<Response [502]>
average height
ERROR
Expecting value: line 1 column 1 (char 0)
<Response [502]>
hanging out
ERROR
Expecting value: line 1 column 1 (char 0)
<Response [502]>
looking around
ERROR
Expecting value: line 1 column 1 (char 0)
<Response [502]>
scarce
ERROR
Expecting value: line 1 column 1 (char 0)
<Response [502]>
reheated
ERROR
Expecting value: line 1 column 1 (char 0)
<Response [502]>
wraps
ERROR
Expecting value: line 1 column 1 (char 0)
<Response [502]>
sandwiches
ERROR
Expecting value: line 1 column 1 (char 0)
<Response [502]>
form
ERROR
Expecting value: line 1 column 1 (char 0)
<Response [502]>
nearby
ERROR
Expecting value: line 1 column 1 (char 0)
<Response [502]>
leisure
ERROR
Expecting value: line 1 column 1 (char 0)
<Response [502]>
competitive
ERROR
Expecting value: line 1 column 1 (char 0)
<Response [502]>
boa constrictor
ERROR
Expecting value: line 1 column 1 (char 0)
<Response [502]>
rattlesnake
ERROR
Expecting value: line 1 column 1 (char 0)
<Response [502]>
coral snake
ERROR
Expecting value: line 1 column 1 (char 0)
<Response [502]>
python
ERROR
Expecting value: line 1 column 1 (char 0)
<Response [502]>
basic bikes
ERROR
Expecting value: line 1 column 1 (char 0)
<Response [502]>
mid-range bikes
ERROR
Expecting value: line 1 column 1 (char 0)
<Response [502]>
high-end bikes
ERROR
Expecting value: line 1 column 1 (char 0)
<Response [502]>
1940s
ERROR
Expecting value: line 1 column 1 (char 0)
<Response [502]>
2010s
ERROR
Expecting value: line 1 column 1 (char 0)
<Response [502]>
2020s
ERROR
Expecting value: line 1 column 1 (char 0)
<Response [502]>
21st century
ERROR
Expecting value: line 1 column 1 (char 0)
<Response [502]>
20th century
ERROR
Expecting value: line 1 column 1 (char 0)
<Response [502]>
19th century
ERROR
Expecting value: line 1 column 1 (char 0)
<Response [502]>
light cloud coverage
ERROR
Expecting value: line 1 column 1 (char 0)
<Response [502]>
medium cloud coverage
ERROR
Expecting value: line 1 column 1 (char 0)
<Response [502]>
heavy cloud coverage
ERROR
Expecting value: line 1 column 1 (char 0)
<Response [502]>
cirrus
ERROR
Expecting value: line 1 column 1 (char 0)
<Response [502]>
stratus
ERROR
Expecting value: line 1 column 1 (char 0)
<Response [502]>
cumulus
ERROR
Expecting value: line 1 column 1 (char 0)
<Response [502]>
stubble
ERROR
Expecting value: line 1 column 1 (char 0)
<Response [502]>
full beard
ERROR
Expecting value: line 1 column 1 (char 0)
<Response [502]>
masonry
ERROR
Expecting value: line 1 column 1 (char 0)
<Response [502]>
fireplace insert
ERROR
Expecting value: line 1 column 1 (char 0)
<Response [502]>
faux
ERROR
Expecting value: line 1 column 1 (char 0)
<Response [502]>
real
ERROR
Expecting value: line 1 column 1 (char 0)
<Response [502]>
playstation
ERROR
Expecting value: line 1 column 1 (char 0)
<Response [502]>
nintendo
ERROR
Expecting value: line 1 column 1 (char 0)
<Response [502]>
xbox
ERROR
Expecting value: line 1 column 1 (char 0)
<Response [502]>
nintendo switch
ERROR
Expecting value: line 1 column 1 (char 0)
<Response [502]>
hindu
ERROR
Expecting value: line 1 column 1 (char 0)
<Response [502]>
shinto
ERROR
Expecting value: line 1 column 1 (char 0)
<Response [502]>
partly visible
ERROR
Expecting value: line 1 column 1 (char 0)
<Response [502]>
kitchen closet
ERROR
Expecting value: line 1 column 1 (char 0)
<Response [502]>
bathroom closet
ERROR
Expecting value: line 1 column 1 (char 0)
<Response [502]>
business owner
ERROR
Expecting value: line 1 column 1 (char 0)
<Response [502]>
artisan
ERROR
Expecting value: line 1 column 1 (char 0)
<Response [502]>
sleeping bag
ERROR
Expecting value: line 1 column 1 (char 0)
<Response [502]>
cooler
ERROR
Expecting value: line 1 column 1 (char 0)
<Response [502]>
emergency ladder
ERROR
Expecting value: line 1 column 1 (char 0)
<Response [502]>
access ladder
ERROR
Expecting value: line 1 column 1 (char 0)
<Response [502]>
maintenance ladder
ERROR
Expecting value: line 1 column 1 (char 0)
<Response [502]>
cabin crew
ERROR
Expecting value: line 1 column 1 (char 0)
<Response [502]>
flight deck crew
ERROR
Expecting value: line 1 column 1 (char 0)
<Response [502]>
dirt jumping
ERROR
Expecting value: line 1 column 1 (char 0)
<Response [502]>
memory foam pillow
ERROR
Expecting value: line 1 column 1 (char 0)
<Response [502]>
built-in pillow
ERROR
Expecting value: line 1 column 1 (char 0)
<Response [502]>
memory foam
ERROR
Expecting value: line 1 column 1 (char 0)
<Response [502]>
firm
ERROR
Expecting value: line 1 column 1 (char 0)
<Response [502]>
multiple pillows
ERROR
Expecting value: line 1 column 1 (char 0)
<Response [502]>
single pillow
ERROR
Expecting value: line 1 column 1 (char 0)
<Response [502]>
water-breathing
ERROR
Expecting value: line 1 column 1 (char 0)
<Response [502]>
air-breathing
ERROR
Expecting value: line 1 column 1 (char 0)
<Response [502]>
earth-breathing
ERROR
Expecting value: line 1 column 1 (char 0)
<Response [502]>
fire-breathing
ERROR
Expecting value: line 1 column 1 (char 0)
<Response [502]>
far distance
ERROR
Expecting value: line 1 column 1 (char 0)
<Response [502]>
short buildings
ERROR
Expecting value: line 1 column 1 (char 0)
<Response [502]>
tall buildings
ERROR
Expecting value: line 1 column 1 (char 0)
<Response [502]>
no buildings
ERROR
Expecting value: line 1 column 1 (char 0)
<Response [502]>
buses
ERROR
Expecting value: line 1 column 1 (char 0)
<Response [502]>
cars
ERROR
Expecting value: line 1 column 1 (char 0)
<Response [502]>
no vehicles
ERROR
Expecting value: line 1 column 1 (char 0)
<Response [502]>
some trees
ERROR
Expecting value: line 1 column 1 (char 0)
<Response [502]>
lots of trees
ERROR
Expecting value: line 1 column 1 (char 0)
<Response [502]>
reconnaissance
ERROR
Expecting value: line 1 column 1 (char 0)
<Response [502]>
humanitarian
ERROR
Expecting value: line 1 column 1 (char 0)
<Response [502]>
combat
ERROR
Expecting value: line 1 column 1 (char 0)
<Response [502]>
extrasize
ERROR
Expecting value: line 1 column 1 (char 0)
<Response [502]>
open-top
ERROR
Expecting value: line 1 column 1 (char 0)
<Response [502]>
enclosed
ERROR
Expecting value: line 1 column 1 (char 0)
<Response [502]>
angora
ERROR
Expecting value: line 1 column 1 (char 0)
<Response [502]>
interchange
ERROR
Expecting value: line 1 column 1 (char 0)
<Response [502]>
city skyline
ERROR
Expecting value: line 1 column 1 (char 0)
<Response [502]>
business train
ERROR
Expecting value: line 1 column 1 (char 0)
<Response [502]>
functionality
ERROR
Expecting value: line 1 column 1 (char 0)
<Response [502]>
accessibility
ERROR
Expecting value: line 1 column 1 (char 0)
<Response [502]>
light bulb
ERROR
Expecting value: line 1 column 1 (char 0)
<Response [502]>
wiring
ERROR
Expecting value: line 1 column 1 (char 0)
<Response [502]>
instructor
ERROR
Expecting value: line 1 column 1 (char 0)
<Response [502]>
trainee
ERROR
Expecting value: line 1 column 1 (char 0)
<Response [502]>
oil palm
ERROR
Expecting value: line 1 column 1 (char 0)
<Response [502]>
slender
ERROR
Expecting value: line 1 column 1 (char 0)
<Response [502]>
light snowfall
ERROR
Expecting value: line 1 column 1 (char 0)
<Response [502]>
heavy snowfall
ERROR
Expecting value: line 1 column 1 (char 0)
<Response [502]>
moderate snowfall
ERROR
Expecting value: line 1 column 1 (char 0)
<Response [502]>
gate 21-30
ERROR
Expecting value: line 1 column 1 (char 0)
<Response [502]>
gate 11-20
ERROR
Expecting value: line 1 column 1 (char 0)
<Response [502]>
gate 1-10
ERROR
Expecting value: line 1 column 1 (char 0)
<Response [502]>
gate 31-40
ERROR
Expecting value: line 1 column 1 (char 0)
<Response [502]>
gate 2
ERROR
Expecting value: line 1 column 1 (char 0)
<Response [502]>
gate 1
ERROR
Expecting value: line 1 column 1 (char 0)
<Response [502]>
gate 3
ERROR
Expecting value: line 1 column 1 (char 0)
<Response [502]>
side gate
ERROR
Expecting value: line 1 column 1 (char 0)
<Response [502]>
front gate
ERROR
Expecting value: line 1 column 1 (char 0)
<Response [502]>
back gate
ERROR
Expecting value: line 1 column 1 (char 0)
<Response [502]>
bag screening
ERROR
Expecting value: line 1 column 1 (char 0)
<Response [502]>
security checkpoints
ERROR
Expecting value: line 1 column 1 (char 0)
<Response [502]>
passenger screening
ERROR
Expecting value: line 1 column 1 (char 0)
<Response [502]>
bombardier
ERROR
Expecting value: line 1 column 1 (char 0)
<Response [502]>
alstom
ERROR
Expecting value: line 1 column 1 (char 0)
<Response [502]>
siemens
ERROR
Expecting value: line 1 column 1 (char 0)
<Response [502]>
electric engine
ERROR
Expecting value: line 1 column 1 (char 0)
<Response [502]>
diesel engine
ERROR
Expecting value: line 1 column 1 (char 0)
<Response [502]>
steam engine
ERROR
Expecting value: line 1 column 1 (char 0)
<Response [502]>
v4
ERROR
Expecting value: line 1 column 1 (char 0)
<Response [502]>
v8
ERROR
Expecting value: line 1 column 1 (char 0)
<Response [502]>
v6
ERROR
Expecting value: line 1 column 1 (char 0)
<Response [502]>
turbine engine
ERROR
Expecting value: line 1 column 1 (char 0)
<Response [502]>
piston engine
ERROR
Expecting value: line 1 column 1 (char 0)
<Response [502]>
regular broom
ERROR
Expecting value: line 1 column 1 (char 0)
<Response [502]>
broom with extension handle
ERROR
Expecting value: line 1 column 1 (char 0)
<Response [502]>
dustpan broom
ERROR
Expecting value: line 1 column 1 (char 0)
<Response [502]>
mid-level
ERROR
Expecting value: line 1 column 1 (char 0)
<Response [502]>
rake
ERROR
Expecting value: line 1 column 1 (char 0)
<Response [502]>
comb
ERROR
Expecting value: line 1 column 1 (char 0)
<Response [502]>
shears
ERROR
Expecting value: line 1 column 1 (char 0)
<Response [502]>
motorized plow
ERROR
Expecting value: line 1 column 1 (char 0)
<Response [502]>
walking plow
ERROR
Expecting value: line 1 column 1 (char 0)
<Response [502]>
shopping mall
ERROR
Expecting value: line 1 column 1 (char 0)
<Response [502]>
service
ERROR
Expecting value: line 1 column 1 (char 0)
<Response [502]>
retail
ERROR
Expecting value: line 1 column 1 (char 0)
<Response [502]>
feed barn
ERROR
Expecting value: line 1 column 1 (char 0)
<Response [502]>
farm supply store
ERROR
Expecting value: line 1 column 1 (char 0)
<Response [502]>
other leaf
ERROR
Expecting value: line 1 column 1 (char 0)
<Response [502]>
small leaf
ERROR
Expecting value: line 1 column 1 (char 0)
<Response [502]>
large leaf
ERROR
Expecting value: line 1 column 1 (char 0)
<Response [502]>
macaw
ERROR
Expecting value: line 1 column 1 (char 0)
<Response [502]>
cockatoo
ERROR
Expecting value: line 1 column 1 (char 0)
<Response [502]>
amazon
ERROR
Expecting value: line 1 column 1 (char 0)
<Response [502]>
multicolored parrot
ERROR
Expecting value: line 1 column 1 (char 0)
<Response [502]>
other parrot species
ERROR
Expecting value: line 1 column 1 (char 0)
<Response [502]>
stadium
ERROR
Expecting value: line 1 column 1 (char 0)
<Response [502]>
large print
ERROR
Expecting value: line 1 column 1 (char 0)
<Response [502]>
roped off area
ERROR
Expecting value: line 1 column 1 (char 0)
<Response [502]>
half wet suit
ERROR
Expecting value: line 1 column 1 (char 0)
<Response [502]>
full wet suit
ERROR
Expecting value: line 1 column 1 (char 0)
<Response [502]>
no wet suit
ERROR
Expecting value: line 1 column 1 (char 0)
<Response [502]>
double layer
ERROR
Expecting value: line 1 column 1 (char 0)
<Response [502]>
triple layer
ERROR
Expecting value: line 1 column 1 (char 0)
<Response [502]>
single layer
ERROR
Expecting value: line 1 column 1 (char 0)
<Response [502]>
quotes
ERROR
Expecting value: line 1 column 1 (char 0)
<Response [502]>
mid-range motel
ERROR
Expecting value: line 1 column 1 (char 0)
<Response [502]>
luxury motel
ERROR
Expecting value: line 1 column 1 (char 0)
<Response [502]>
budget motel
ERROR
Expecting value: line 1 column 1 (char 0)
<Response [502]>
wait
ERROR
Expecting value: line 1 column 1 (char 0)
<Response [502]>
watching animal
ERROR
Expecting value: line 1 column 1 (char 0)
<Response [502]>
offering food
ERROR
Expecting value: line 1 column 1 (char 0)
<Response [502]>
taking photo
ERROR
Expecting value: line 1 column 1 (char 0)
<Response [502]>
plastic tabletop
ERROR
Expecting value: line 1 column 1 (char 0)
<Response [502]>
glass tabletop
ERROR
Expecting value: line 1 column 1 (char 0)
<Response [502]>
wooden tabletop
ERROR
Expecting value: line 1 column 1 (char 0)
<Response [502]>
smooth surface
ERROR
Expecting value: line 1 column 1 (char 0)
<Response [502]>
grooved surface
ERROR
Expecting value: line 1 column 1 (char 0)
<Response [502]>
rugged surface
ERROR
Expecting value: line 1 column 1 (char 0)
<Response [502]>
third class
ERROR
Expecting value: line 1 column 1 (char 0)
<Response [502]>
second class
ERROR
Expecting value: line 1 column 1 (char 0)
<Response [502]>
culvert
ERROR
Expecting value: line 1 column 1 (char 0)
<Response [502]>
mixed media
ERROR
Expecting value: line 1 column 1 (char 0)
<Response [502]>
sculpture of animal
ERROR
Expecting value: line 1 column 1 (char 0)
<Response [502]>
small sculpture
ERROR
Expecting value: line 1 column 1 (char 0)
<Response [502]>
large sculpture
ERROR
Expecting value: line 1 column 1 (char 0)
<Response [502]>
private space
ERROR
Expecting value: line 1 column 1 (char 0)
<Response [502]>
pre-1950
ERROR
Expecting value: line 1 column 1 (char 0)
<Response [502]>
1950-1999
ERROR
Expecting value: line 1 column 1 (char 0)
<Response [502]>
2000-present
ERROR
Expecting value: line 1 column 1 (char 0)
<Response [502]>
multi-track
ERROR
Expecting value: line 1 column 1 (char 0)
<Response [502]>
park avenue
ERROR
Expecting value: line 1 column 1 (char 0)
<Response [502]>
named street
ERROR
Expecting value: line 1 column 1 (char 0)
<Response [502]>
numbered street
ERROR
Expecting value: line 1 column 1 (char 0)
<Response [502]>
unnamed street
ERROR
Expecting value: line 1 column 1 (char 0)
<Response [502]>
logs
ERROR
Expecting value: line 1 column 1 (char 0)
<Response [502]>
log
ERROR
Expecting value: line 1 column 1 (char 0)
<Response [502]>
wooden plank
ERROR
Expecting value: line 1 column 1 (char 0)
<Response [502]>
splinter
ERROR
Expecting value: line 1 column 1 (char 0)
<Response [502]>
planted
ERROR
Expecting value: line 1 column 1 (char 0)
<Response [502]>
unplanted
ERROR
Expecting value: line 1 column 1 (char 0)
<Response [502]>
manhole cover
ERROR
Expecting value: line 1 column 1 (char 0)
<Response [502]>
street grate
ERROR
Expecting value: line 1 column 1 (char 0)
<Response [502]>
drain grate
ERROR
Expecting value: line 1 column 1 (char 0)
<Response [502]>
empty spaces
ERROR
Expecting value: line 1 column 1 (char 0)
<Response [502]>
separate lot
ERROR
Expecting value: line 1 column 1 (char 0)
<Response [502]>
side of building
ERROR
Expecting value: line 1 column 1 (char 0)
<Response [502]>
brown hawk
ERROR
Expecting value: line 1 column 1 (char 0)
<Response [502]>
white hawk
ERROR
Expecting value: line 1 column 1 (char 0)
<Response [502]>
human is watching
ERROR
Expecting value: line 1 column 1 (char 0)
<Response [502]>
human is feeding
ERROR
Expecting value: line 1 column 1 (char 0)
<Response [502]>
human is petting
ERROR
Expecting value: line 1 column 1 (char 0)
<Response [502]>
minimal rust
ERROR
Expecting value: line 1 column 1 (char 0)
<Response [502]>
moderate rust
ERROR
Expecting value: line 1 column 1 (char 0)
<Response [502]>
severe rust
ERROR
Expecting value: line 1 column 1 (char 0)
<Response [502]>
long bridge
ERROR
Expecting value: line 1 column 1 (char 0)
<Response [502]>
short bridge
ERROR
Expecting value: line 1 column 1 (char 0)
<Response [502]>
medium bridge
ERROR
Expecting value: line 1 column 1 (char 0)
<Response [502]>
concrete bridge
ERROR
Expecting value: line 1 column 1 (char 0)
<Response [502]>
steel bridge
ERROR
Expecting value: line 1 column 1 (char 0)
<Response [502]>
mixed material bridge
ERROR
Expecting value: line 1 column 1 (char 0)
<Response [502]>
canary
ERROR
Expecting value: line 1 column 1 (char 0)
<Response [502]>
tribal
ERROR
Expecting value: line 1 column 1 (char 0)
<Response [502]>
far apart
ERROR
Expecting value: line 1 column 1 (char 0)
<Response [502]>
close together
ERROR
Expecting value: line 1 column 1 (char 0)
<Response [502]>
flat-weave
ERROR
Expecting value: line 1 column 1 (char 0)
<Response [502]>
glitter
ERROR
Expecting value: line 1 column 1 (char 0)
<Response [502]>
main track
ERROR
Expecting value: line 1 column 1 (char 0)
<Response [502]>
materials
ERROR
Expecting value: line 1 column 1 (char 0)
<Response [502]>
goods
ERROR
Expecting value: line 1 column 1 (char 0)
<Response [502]>
heavy equipment
ERROR
Expecting value: line 1 column 1 (char 0)
<Response [502]>
people
ERROR
Expecting value: line 1 column 1 (char 0)
<Response [502]>
fedex
ERROR
Expecting value: line 1 column 1 (char 0)
<Response [502]>
ups
ERROR
Expecting value: line 1 column 1 (char 0)
<Response [502]>
fragile items
ERROR
Expecting value: line 1 column 1 (char 0)
<Response [502]>
mother's milk
ERROR
Expecting value: line 1 column 1 (char 0)
<Response [502]>
baby bottle
ERROR
Expecting value: line 1 column 1 (char 0)
<Response [502]>
toddler bottle
ERROR
Expecting value: line 1 column 1 (char 0)
<Response [502]>
adult bottle
ERROR
Expecting value: line 1 column 1 (char 0)
<Response [502]>
liquor bottle
ERROR
Expecting value: line 1 column 1 (char 0)
<Response [502]>
soda bottle
ERROR
Expecting value: line 1 column 1 (char 0)
<Response [502]>
beer bottle
ERROR
Expecting value: line 1 column 1 (char 0)
<Response [502]>
fluid
ERROR
Expecting value: line 1 column 1 (char 0)
<Response [502]>
one sign
ERROR
Expecting value: line 1 column 1 (char 0)
<Response [502]>
other number of signs
ERROR
Expecting value: line 1 column 1 (char 0)
<Response [502]>
two signs
ERROR
Expecting value: line 1 column 1 (char 0)
<Response [502]>
pictograms
ERROR
Expecting value: line 1 column 1 (char 0)
<Response [502]>
arrows
ERROR
Expecting value: line 1 column 1 (char 0)
<Response [502]>
young kitten
ERROR
Expecting value: line 1 column 1 (char 0)
<Response [502]>
adult kitten
ERROR
Expecting value: line 1 column 1 (char 0)
<Response [502]>
portable grill
ERROR
Expecting value: line 1 column 1 (char 0)
<Response [502]>
charcoal grill
ERROR
Expecting value: line 1 column 1 (char 0)
<Response [502]>
gas grill
ERROR
Expecting value: line 1 column 1 (char 0)
<Response [502]>
aviary
ERROR
Expecting value: line 1 column 1 (char 0)
<Response [502]>
truck camper
ERROR
Expecting value: line 1 column 1 (char 0)
<Response [502]>
pop-up camper
ERROR
Expecting value: line 1 column 1 (char 0)
<Response [502]>
travel trailer
ERROR
Expecting value: line 1 column 1 (char 0)
<Response [502]>
civilian clothing
ERROR
Expecting value: line 1 column 1 (char 0)
<Response [502]>
casual uniform
ERROR
Expecting value: line 1 column 1 (char 0)
<Response [502]>
standard uniform
ERROR
Expecting value: line 1 column 1 (char 0)
<Response [502]>
tactical uniform
ERROR
Expecting value: line 1 column 1 (char 0)
<Response [502]>
tuna
ERROR
Expecting value: line 1 column 1 (char 0)
<Response [502]>
swordfish
ERROR
Expecting value: line 1 column 1 (char 0)
<Response [502]>
salmon
ERROR
Expecting value: line 1 column 1 (char 0)
<Response [502]>
wild fish
ERROR
Expecting value: line 1 column 1 (char 0)
<Response [502]>
saltwater fish
ERROR
Expecting value: line 1 column 1 (char 0)
<Response [502]>
farmed fish
ERROR
Expecting value: line 1 column 1 (char 0)
<Response [502]>
freshwater fish
ERROR
Expecting value: line 1 column 1 (char 0)
<Response [502]>
bass
ERROR
Expecting value: line 1 column 1 (char 0)
<Response [502]>
trout
ERROR
Expecting value: line 1 column 1 (char 0)
<Response [502]>
angelfish
ERROR
Expecting value: line 1 column 1 (char 0)
<Response [502]>
clownfish
ERROR
Expecting value: line 1 column 1 (char 0)
<Response [502]>
tropical fish
ERROR
Expecting value: line 1 column 1 (char 0)
<Response [502]>
pike
ERROR
Expecting value: line 1 column 1 (char 0)
<Response [502]>
yield
ERROR
Expecting value: line 1 column 1 (char 0)
<Response [502]>
green field
ERROR
Expecting value: line 1 column 1 (char 0)
<Response [502]>
temporary shelter
ERROR
Expecting value: line 1 column 1 (char 0)
<Response [502]>
breeding area
ERROR
Expecting value: line 1 column 1 (char 0)
<Response [502]>
permanent home
ERROR
Expecting value: line 1 column 1 (char 0)
<Response [502]>
leghorn
ERROR
Expecting value: line 1 column 1 (char 0)
<Response [502]>
plymouth rock
ERROR
Expecting value: line 1 column 1 (char 0)
<Response [502]>
rhode island red
ERROR
Expecting value: line 1 column 1 (char 0)
<Response [502]>
dices
ERROR
Expecting value: line 1 column 1 (char 0)
<Response [502]>
on construction site
ERROR
Expecting value: line 1 column 1 (char 0)
<Response [502]>
self-storage
ERROR
Expecting value: line 1 column 1 (char 0)
<Response [502]>
mini-warehouse
ERROR
Expecting value: line 1 column 1 (char 0)
<Response [502]>
large warehouse
ERROR
Expecting value: line 1 column 1 (char 0)
<Response [502]>
cold war
ERROR
Expecting value: line 1 column 1 (char 0)
<Response [502]>
other wars
ERROR
Expecting value: line 1 column 1 (char 0)
<Response [502]>
war on terror
ERROR
Expecting value: line 1 column 1 (char 0)
<Response [502]>
utility company
ERROR
Expecting value: line 1 column 1 (char 0)
<Response [502]>
power plant
ERROR
Expecting value: line 1 column 1 (char 0)
<Response [502]>
deflated
ERROR
Expecting value: line 1 column 1 (char 0)
<Response [502]>
plastic carrier
ERROR
Expecting value: line 1 column 1 (char 0)
<Response [502]>
other carrier
ERROR
Expecting value: line 1 column 1 (char 0)
<Response [502]>
metal carrier
ERROR
Expecting value: line 1 column 1 (char 0)
<Response [502]>
metal tower
ERROR
Expecting value: line 1 column 1 (char 0)
<Response [502]>
wooden tower
ERROR
Expecting value: line 1 column 1 (char 0)
<Response [502]>
abandoned
ERROR
Expecting value: line 1 column 1 (char 0)
<Response [502]>
short tower
ERROR
Expecting value: line 1 column 1 (char 0)
<Response [502]>
tall tower
ERROR
Expecting value: line 1 column 1 (char 0)
<Response [502]>
medium tower
ERROR
Expecting value: line 1 column 1 (char 0)
<Response [502]>
white tower
ERROR
Expecting value: line 1 column 1 (char 0)
<Response [502]>
enclosed bed
ERROR
Expecting value: line 1 column 1 (char 0)
<Response [502]>
tonneau cover
ERROR
Expecting value: line 1 column 1 (char 0)
<Response [502]>
open bed
ERROR
Expecting value: line 1 column 1 (char 0)
<Response [502]>
oil painting
ERROR
Expecting value: line 1 column 1 (char 0)
<Response [502]>
watercolor
ERROR
Expecting value: line 1 column 1 (char 0)
<Response [502]>
beach scene
ERROR
Expecting value: line 1 column 1 (char 0)
<Response [502]>
impressionistic
ERROR
Expecting value: line 1 column 1 (char 0)
<Response [502]>
pop art
ERROR
Expecting value: line 1 column 1 (char 0)
<Response [502]>
realism
ERROR
Expecting value: line 1 column 1 (char 0)
<Response [502]>
impressionism
ERROR
Expecting value: line 1 column 1 (char 0)
<Response [502]>
emerging artist
ERROR
Expecting value: line 1 column 1 (char 0)
<Response [502]>
unknown artist
ERROR
Expecting value: line 1 column 1 (char 0)
<Response [502]>
caring
ERROR
Expecting value: line 1 column 1 (char 0)
<Response [502]>
observing
ERROR
Expecting value: line 1 column 1 (char 0)
<Response [502]>
acquaintance
ERROR
Expecting value: line 1 column 1 (char 0)
<Response [502]>
tailcoat
ERROR
Expecting value: line 1 column 1 (char 0)
<Response [502]>
cargo ferry
ERROR
Expecting value: line 1 column 1 (char 0)
<Response [502]>
passenger ferry
ERROR
Expecting value: line 1 column 1 (char 0)
<Response [502]>
near river
ERROR
Expecting value: line 1 column 1 (char 0)
<Response [502]>
near coast
ERROR
Expecting value: line 1 column 1 (char 0)
<Response [502]>
south american
ERROR
Expecting value: line 1 column 1 (char 0)
<Response [502]>
rainforest
ERROR
Expecting value: line 1 column 1 (char 0)
<Response [502]>
pencil drawing
ERROR
Expecting value: line 1 column 1 (char 0)
<Response [502]>
standing near
ERROR
Expecting value: line 1 column 1 (char 0)
<Response [502]>
gryffindor
ERROR
Expecting value: line 1 column 1 (char 0)
<Response [502]>
ravenclaw
ERROR
Expecting value: line 1 column 1 (char 0)
<Response [502]>
hogwarts
ERROR
Expecting value: line 1 column 1 (char 0)
<Response [502]>
slytherin
ERROR
Expecting value: line 1 column 1 (char 0)
<Response [502]>
half-body
ERROR
Expecting value: line 1 column 1 (char 0)
<Response [502]>
home uniform
ERROR
Expecting value: line 1 column 1 (char 0)
<Response [502]>
away uniform
ERROR
Expecting value: line 1 column 1 (char 0)
<Response [502]>
alternate uniform
ERROR
Expecting value: line 1 column 1 (char 0)
<Response [502]>
ski patrol
ERROR
Expecting value: line 1 column 1 (char 0)
<Response [502]>
white and maroon
ERROR
Expecting value: line 1 column 1 (char 0)
<Response [502]>
softball uniform
ERROR
Expecting value: line 1 column 1 (char 0)
<Response [502]>
little league uniform
ERROR
Expecting value: line 1 column 1 (char 0)
<Response [502]>
necklaces
ERROR
Expecting value: line 1 column 1 (char 0)
<Response [502]>
rings
ERROR
Expecting value: line 1 column 1 (char 0)
<Response [502]>
bracelets
ERROR
Expecting value: line 1 column 1 (char 0)
<Response [502]>
lead
ERROR
Expecting value: line 1 column 1 (char 0)
<Response [502]>
retractable leash
ERROR
Expecting value: line 1 column 1 (char 0)
<Response [502]>
standard leash
ERROR
Expecting value: line 1 column 1 (char 0)
<Response [502]>
wired microphone
ERROR
Expecting value: line 1 column 1 (char 0)
<Response [502]>
wireless microphone
ERROR
Expecting value: line 1 column 1 (char 0)
<Response [502]>
ribbon microphone
ERROR
Expecting value: line 1 column 1 (char 0)
<Response [502]>
condenser microphone
ERROR
Expecting value: line 1 column 1 (char 0)
<Response [502]>
dynamic microphone
ERROR
Expecting value: line 1 column 1 (char 0)
<Response [502]>
owner-pet
ERROR
Expecting value: line 1 column 1 (char 0)
<Response [502]>
trainer-trainee
ERROR
Expecting value: line 1 column 1 (char 0)
<Response [502]>
other school level
ERROR
Expecting value: line 1 column 1 (char 0)
<Response [502]>
paralympic medal
ERROR
Expecting value: line 1 column 1 (char 0)
<Response [502]>
war medal
ERROR
Expecting value: line 1 column 1 (char 0)
<Response [502]>
other medal
ERROR
Expecting value: line 1 column 1 (char 0)
<Response [502]>
olympic medal
ERROR
Expecting value: line 1 column 1 (char 0)
<Response [502]>
multiple chairs
ERROR
Expecting value: line 1 column 1 (char 0)
<Response [502]>
blizzard
ERROR
Expecting value: line 1 column 1 (char 0)
<Response [502]>
offshore
ERROR
Expecting value: line 1 column 1 (char 0)
<Response [502]>
softball pitcher
ERROR
Expecting value: line 1 column 1 (char 0)
<Response [502]>
baseball pitcher
ERROR
Expecting value: line 1 column 1 (char 0)
<Response [502]>
other pitcher
ERROR
Expecting value: line 1 column 1 (char 0)
<Response [502]>
red and grey uniform
ERROR
Expecting value: line 1 column 1 (char 0)
<Response [502]>
midrange
ERROR
Expecting value: line 1 column 1 (char 0)
<Response [502]>
putter
ERROR
Expecting value: line 1 column 1 (char 0)
<Response [502]>
golf disc
ERROR
Expecting value: line 1 column 1 (char 0)
<Response [502]>
disk
ERROR
Expecting value: line 1 column 1 (char 0)
<Response [502]>
glow-in-the-dark disc
ERROR
Expecting value: line 1 column 1 (char 0)
<Response [502]>
flying disc
ERROR
Expecting value: line 1 column 1 (char 0)
<Response [502]>
stripe pattern
ERROR
Expecting value: line 1 column 1 (char 0)
<Response [502]>
stripe count
ERROR
Expecting value: line 1 column 1 (char 0)
<Response [502]>
behavior
ERROR
Expecting value: line 1 column 1 (char 0)
<Response [502]>
grevy's
ERROR
Expecting value: line 1 column 1 (char 0)
<Response [502]>
lesser
ERROR
Expecting value: line 1 column 1 (char 0)
<Response [502]>
greater
ERROR
Expecting value: line 1 column 1 (char 0)
<Response [502]>
plains
ERROR
Expecting value: line 1 column 1 (char 0)
<Response [502]>
draft mule
ERROR
Expecting value: line 1 column 1 (char 0)
<Response [502]>
working mule
ERROR
Expecting value: line 1 column 1 (char 0)
<Response [502]>
riding mule
ERROR
Expecting value: line 1 column 1 (char 0)
<Response [502]>
mexican criollo
ERROR
Expecting value: line 1 column 1 (char 0)
<Response [502]>
american miniature
ERROR
Expecting value: line 1 column 1 (char 0)
<Response [502]>
fuji
ERROR
Expecting value: line 1 column 1 (char 0)
<Response [502]>
granny smith
ERROR
Expecting value: line 1 column 1 (char 0)
<Response [502]>
gala
ERROR
Expecting value: line 1 column 1 (char 0)
<Response [502]>
red delicious
ERROR
Expecting value: line 1 column 1 (char 0)
<Response [502]>
imac
ERROR
Expecting value: line 1 column 1 (char 0)
<Response [502]>
ipad
ERROR
Expecting value: line 1 column 1 (char 0)
<Response [502]>
stationary crib
ERROR
Expecting value: line 1 column 1 (char 0)
<Response [502]>
foldable crib
ERROR
Expecting value: line 1 column 1 (char 0)
<Response [502]>
portable crib
ERROR
Expecting value: line 1 column 1 (char 0)
<Response [502]>
recycled wood
ERROR
Expecting value: line 1 column 1 (char 0)
<Response [502]>
natural wood
ERROR
Expecting value: line 1 column 1 (char 0)
<Response [502]>
grape
ERROR
Expecting value: line 1 column 1 (char 0)
<Response [502]>
short bush
ERROR
Expecting value: line 1 column 1 (char 0)
<Response [502]>
tall bush
ERROR
Expecting value: line 1 column 1 (char 0)
<Response [502]>
railing
ERROR
Expecting value: line 1 column 1 (char 0)
<Response [502]>
metal railing
ERROR
Expecting value: line 1 column 1 (char 0)
<Response [502]>
wooden railing
ERROR
Expecting value: line 1 column 1 (char 0)
<Response [502]>
railing on a staircase
ERROR
Expecting value: line 1 column 1 (char 0)
<Response [502]>
mixed aquarium
ERROR
Expecting value: line 1 column 1 (char 0)
<Response [502]>
cleats
ERROR
Expecting value: line 1 column 1 (char 0)
<Response [502]>
saddlecloth
ERROR
Expecting value: line 1 column 1 (char 0)
<Response [502]>
raceplate
ERROR
Expecting value: line 1 column 1 (char 0)
<Response [502]>
basketball glove
ERROR
Expecting value: line 1 column 1 (char 0)
<Response [502]>
soccer glove
ERROR
Expecting value: line 1 column 1 (char 0)
<Response [502]>
football glove
ERROR
Expecting value: line 1 column 1 (char 0)
<Response [502]>
lollipop
ERROR
Expecting value: line 1 column 1 (char 0)
<Response [502]>
ready-to-eat
ERROR
Expecting value: line 1 column 1 (char 0)
<Response [502]>
broiled
ERROR
Expecting value: line 1 column 1 (char 0)
<Response [502]>
roasted
ERROR
Expecting value: line 1 column 1 (char 0)
<Response [502]>
other turn
ERROR
Expecting value: line 1 column 1 (char 0)
<Response [502]>
sharp
ERROR
Expecting value: line 1 column 1 (char 0)
<Response [502]>
halfpipe ramp
ERROR
Expecting value: line 1 column 1 (char 0)
<Response [502]>
vert ramp
ERROR
Expecting value: line 1 column 1 (char 0)
<Response [502]>
curb ramp
ERROR
Expecting value: line 1 column 1 (char 0)
<Response [502]>
twisted
ERROR
Expecting value: line 1 column 1 (char 0)
<Response [502]>
organic carrot
ERROR
Expecting value: line 1 column 1 (char 0)
<Response [502]>
round carrot
ERROR
Expecting value: line 1 column 1 (char 0)
<Response [502]>
regular carrot
ERROR
Expecting value: line 1 column 1 (char 0)
<Response [502]>
park skating
ERROR
Expecting value: line 1 column 1 (char 0)
<Response [502]>
street skating
ERROR
Expecting value: line 1 column 1 (char 0)
<Response [502]>
pre-teen
ERROR
Expecting value: line 1 column 1 (char 0)
<Response [502]>
sports mitt
ERROR
Expecting value: line 1 column 1 (char 0)
<Response [502]>
computer screen
ERROR
Expecting value: line 1 column 1 (char 0)
<Response [502]>
tv screen
ERROR
Expecting value: line 1 column 1 (char 0)
<Response [502]>
webpage
ERROR
Expecting value: line 1 column 1 (char 0)
<Response [502]>
application
ERROR
Expecting value: line 1 column 1 (char 0)
<Response [502]>
high mast
ERROR
Expecting value: line 1 column 1 (char 0)
<Response [502]>
low mast
ERROR
Expecting value: line 1 column 1 (char 0)
<Response [502]>
medium mast
ERROR
Expecting value: line 1 column 1 (char 0)
<Response [502]>
oversized
ERROR
Expecting value: line 1 column 1 (char 0)
<Response [502]>
normal
ERROR
Expecting value: line 1 column 1 (char 0)
<Response [502]>
field in canada
ERROR
Expecting value: line 1 column 1 (char 0)
<Response [502]>
field in japan
ERROR
Expecting value: line 1 column 1 (char 0)
<Response [502]>
field in latin america
ERROR
Expecting value: line 1 column 1 (char 0)
<Response [502]>
field in united states
ERROR
Expecting value: line 1 column 1 (char 0)
<Response [502]>
field in other countries
ERROR
Expecting value: line 1 column 1 (char 0)
<Response [502]>
gap grind
ERROR
Expecting value: line 1 column 1 (char 0)
<Response [502]>
stair grind
ERROR
Expecting value: line 1 column 1 (char 0)
<Response [502]>
metal slide
ERROR
Expecting value: line 1 column 1 (char 0)
<Response [502]>
san francisco giants
ERROR
Expecting value: line 1 column 1 (char 0)
<Response [502]>
water skiing
ERROR
Expecting value: line 1 column 1 (char 0)
<Response [502]>
boating
ERROR
Expecting value: line 1 column 1 (char 0)
<Response [502]>
kayaking
ERROR
Expecting value: line 1 column 1 (char 0)
<Response [502]>
biking
ERROR
Expecting value: line 1 column 1 (char 0)
<Response [502]>
wave
ERROR
Expecting value: line 1 column 1 (char 0)
<Response [502]>
preparing
ERROR
Expecting value: line 1 column 1 (char 0)
<Response [502]>
nordic style
ERROR
Expecting value: line 1 column 1 (char 0)
<Response [502]>
alpine style
ERROR
Expecting value: line 1 column 1 (char 0)
<Response [502]>
half pipe style
ERROR
Expecting value: line 1 column 1 (char 0)
<Response [502]>
normal style
ERROR
Expecting value: line 1 column 1 (char 0)
<Response [502]>
flat style
ERROR
Expecting value: line 1 column 1 (char 0)
<Response [502]>
world cup
ERROR
Expecting value: line 1 column 1 (char 0)
<Response [502]>
olympic
ERROR
Expecting value: line 1 column 1 (char 0)
<Response [502]>
switzerland
ERROR
Expecting value: line 1 column 1 (char 0)
<Response [502]>
norway
ERROR
Expecting value: line 1 column 1 (char 0)
<Response [502]>
normal hill
ERROR
Expecting value: line 1 column 1 (char 0)
<Response [502]>
ski cross
ERROR
Expecting value: line 1 column 1 (char 0)
<Response [502]>
on edge
ERROR
Expecting value: line 1 column 1 (char 0)
<Response [502]>
formal wear
ERROR
Expecting value: line 1 column 1 (char 0)
<Response [502]>
supervillain
ERROR
Expecting value: line 1 column 1 (char 0)
<Response [502]>
ski poles
ERROR
Expecting value: line 1 column 1 (char 0)
<Response [502]>
ski boots
ERROR
Expecting value: line 1 column 1 (char 0)
<Response [502]>
cosplay
ERROR
Expecting value: line 1 column 1 (char 0)
<Response [502]>
no features
ERROR
Expecting value: line 1 column 1 (char 0)
<Response [502]>
pool
ERROR
Expecting value: line 1 column 1 (char 0)
<Response [502]>
collectibles
ERROR
Expecting value: line 1 column 1 (char 0)
<Response [502]>
pottery
ERROR
Expecting value: line 1 column 1 (char 0)
<Response [502]>
product
ERROR
Expecting value: line 1 column 1 (char 0)
<Response [502]>
brand logo
ERROR
Expecting value: line 1 column 1 (char 0)
<Response [502]>
travel and leisure
ERROR
Expecting value: line 1 column 1 (char 0)
<Response [502]>
food and beverage
ERROR
Expecting value: line 1 column 1 (char 0)
<Response [502]>
clothing and accessories
ERROR
Expecting value: line 1 column 1 (char 0)
<Response [502]>
celebrity endorsement
ERROR
Expecting value: line 1 column 1 (char 0)
<Response [502]>
navel orange
ERROR
Expecting value: line 1 column 1 (char 0)
<Response [502]>
blood orange
ERROR
Expecting value: line 1 column 1 (char 0)
<Response [502]>
valencia orange
ERROR
Expecting value: line 1 column 1 (char 0)
<Response [502]>
plant in pot
ERROR
Expecting value: line 1 column 1 (char 0)
<Response [502]>
bare root
ERROR
Expecting value: line 1 column 1 (char 0)
<Response [502]>
other fruit
ERROR
Expecting value: line 1 column 1 (char 0)
<Response [502]>
multiple oranges
ERROR
Expecting value: line 1 column 1 (char 0)
<Response [502]>
single orange
ERROR
Expecting value: line 1 column 1 (char 0)
<Response [502]>
classical
ERROR
Expecting value: line 1 column 1 (char 0)
<Response [502]>
pop
ERROR
Expecting value: line 1 column 1 (char 0)
<Response [502]>
clubs
ERROR
Expecting value: line 1 column 1 (char 0)
<Response [502]>
concert hall
ERROR
Expecting value: line 1 column 1 (char 0)
<Response [502]>
festivals
ERROR
Expecting value: line 1 column 1 (char 0)
<Response [502]>
cucumbers
ERROR
Expecting value: line 1 column 1 (char 0)
<Response [502]>
lettuce
ERROR
Expecting value: line 1 column 1 (char 0)
<Response [502]>
tuna salad
ERROR
Expecting value: line 1 column 1 (char 0)
<Response [502]>
pasta salad
ERROR
Expecting value: line 1 column 1 (char 0)
<Response [502]>
green salad
ERROR
Expecting value: line 1 column 1 (char 0)
<Response [502]>
savory
ERROR
Expecting value: line 1 column 1 (char 0)
<Response [502]>
fish fillet
ERROR
Expecting value: line 1 column 1 (char 0)
<Response [502]>
pork chops
ERROR
Expecting value: line 1 column 1 (char 0)
<Response [502]>
steak
ERROR
Expecting value: line 1 column 1 (char 0)
<Response [502]>
chicken breast
ERROR
Expecting value: line 1 column 1 (char 0)
<Response [502]>
dill
ERROR
Expecting value: line 1 column 1 (char 0)
<Response [502]>
flaky pastry
ERROR
Expecting value: line 1 column 1 (char 0)
<Response [502]>
graham cracker
ERROR
Expecting value: line 1 column 1 (char 0)
<Response [502]>
pastry
ERROR
Expecting value: line 1 column 1 (char 0)
<Response [502]>
low price
ERROR
Expecting value: line 1 column 1 (char 0)
<Response [502]>
high price
ERROR
Expecting value: line 1 column 1 (char 0)
<Response [502]>
moderate price
ERROR
Expecting value: line 1 column 1 (char 0)
<Response [502]>
discount
ERROR
Expecting value: line 1 column 1 (char 0)
<Response [502]>
regular price
ERROR
Expecting value: line 1 column 1 (char 0)
<Response [502]>
anonymous
ERROR
Expecting value: line 1 column 1 (char 0)
<Response [502]>
known artist
ERROR
Expecting value: line 1 column 1 (char 0)
<Response [502]>
social commentary
ERROR
Expecting value: line 1 column 1 (char 0)
<Response [502]>
hate
ERROR
Expecting value: line 1 column 1 (char 0)
<Response [502]>
love
ERROR
Expecting value: line 1 column 1 (char 0)
<Response [502]>
ice coffee
ERROR
Expecting value: line 1 column 1 (char 0)
<Response [502]>
street market
ERROR
Expecting value: line 1 column 1 (char 0)
<Response [502]>
baseball ball
ERROR
Expecting value: line 1 column 1 (char 0)
<Response [502]>
ice rink
ERROR
Expecting value: line 1 column 1 (char 0)
<Response [502]>
roller rink
ERROR
Expecting value: line 1 column 1 (char 0)
<Response [502]>
other stunt
ERROR
Expecting value: line 1 column 1 (char 0)
<Response [502]>
drifting
ERROR
Expecting value: line 1 column 1 (char 0)
<Response [502]>
drag racing
ERROR
Expecting value: line 1 column 1 (char 0)
<Response [502]>
grind
ERROR
Expecting value: line 1 column 1 (char 0)
<Response [502]>
water ski
ERROR
Expecting value: line 1 column 1 (char 0)
<Response [502]>
retail bakery
ERROR
Expecting value: line 1 column 1 (char 0)
<Response [502]>
bakery-deli
ERROR
Expecting value: line 1 column 1 (char 0)
<Response [502]>
mom and pop
ERROR
Expecting value: line 1 column 1 (char 0)
<Response [502]>
bakery b
ERROR
Expecting value: line 1 column 1 (char 0)
<Response [502]>
bakery a
ERROR
Expecting value: line 1 column 1 (char 0)
<Response [502]>
bakery c
ERROR
Expecting value: line 1 column 1 (char 0)
<Response [502]>
undulating
ERROR
Expecting value: line 1 column 1 (char 0)
<Response [502]>
skiable
ERROR
Expecting value: line 1 column 1 (char 0)
<Response [502]>
technical
ERROR
Expecting value: line 1 column 1 (char 0)
<Response [502]>
soft snow
ERROR
Expecting value: line 1 column 1 (char 0)
<Response [502]>
parasail
ERROR
Expecting value: line 1 column 1 (char 0)
<Response [502]>
cruising sail
ERROR
Expecting value: line 1 column 1 (char 0)
<Response [502]>
sailboat sail
ERROR
Expecting value: line 1 column 1 (char 0)
<Response [502]>
hiking sail
ERROR
Expecting value: line 1 column 1 (char 0)
<Response [502]>
mcdonald's
ERROR
Expecting value: line 1 column 1 (char 0)
<Response [502]>
burger king
ERROR
Expecting value: line 1 column 1 (char 0)
<Response [502]>
wendy's
ERROR
Expecting value: line 1 column 1 (char 0)
<Response [502]>
large blender
ERROR
Expecting value: line 1 column 1 (char 0)
<Response [502]>
small blender
ERROR
Expecting value: line 1 column 1 (char 0)
<Response [502]>
high-speed blender
ERROR
Expecting value: line 1 column 1 (char 0)
<Response [502]>
food processor
ERROR
Expecting value: line 1 column 1 (char 0)
<Response [502]>
grinder
ERROR
Expecting value: line 1 column 1 (char 0)
<Response [502]>
bruno
ERROR
Expecting value: line 1 column 1 (char 0)
<Response [502]>
black+decker
ERROR
Expecting value: line 1 column 1 (char 0)
<Response [502]>
blending
ERROR
Expecting value: line 1 column 1 (char 0)
<Response [502]>
pureeing
ERROR
Expecting value: line 1 column 1 (char 0)
<Response [502]>
mixing
ERROR
Expecting value: line 1 column 1 (char 0)
<Response [502]>
grassy embankment
ERROR
Expecting value: line 1 column 1 (char 0)
<Response [502]>
rocky embankment
ERROR
Expecting value: line 1 column 1 (char 0)
<Response [502]>
concrete embankment
ERROR
Expecting value: line 1 column 1 (char 0)
<Response [502]>
room temperature
ERROR
Expecting value: line 1 column 1 (char 0)
<Response [502]>
banks
ERROR
Expecting value: line 1 column 1 (char 0)
<Response [502]>
ice skates
ERROR
Expecting value: line 1 column 1 (char 0)
<Response [502]>
roller skates
ERROR
Expecting value: line 1 column 1 (char 0)
<Response [502]>
point guard
ERROR
Expecting value: line 1 column 1 (char 0)
<Response [502]>
power forward
ERROR
Expecting value: line 1 column 1 (char 0)
<Response [502]>
small forward
ERROR
Expecting value: line 1 column 1 (char 0)
<Response [502]>
shooting guard
ERROR
Expecting value: line 1 column 1 (char 0)
<Response [502]>
other plastic cover
ERROR
Expecting value: line 1 column 1 (char 0)
<Response [502]>
plastic cover
ERROR
Expecting value: line 1 column 1 (char 0)
<Response [502]>
long rope
ERROR
Expecting value: line 1 column 1 (char 0)
<Response [502]>
short rope
ERROR
Expecting value: line 1 column 1 (char 0)
<Response [502]>
medium rope
ERROR
Expecting value: line 1 column 1 (char 0)
<Response [502]>
surfing rope
ERROR
Expecting value: line 1 column 1 (char 0)
<Response [502]>
boating rope
ERROR
Expecting value: line 1 column 1 (char 0)
<Response [502]>
jute rope
ERROR
Expecting value: line 1 column 1 (char 0)
<Response [502]>
hemp rope
ERROR
Expecting value: line 1 column 1 (char 0)
<Response [502]>
nylon rope
ERROR
Expecting value: line 1 column 1 (char 0)
<Response [502]>
laydown sakeboard
ERROR
Expecting value: line 1 column 1 (char 0)
<Response [502]>
stand-up sakeboard
ERROR
Expecting value: line 1 column 1 (char 0)
<Response [502]>
$15-$20
ERROR
Expecting value: line 1 column 1 (char 0)
<Response [502]>
over $20
ERROR
Expecting value: line 1 column 1 (char 0)
<Response [502]>
$10-$15
ERROR
Expecting value: line 1 column 1 (char 0)
<Response [502]>
under $5
ERROR
Expecting value: line 1 column 1 (char 0)
<Response [502]>
less than $5
ERROR
Expecting value: line 1 column 1 (char 0)
<Response [502]>
high in protein
ERROR
Expecting value: line 1 column 1 (char 0)
<Response [502]>
high in calories
ERROR
Expecting value: line 1 column 1 (char 0)
<Response [502]>
high in fiber
ERROR
Expecting value: line 1 column 1 (char 0)
<Response [502]>
low in sugar
ERROR
Expecting value: line 1 column 1 (char 0)
<Response [502]>
pies
ERROR
Expecting value: line 1 column 1 (char 0)
<Response [502]>
paper platter
ERROR
Expecting value: line 1 column 1 (char 0)
<Response [502]>
metal platter
ERROR
Expecting value: line 1 column 1 (char 0)
<Response [502]>
wooden platter
ERROR
Expecting value: line 1 column 1 (char 0)
<Response [502]>
taiga
ERROR
Expecting value: line 1 column 1 (char 0)
<Response [502]>
faux fur
ERROR
Expecting value: line 1 column 1 (char 0)
<Response [502]>
coverlet
ERROR
Expecting value: line 1 column 1 (char 0)
<Response [502]>
wooden armoire
ERROR
Expecting value: line 1 column 1 (char 0)
<Response [502]>
metal armoire
ERROR
Expecting value: line 1 column 1 (char 0)
<Response [502]>
other theme
ERROR
Expecting value: line 1 column 1 (char 0)
<Response [502]>
artificial wave pool
ERROR
Expecting value: line 1 column 1 (char 0)
<Response [502]>
white outfit
ERROR
Expecting value: line 1 column 1 (char 0)
<Response [502]>
both-handed
ERROR
Expecting value: line 1 column 1 (char 0)
<Response [502]>
cheddar
ERROR
Expecting value: line 1 column 1 (char 0)
<Response [502]>
mozzarella
ERROR
Expecting value: line 1 column 1 (char 0)
<Response [502]>
parmesan
ERROR
Expecting value: line 1 column 1 (char 0)
<Response [502]>
deeper in the water
ERROR
Expecting value: line 1 column 1 (char 0)
<Response [502]>
closer to the surface
ERROR
Expecting value: line 1 column 1 (char 0)
<Response [502]>
blow fly
ERROR
Expecting value: line 1 column 1 (char 0)
<Response [502]>
drain fly
ERROR
Expecting value: line 1 column 1 (char 0)
<Response [502]>
fruit fly
ERROR
Expecting value: line 1 column 1 (char 0)
<Response [502]>
boy's team
ERROR
Expecting value: line 1 column 1 (char 0)
<Response [502]>
girl's team
ERROR
Expecting value: line 1 column 1 (char 0)
<Response [502]>
co-ed team
ERROR
Expecting value: line 1 column 1 (char 0)
<Response [502]>
double doors
ERROR
Expecting value: line 1 column 1 (char 0)
<Response [502]>
glass doors
ERROR
Expecting value: line 1 column 1 (char 0)
<Response [502]>
single doors
ERROR
Expecting value: line 1 column 1 (char 0)
<Response [502]>
virtual
ERROR
Expecting value: line 1 column 1 (char 0)
<Response [502]>
short pillar
ERROR
Expecting value: line 1 column 1 (char 0)
<Response [502]>
tall pillar
ERROR
Expecting value: line 1 column 1 (char 0)
<Response [502]>
pizza parlor
ERROR
Expecting value: line 1 column 1 (char 0)
<Response [502]>
gourmet pizza
ERROR
Expecting value: line 1 column 1 (char 0)
<Response [502]>
fast food pizza
ERROR
Expecting value: line 1 column 1 (char 0)
<Response [502]>
well-known
ERROR
Expecting value: line 1 column 1 (char 0)
<Response [502]>
air mattress
ERROR
Expecting value: line 1 column 1 (char 0)
<Response [502]>
innerspring
ERROR
Expecting value: line 1 column 1 (char 0)
<Response [502]>
foam
ERROR
Expecting value: line 1 column 1 (char 0)
<Response [502]>
wide open
ERROR
Expecting value: line 1 column 1 (char 0)
<Response [502]>
phone receiver
ERROR
Expecting value: line 1 column 1 (char 0)
<Response [502]>
left-clicking
ERROR
Expecting value: line 1 column 1 (char 0)
<Response [502]>
right-clicking
ERROR
Expecting value: line 1 column 1 (char 0)
<Response [502]>
middle-clicking
ERROR
Expecting value: line 1 column 1 (char 0)
<Response [502]>
original wii
ERROR
Expecting value: line 1 column 1 (char 0)
<Response [502]>
wii mini
ERROR
Expecting value: line 1 column 1 (char 0)
<Response [502]>
wii u
ERROR
Expecting value: line 1 column 1 (char 0)
<Response [502]>
intricate
ERROR
Expecting value: line 1 column 1 (char 0)
<Response [502]>
gamepad
ERROR
Expecting value: line 1 column 1 (char 0)
<Response [502]>
controller with buttons
ERROR
Expecting value: line 1 column 1 (char 0)
<Response [502]>
xbox controller
ERROR
Expecting value: line 1 column 1 (char 0)
<Response [502]>
wii remote
ERROR
Expecting value: line 1 column 1 (char 0)
<Response [502]>
playstation controller
ERROR
Expecting value: line 1 column 1 (char 0)
<Response [502]>
first-person shooter
ERROR
Expecting value: line 1 column 1 (char 0)
<Response [502]>
with rims
ERROR
Expecting value: line 1 column 1 (char 0)
<Response [502]>
rimless
ERROR
Expecting value: line 1 column 1 (char 0)
<Response [502]>
large box
ERROR
Expecting value: line 1 column 1 (char 0)
<Response [502]>
medium box
ERROR
Expecting value: line 1 column 1 (char 0)
<Response [502]>
small box
ERROR
Expecting value: line 1 column 1 (char 0)
<Response [502]>
posters
ERROR
Expecting value: line 1 column 1 (char 0)
<Response [502]>
plaid
ERROR
Expecting value: line 1 column 1 (char 0)
<Response [502]>
whitening
ERROR
Expecting value: line 1 column 1 (char 0)
<Response [502]>
sensitive
ERROR
Expecting value: line 1 column 1 (char 0)
<Response [502]>
sensodyne
ERROR
Expecting value: line 1 column 1 (char 0)
<Response [502]>
volume down
ERROR
Expecting value: line 1 column 1 (char 0)
<Response [502]>
channel up
ERROR
Expecting value: line 1 column 1 (char 0)
<Response [502]>
channel down
ERROR
Expecting value: line 1 column 1 (char 0)
<Response [502]>
power
ERROR
Expecting value: line 1 column 1 (char 0)
<Response [502]>
volume up
ERROR
Expecting value: line 1 column 1 (char 0)
<Response [502]>
stop button
ERROR
Expecting value: line 1 column 1 (char 0)
<Response [502]>
other button function
ERROR
Expecting value: line 1 column 1 (char 0)
<Response [502]>
start button
ERROR
Expecting value: line 1 column 1 (char 0)
<Response [502]>
smartphone-holding robot
ERROR
Expecting value: line 1 column 1 (char 0)
<Response [502]>
tablet-holding robot
ERROR
Expecting value: line 1 column 1 (char 0)
<Response [502]>
sketching
ERROR
Expecting value: line 1 column 1 (char 0)
<Response [502]>
co-working space
ERROR
Expecting value: line 1 column 1 (char 0)
<Response [502]>
further out to sea
ERROR
Expecting value: line 1 column 1 (char 0)
<Response [502]>
objects
ERROR
Expecting value: line 1 column 1 (char 0)
<Response [502]>
on shelf
ERROR
Expecting value: line 1 column 1 (char 0)
<Response [502]>
short cord
ERROR
Expecting value: line 1 column 1 (char 0)
<Response [502]>
medium cord
ERROR
Expecting value: line 1 column 1 (char 0)
<Response [502]>
long cord
ERROR
Expecting value: line 1 column 1 (char 0)
<Response [502]>
weekday
ERROR
Expecting value: line 1 column 1 (char 0)
<Response [502]>
weekend
ERROR
Expecting value: line 1 column 1 (char 0)
<Response [502]>
green dress
ERROR
Expecting value: line 1 column 1 (char 0)
<Response [502]>
blue dress
ERROR
Expecting value: line 1 column 1 (char 0)
<Response [502]>
pink dress
ERROR
Expecting value: line 1 column 1 (char 0)
<Response [502]>
other shot
ERROR
Expecting value: line 1 column 1 (char 0)
<Response [502]>
second trimester
ERROR
Expecting value: line 1 column 1 (char 0)
<Response [502]>
first trimester
ERROR
Expecting value: line 1 column 1 (char 0)
<Response [502]>
third trimester
ERROR
Expecting value: line 1 column 1 (char 0)
<Response [502]>
wallet
ERROR
Expecting value: line 1 column 1 (char 0)
<Response [502]>
mantle
ERROR
Expecting value: line 1 column 1 (char 0)
<Response [502]>
yahoo
ERROR
Expecting value: line 1 column 1 (char 0)
<Response [502]>
gmail
ERROR
Expecting value: line 1 column 1 (char 0)
<Response [502]>
urgent
ERROR
Expecting value: line 1 column 1 (char 0)
<Response [502]>
non-urgent
ERROR
Expecting value: line 1 column 1 (char 0)
<Response [502]>
important
ERROR
Expecting value: line 1 column 1 (char 0)
<Response [502]>
recent
ERROR
Expecting value: line 1 column 1 (char 0)
<Response [502]>
humorous
ERROR
Expecting value: line 1 column 1 (char 0)
<Response [502]>
motivational
ERROR
Expecting value: line 1 column 1 (char 0)
<Response [502]>
inspirational
ERROR
Expecting value: line 1 column 1 (char 0)
<Response [502]>
purse
ERROR
Expecting value: line 1 column 1 (char 0)
<Response [502]>
metal can
ERROR
Expecting value: line 1 column 1 (char 0)
<Response [502]>
glass bottle
ERROR
Expecting value: line 1 column 1 (char 0)
<Response [502]>
plastic bottle
ERROR
Expecting value: line 1 column 1 (char 0)
<Response [502]>
aluminum can
ERROR
Expecting value: line 1 column 1 (char 0)
<Response [502]>
glass can
ERROR
Expecting value: line 1 column 1 (char 0)
<Response [502]>
plastic can
ERROR
Expecting value: line 1 column 1 (char 0)
<Response [502]>
mounded
ERROR
Expecting value: line 1 column 1 (char 0)
<Response [502]>
non-stick pan
ERROR
Expecting value: line 1 column 1 (char 0)
<Response [502]>
stainless steel pan
ERROR
Expecting value: line 1 column 1 (char 0)
<Response [502]>
cast iron pan
ERROR
Expecting value: line 1 column 1 (char 0)
<Response [502]>
personalized
ERROR
Expecting value: line 1 column 1 (char 0)
<Response [502]>
pocket watch
ERROR
Expecting value: line 1 column 1 (char 0)
<Response [502]>
wristwatch
ERROR
Expecting value: line 1 column 1 (char 0)
<Response [502]>
other watch
ERROR
Expecting value: line 1 column 1 (char 0)
<Response [502]>
very straight
ERROR
Expecting value: line 1 column 1 (char 0)
<Response [502]>
very white
ERROR
Expecting value: line 1 column 1 (char 0)
<Response [502]>
college player
ERROR
Expecting value: line 1 column 1 (char 0)
<Response [502]>
whisk
ERROR
Expecting value: line 1 column 1 (char 0)
<Response [502]>
strawberry spoon
ERROR
Expecting value: line 1 column 1 (char 0)
<Response [502]>
walnut cracker
ERROR
Expecting value: line 1 column 1 (char 0)
<Response [502]>
creamer
ERROR
Expecting value: line 1 column 1 (char 0)
<Response [502]>
sugar bowl
ERROR
Expecting value: line 1 column 1 (char 0)
<Response [502]>
tongs
ERROR
Expecting value: line 1 column 1 (char 0)
<Response [502]>
whiskey
ERROR
Expecting value: line 1 column 1 (char 0)
<Response [502]>
vodka
ERROR
Expecting value: line 1 column 1 (char 0)
<Response [502]>
other liquids
ERROR
Expecting value: line 1 column 1 (char 0)
<Response [502]>
oil
ERROR
Expecting value: line 1 column 1 (char 0)
<Response [502]>
fuel
ERROR
Expecting value: line 1 column 1 (char 0)
<Response [502]>
nature-inspired
ERROR
Expecting value: line 1 column 1 (char 0)
<Response [502]>
heineken
ERROR
Expecting value: line 1 column 1 (char 0)
<Response [502]>
budweiser
ERROR
Expecting value: line 1 column 1 (char 0)
<Response [502]>
mug
ERROR
Expecting value: line 1 column 1 (char 0)
<Response [502]>
granulated sugar
ERROR
Expecting value: line 1 column 1 (char 0)
<Response [502]>
other sugar
ERROR
Expecting value: line 1 column 1 (char 0)
<Response [502]>
sugar cubes
ERROR
Expecting value: line 1 column 1 (char 0)
<Response [502]>
sugar spoon
ERROR
Expecting value: line 1 column 1 (char 0)
<Response [502]>
blades
ERROR
Expecting value: line 1 column 1 (char 0)
<Response [502]>
lying next to
ERROR
Expecting value: line 1 column 1 (char 0)
<Response [502]>
sitting with
ERROR
Expecting value: line 1 column 1 (char 0)
<Response [502]>
expressionist
ERROR
Expecting value: line 1 column 1 (char 0)
<Response [502]>
photography
ERROR
Expecting value: line 1 column 1 (char 0)
<Response [502]>
tiny house
ERROR
Expecting value: line 1 column 1 (char 0)
<Response [502]>
sticker
ERROR
Expecting value: line 1 column 1 (char 0)
<Response [502]>
hole
ERROR
Expecting value: line 1 column 1 (char 0)
<Response [502]>
using as weapons
ERROR
Expecting value: line 1 column 1 (char 0)
<Response [502]>
using as utensils
ERROR
Expecting value: line 1 column 1 (char 0)
<Response [502]>
hazel
ERROR
Expecting value: line 1 column 1 (char 0)
<Response [502]>
other zoo
ERROR
Expecting value: line 1 column 1 (char 0)
<Response [502]>
local zoo
ERROR
Expecting value: line 1 column 1 (char 0)
<Response [502]>
national zoo
ERROR
Expecting value: line 1 column 1 (char 0)
<Response [502]>
over-the-mirror
ERROR
Expecting value: line 1 column 1 (char 0)
<Response [502]>
in-parking-lot
ERROR
Expecting value: line 1 column 1 (char 0)
<Response [502]>
on-street
ERROR
Expecting value: line 1 column 1 (char 0)
<Response [502]>
modern diner
ERROR
Expecting value: line 1 column 1 (char 0)
<Response [502]>
rustic diner
ERROR
Expecting value: line 1 column 1 (char 0)
<Response [502]>
cozy
ERROR
Expecting value: line 1 column 1 (char 0)
<Response [502]>
other meter
ERROR
Expecting value: line 1 column 1 (char 0)
<Response [502]>
coin
ERROR
Expecting value: line 1 column 1 (char 0)
<Response [502]>
current
ERROR
Expecting value: line 1 column 1 (char 0)
<Response [502]>
other pages
ERROR
Expecting value: line 1 column 1 (char 0)
<Response [502]>
second page
ERROR
Expecting value: line 1 column 1 (char 0)
<Response [502]>
work apron
ERROR
Expecting value: line 1 column 1 (char 0)
<Response [502]>
dress apron
ERROR
Expecting value: line 1 column 1 (char 0)
<Response [502]>
dishwashing apron
ERROR
Expecting value: line 1 column 1 (char 0)
<Response [502]>
one fixture
ERROR
Expecting value: line 1 column 1 (char 0)
<Response [502]>
two fixtures
ERROR
Expecting value: line 1 column 1 (char 0)
<Response [502]>
three fixtures
ERROR
Expecting value: line 1 column 1 (char 0)
<Response [502]>
official
ERROR
Expecting value: line 1 column 1 (char 0)
<Response [502]>
police
ERROR
Expecting value: line 1 column 1 (char 0)
<Response [502]>
media
ERROR
Expecting value: line 1 column 1 (char 0)
<Response [502]>
saddlebags
ERROR
Expecting value: line 1 column 1 (char 0)
<Response [502]>
bows
ERROR
Expecting value: line 1 column 1 (char 0)
<Response [502]>
ribbons
ERROR
Expecting value: line 1 column 1 (char 0)
<Response [502]>
ties
ERROR
Expecting value: line 1 column 1 (char 0)
<Response [502]>
eyeglasses
ERROR
Expecting value: line 1 column 1 (char 0)
<Response [502]>
ceiling tiles
ERROR
Expecting value: line 1 column 1 (char 0)
<Response [502]>
drywall
ERROR
Expecting value: line 1 column 1 (char 0)
<Response [502]>
vaulted ceiling
ERROR
Expecting value: line 1 column 1 (char 0)
<Response [502]>
cathedral ceiling
ERROR
Expecting value: line 1 column 1 (char 0)
<Response [502]>
slab ceiling
ERROR
Expecting value: line 1 column 1 (char 0)
<Response [502]>
drop ceiling
ERROR
Expecting value: line 1 column 1 (char 0)
<Response [502]>
coffered ceiling
ERROR
Expecting value: line 1 column 1 (char 0)
<Response [502]>
utility
ERROR
Expecting value: line 1 column 1 (char 0)
<Response [502]>
bottom shelf
ERROR
Expecting value: line 1 column 1 (char 0)
<Response [502]>
top shelf
ERROR
Expecting value: line 1 column 1 (char 0)
<Response [502]>
orchard
ERROR
Expecting value: line 1 column 1 (char 0)
<Response [502]>
cargo van
ERROR
Expecting value: line 1 column 1 (char 0)
<Response [502]>
passenger van
ERROR
Expecting value: line 1 column 1 (char 0)
<Response [502]>
camper van
ERROR
Expecting value: line 1 column 1 (char 0)
<Response [502]>
cubical
ERROR
Expecting value: line 1 column 1 (char 0)
<Response [502]>
other museum object
ERROR
Expecting value: line 1 column 1 (char 0)
<Response [502]>
exhibit
ERROR
Expecting value: line 1 column 1 (char 0)
<Response [502]>
piece of history
ERROR
Expecting value: line 1 column 1 (char 0)
<Response [502]>
hanging by knot
ERROR
Expecting value: line 1 column 1 (char 0)
<Response [502]>
hanging by loop
ERROR
Expecting value: line 1 column 1 (char 0)
<Response [502]>
hanging by string
ERROR
Expecting value: line 1 column 1 (char 0)
<Response [502]>
other hanging method
ERROR
Expecting value: line 1 column 1 (char 0)
<Response [502]>
clawfoot
ERROR
Expecting value: line 1 column 1 (char 0)
<Response [502]>
clawed foot
ERROR
Expecting value: line 1 column 1 (char 0)
<Response [502]>
car 1
ERROR
Expecting value: line 1 column 1 (char 0)
<Response [502]>
car 3
ERROR
Expecting value: line 1 column 1 (char 0)
<Response [502]>
car 2
ERROR
Expecting value: line 1 column 1 (char 0)
<Response [502]>
domesticated pigeon
ERROR
Expecting value: line 1 column 1 (char 0)
<Response [502]>
feral pigeon
ERROR
Expecting value: line 1 column 1 (char 0)
<Response [502]>
rock dove
ERROR
Expecting value: line 1 column 1 (char 0)
<Response [502]>
black dove
ERROR
Expecting value: line 1 column 1 (char 0)
<Response [502]>
white dove
ERROR
Expecting value: line 1 column 1 (char 0)
<Response [502]>
other dove species
ERROR
Expecting value: line 1 column 1 (char 0)
<Response [502]>
cautious
ERROR
Expecting value: line 1 column 1 (char 0)
<Response [502]>
sleepy
ERROR
Expecting value: line 1 column 1 (char 0)
<Response [502]>
merging
ERROR
Expecting value: line 1 column 1 (char 0)
<Response [502]>
long sword
ERROR
Expecting value: line 1 column 1 (char 0)
<Response [502]>
short sword
ERROR
Expecting value: line 1 column 1 (char 0)
<Response [502]>
street sign
ERROR
Expecting value: line 1 column 1 (char 0)
<Response [502]>
bill-like
ERROR
Expecting value: line 1 column 1 (char 0)
<Response [502]>
sparrow-like
ERROR
Expecting value: line 1 column 1 (char 0)
<Response [502]>
historic site
ERROR
Expecting value: line 1 column 1 (char 0)
<Response [502]>
amusement park
ERROR
Expecting value: line 1 column 1 (char 0)
<Response [502]>
concert venue
ERROR
Expecting value: line 1 column 1 (char 0)
<Response [502]>
9+ passengers
ERROR
Expecting value: line 1 column 1 (char 0)
<Response [502]>
person is taking a picture of the animal
ERROR
Expecting value: line 1 column 1 (char 0)
<Response [502]>
person is observing the animal from a distance
ERROR
Expecting value: line 1 column 1 (char 0)
<Response [502]>
person is petting the animal
ERROR
Expecting value: line 1 column 1 (char 0)
<Response [502]>
photographing
ERROR
Expecting value: line 1 column 1 (char 0)
<Response [502]>
grooming
ERROR
Expecting value: line 1 column 1 (char 0)
<Response [502]>
traffic light sign
ERROR
Expecting value: line 1 column 1 (char 0)
<Response [502]>
other traffic signal
ERROR
Expecting value: line 1 column 1 (char 0)
<Response [502]>
street light
ERROR
Expecting value: line 1 column 1 (char 0)
<Response [502]>
ducks
ERROR
Expecting value: line 1 column 1 (char 0)
<Response [502]>
other birds
ERROR
Expecting value: line 1 column 1 (char 0)
<Response [502]>
birds
ERROR
Expecting value: line 1 column 1 (char 0)
<Response [502]>
concrete deck
ERROR
Expecting value: line 1 column 1 (char 0)
<Response [502]>
other deck
ERROR
Expecting value: line 1 column 1 (char 0)
<Response [502]>
long chain
ERROR
Expecting value: line 1 column 1 (char 0)
<Response [502]>
medium chain
ERROR
Expecting value: line 1 column 1 (char 0)
<Response [502]>
short chain
ERROR
Expecting value: line 1 column 1 (char 0)
<Response [502]>
u-lock
ERROR
Expecting value: line 1 column 1 (char 0)
<Response [502]>
chain lock
ERROR
Expecting value: line 1 column 1 (char 0)
<Response [502]>
cable lock
ERROR
Expecting value: line 1 column 1 (char 0)
<Response [502]>
platinum
ERROR
Expecting value: line 1 column 1 (char 0)
<Response [502]>
goatee
ERROR
Expecting value: line 1 column 1 (char 0)
<Response [502]>
hydraulic crane
ERROR
Expecting value: line 1 column 1 (char 0)
<Response [502]>
boom crane
ERROR
Expecting value: line 1 column 1 (char 0)
<Response [502]>
mobile crane
ERROR
Expecting value: line 1 column 1 (char 0)
<Response [502]>
f fixed crane
ERROR
Expecting value: line 1 column 1 (char 0)
<Response [502]>
telescopic crane
ERROR
Expecting value: line 1 column 1 (char 0)
<Response [502]>
beams in the middle of the boat
ERROR
Expecting value: line 1 column 1 (char 0)
<Response [502]>
beams on the side of the boat
ERROR
Expecting value: line 1 column 1 (char 0)
<Response [502]>
glass front
ERROR
Expecting value: line 1 column 1 (char 0)
<Response [502]>
metal front
ERROR
Expecting value: line 1 column 1 (char 0)
<Response [502]>
window front
ERROR
Expecting value: line 1 column 1 (char 0)
<Response [502]>
cabin
ERROR
Expecting value: line 1 column 1 (char 0)
<Response [502]>
shed
ERROR
Expecting value: line 1 column 1 (char 0)
<Response [502]>
credit card
ERROR
Expecting value: line 1 column 1 (char 0)
<Response [502]>
debit card
ERROR
Expecting value: line 1 column 1 (char 0)
<Response [502]>
id card
ERROR
Expecting value: line 1 column 1 (char 0)
<Response [502]>
undergoing renovation
ERROR
Expecting value: line 1 column 1 (char 0)
<Response [502]>
aligned
ERROR
Expecting value: line 1 column 1 (char 0)
<Response [502]>
chalet
ERROR
Expecting value: line 1 column 1 (char 0)
<Response [502]>
lodge
ERROR
Expecting value: line 1 column 1 (char 0)
<Response [502]>
side by side
ERROR
Expecting value: line 1 column 1 (char 0)
<Response [502]>
stacked
ERROR
Expecting value: line 1 column 1 (char 0)
<Response [502]>
interactive display
ERROR
Expecting value: line 1 column 1 (char 0)
<Response [502]>
printed display
ERROR
Expecting value: line 1 column 1 (char 0)
<Response [502]>
digital display
ERROR
Expecting value: line 1 column 1 (char 0)
<Response [502]>
antiques
ERROR
Expecting value: line 1 column 1 (char 0)
<Response [502]>
stairset
ERROR
Expecting value: line 1 column 1 (char 0)
<Response [502]>
herbs
ERROR
Expecting value: line 1 column 1 (char 0)
<Response [502]>
fresh food stand
ERROR
Expecting value: line 1 column 1 (char 0)
<Response [502]>
chocolate chips
ERROR
Expecting value: line 1 column 1 (char 0)
<Response [502]>
vietnam war
ERROR
Expecting value: line 1 column 1 (char 0)
<Response [502]>
world war ii
ERROR
Expecting value: line 1 column 1 (char 0)
<Response [502]>
gulf war
ERROR
Expecting value: line 1 column 1 (char 0)
<Response [502]>
korean war
ERROR
Expecting value: line 1 column 1 (char 0)
<Response [502]>
smart remote
ERROR
Expecting value: line 1 column 1 (char 0)
<Response [502]>
gaming remote
ERROR
Expecting value: line 1 column 1 (char 0)
<Response [502]>
basic remote
ERROR
Expecting value: line 1 column 1 (char 0)
<Response [502]>
tv remote
ERROR
Expecting value: line 1 column 1 (char 0)
<Response [502]>
computer remote
ERROR
Expecting value: line 1 column 1 (char 0)
<Response [502]>
small remote
ERROR
Expecting value: line 1 column 1 (char 0)
<Response [502]>
large remote
ERROR
Expecting value: line 1 column 1 (char 0)
<Response [502]>
custom remote
ERROR
Expecting value: line 1 column 1 (char 0)
<Response [502]>
clone remote
ERROR
Expecting value: line 1 column 1 (char 0)
<Response [502]>
iv bag
ERROR
Expecting value: line 1 column 1 (char 0)
<Response [502]>
defibrillator
ERROR
Expecting value: line 1 column 1 (char 0)
<Response [502]>
x_games
ERROR
Expecting value: line 1 column 1 (char 0)
<Response [502]>
olympics
ERROR
Expecting value: line 1 column 1 (char 0)
<Response [502]>
world_championships
ERROR
Expecting value: line 1 column 1 (char 0)
<Response [502]>
cherry
ERROR
Expecting value: line 1 column 1 (char 0)
<Response [502]>
pill
ERROR
Expecting value: line 1 column 1 (char 0)
<Response [502]>
potion
ERROR
Expecting value: line 1 column 1 (char 0)
<Response [502]>
ointment
ERROR
Expecting value: line 1 column 1 (char 0)
<Response [502]>
grainy sand
ERROR
Expecting value: line 1 column 1 (char 0)
<Response [502]>
grainy
ERROR
Expecting value: line 1 column 1 (char 0)
<Response [502]>
fine
ERROR
Expecting value: line 1 column 1 (char 0)
<Response [502]>
coarse
ERROR
Expecting value: line 1 column 1 (char 0)
<Response [502]>
digital camera
ERROR
Expecting value: line 1 column 1 (char 0)
<Response [502]>
webcam
ERROR
Expecting value: line 1 column 1 (char 0)
<Response [502]>
smartphone camera
ERROR
Expecting value: line 1 column 1 (char 0)
<Response [502]>
mirrorless camera
ERROR
Expecting value: line 1 column 1 (char 0)
<Response [502]>
point-and-shoot camera
ERROR
Expecting value: line 1 column 1 (char 0)
<Response [502]>
dslr camera
ERROR
Expecting value: line 1 column 1 (char 0)
<Response [502]>
dslr
ERROR
Expecting value: line 1 column 1 (char 0)
<Response [502]>
mirrorless
ERROR
Expecting value: line 1 column 1 (char 0)
<Response [502]>
point-and-shoot
ERROR
Expecting value: line 1 column 1 (char 0)
<Response [502]>
chips
ERROR
Expecting value: line 1 column 1 (char 0)
<Response [502]>
fries
ERROR
Expecting value: line 1 column 1 (char 0)
<Response [502]>
android tablet
ERROR
Expecting value: line 1 column 1 (char 0)
<Response [502]>
other tablet
ERROR
Expecting value: line 1 column 1 (char 0)
<Response [502]>
large tablet
ERROR
Expecting value: line 1 column 1 (char 0)
<Response [502]>
small tablet
ERROR
Expecting value: line 1 column 1 (char 0)
<Response [502]>
settings
ERROR
Expecting value: line 1 column 1 (char 0)
<Response [502]>
apps
ERROR
Expecting value: line 1 column 1 (char 0)
<Response [502]>
home screen
ERROR
Expecting value: line 1 column 1 (char 0)
<Response [502]>
chocolate-dipped
ERROR
Expecting value: line 1 column 1 (char 0)
<Response [502]>
other birthday theme
ERROR
Expecting value: line 1 column 1 (char 0)
<Response [502]>
female birthday
ERROR
Expecting value: line 1 column 1 (char 0)
<Response [502]>
male birthday
ERROR
Expecting value: line 1 column 1 (char 0)
<Response [502]>
joint birthday
ERROR
Expecting value: line 1 column 1 (char 0)
<Response [502]>
wearing rings
ERROR
Expecting value: line 1 column 1 (char 0)
<Response [502]>
wearing gloves
ERROR
Expecting value: line 1 column 1 (char 0)
<Response [502]>
wearing jewelry
ERROR
Expecting value: line 1 column 1 (char 0)
<Response [502]>
wooden oar
ERROR
Expecting value: line 1 column 1 (char 0)
<Response [502]>
metal oar
ERROR
Expecting value: line 1 column 1 (char 0)
<Response [502]>
elf
ERROR
Expecting value: line 1 column 1 (char 0)
<Response [502]>
orc
ERROR
Expecting value: line 1 column 1 (char 0)
<Response [502]>
dwarf
ERROR
Expecting value: line 1 column 1 (char 0)
<Response [502]>
pizza peel
ERROR
Expecting value: line 1 column 1 (char 0)
<Response [502]>
simple scarf
ERROR
Expecting value: line 1 column 1 (char 0)
<Response [502]>
striped scarf
ERROR
Expecting value: line 1 column 1 (char 0)
<Response [502]>
floral scarf
ERROR
Expecting value: line 1 column 1 (char 0)
<Response [502]>
dinner fork
ERROR
Expecting value: line 1 column 1 (char 0)
<Response [502]>
salad fork
ERROR
Expecting value: line 1 column 1 (char 0)
<Response [502]>
teaspoon
ERROR
Expecting value: line 1 column 1 (char 0)
<Response [502]>
other utensils
ERROR
Expecting value: line 1 column 1 (char 0)
<Response [502]>
all-mountain boot
ERROR
Expecting value: line 1 column 1 (char 0)
<Response [502]>
freestyle boot
ERROR
Expecting value: line 1 column 1 (char 0)
<Response [502]>
downhill boot
ERROR
Expecting value: line 1 column 1 (char 0)
<Response [502]>
cd
ERROR
Expecting value: line 1 column 1 (char 0)
<Response [502]>
vinyl
ERROR
Expecting value: line 1 column 1 (char 0)
<Response [502]>
album
ERROR
Expecting value: line 1 column 1 (char 0)
<Response [502]>
compilation
ERROR
Expecting value: line 1 column 1 (char 0)
<Response [502]>
steeple
ERROR
Expecting value: line 1 column 1 (char 0)
<Response [502]>
dome
ERROR
Expecting value: line 1 column 1 (char 0)
<Response [502]>
cathedral
ERROR
Expecting value: line 1 column 1 (char 0)
<Response [502]>
orthodox
ERROR
Expecting value: line 1 column 1 (char 0)
<Response [502]>
catholic
ERROR
Expecting value: line 1 column 1 (char 0)
<Response [502]>
protestant
ERROR
Expecting value: line 1 column 1 (char 0)
<Response [502]>
older than 100 years
ERROR
Expecting value: line 1 column 1 (char 0)
<Response [502]>
between 100-50 years
ERROR
Expecting value: line 1 column 1 (char 0)
<Response [502]>
less than 50 years
ERROR
Expecting value: line 1 column 1 (char 0)
<Response [502]>
mario
ERROR
Expecting value: line 1 column 1 (char 0)
<Response [502]>
fortnite
ERROR
Expecting value: line 1 column 1 (char 0)
<Response [502]>
league of legends
ERROR
Expecting value: line 1 column 1 (char 0)
<Response [502]>
3 o'clock
ERROR
Expecting value: line 1 column 1 (char 0)
<Response [502]>
9 o'clock
ERROR
Expecting value: line 1 column 1 (char 0)
<Response [502]>
6 o'clock
ERROR
Expecting value: line 1 column 1 (char 0)
<Response [502]>
12 o'clock
ERROR
Expecting value: line 1 column 1 (char 0)
<Response [502]>
soft brush
ERROR
Expecting value: line 1 column 1 (char 0)
<Response [502]>
other brush
ERROR
Expecting value: line 1 column 1 (char 0)
<Response [502]>
rough brush
ERROR
Expecting value: line 1 column 1 (char 0)
<Response [502]>
link
ERROR
Expecting value: line 1 column 1 (char 0)
<Response [502]>
samus
ERROR
Expecting value: line 1 column 1 (char 0)
<Response [502]>
other surface
ERROR
Expecting value: line 1 column 1 (char 0)
<Response [502]>
america
ERROR
Expecting value: line 1 column 1 (char 0)
<Response [502]>
smoothie pack
ERROR
Expecting value: line 1 column 1 (char 0)
<Response [502]>
smoothie
ERROR
Expecting value: line 1 column 1 (char 0)
<Response [502]>
smoothie bowl
ERROR
Expecting value: line 1 column 1 (char 0)
<Response [502]>
wireless controller
ERROR
Expecting value: line 1 column 1 (char 0)
<Response [502]>
touchpad
ERROR
Expecting value: line 1 column 1 (char 0)
<Response [502]>
button-based
ERROR
Expecting value: line 1 column 1 (char 0)
<Response [502]>
in progress
ERROR
Expecting value: line 1 column 1 (char 0)
<Response [502]>
landline
ERROR
Expecting value: line 1 column 1 (char 0)
<Response [502]>
cellphone
ERROR
Expecting value: line 1 column 1 (char 0)
<Response [502]>
wii
ERROR
Expecting value: line 1 column 1 (char 0)
<Response [502]>
country stamps
ERROR
Expecting value: line 1 column 1 (char 0)
<Response [502]>
thematic stamps
ERROR
Expecting value: line 1 column 1 (char 0)
<Response [502]>
comic stamps
ERROR
Expecting value: line 1 column 1 (char 0)
<Response [502]>
other stamp types
ERROR
Expecting value: line 1 column 1 (char 0)
<Response [502]>
modern stamps
ERROR
Expecting value: line 1 column 1 (char 0)
<Response [502]>
vintage stamps
ERROR
Expecting value: line 1 column 1 (char 0)
<Response [502]>
ancient stamps
ERROR
Expecting value: line 1 column 1 (char 0)
<Response [502]>
champagne
ERROR
Expecting value: line 1 column 1 (char 0)
<Response [502]>
utensil
ERROR
Expecting value: line 1 column 1 (char 0)
<Response [502]>
t-shirt kiosk
ERROR
Expecting value: line 1 column 1 (char 0)
<Response [502]>
mixing bowls
ERROR
Expecting value: line 1 column 1 (char 0)
<Response [502]>
measuring cups
ERROR
Expecting value: line 1 column 1 (char 0)
<Response [502]>
other meal
ERROR
Expecting value: line 1 column 1 (char 0)
<Response [502]>
in-ground
ERROR
Expecting value: line 1 column 1 (char 0)
<Response [502]>
tightly packed
ERROR
Expecting value: line 1 column 1 (char 0)
<Response [502]>
double-breasted
ERROR
Expecting value: line 1 column 1 (char 0)
<Response [502]>
single-breasted
ERROR
Expecting value: line 1 column 1 (char 0)
<Response [502]>
soaking tub
ERROR
Expecting value: line 1 column 1 (char 0)
<Response [502]>
whirlpool tub
ERROR
Expecting value: line 1 column 1 (char 0)
<Response [502]>
jetted tub
ERROR
Expecting value: line 1 column 1 (char 0)
<Response [502]>
sunken
ERROR
Expecting value: line 1 column 1 (char 0)
<Response [502]>
peanut butter
ERROR
Expecting value: line 1 column 1 (char 0)
<Response [502]>
serving spoon
ERROR
Expecting value: line 1 column 1 (char 0)
<Response [502]>
eating spoon
ERROR
Expecting value: line 1 column 1 (char 0)
<Response [502]>
metal spoon
ERROR
Expecting value: line 1 column 1 (char 0)
<Response [502]>
plastic spoon
ERROR
Expecting value: line 1 column 1 (char 0)
<Response [502]>
wooden spoon
ERROR
Expecting value: line 1 column 1 (char 0)
<Response [502]>
budget-friendly
ERROR
Expecting value: line 1 column 1 (char 0)
<Response [502]>
kitchen knife
ERROR
Expecting value: line 1 column 1 (char 0)
<Response [502]>
executive chef
ERROR
Expecting value: line 1 column 1 (char 0)
<Response [502]>
sous chef
ERROR
Expecting value: line 1 column 1 (char 0)
<Response [502]>
catamaran
ERROR
Expecting value: line 1 column 1 (char 0)
<Response [502]>
sailboat with sails
ERROR
Expecting value: line 1 column 1 (char 0)
<Response [502]>
mono-hull
ERROR
Expecting value: line 1 column 1 (char 0)
<Response [502]>
un-docked
ERROR
Expecting value: line 1 column 1 (char 0)
<Response [502]>
full face mask
ERROR
Expecting value: line 1 column 1 (char 0)
<Response [502]>
no helmet
ERROR
Expecting value: line 1 column 1 (char 0)
<Response [502]>
half face mask
ERROR
Expecting value: line 1 column 1 (char 0)
<Response [502]>
pint
ERROR
Expecting value: line 1 column 1 (char 0)
<Response [502]>
lager
ERROR
Expecting value: line 1 column 1 (char 0)
<Response [502]>
saison
ERROR
Expecting value: line 1 column 1 (char 0)
<Response [502]>
stout
ERROR
Expecting value: line 1 column 1 (char 0)
<Response [502]>
ipa
ERROR
Expecting value: line 1 column 1 (char 0)
<Response [502]>
one propeller
ERROR
Expecting value: line 1 column 1 (char 0)
<Response [502]>
two propellers
ERROR
Expecting value: line 1 column 1 (char 0)
<Response [502]>
directly ahead
ERROR
Expecting value: line 1 column 1 (char 0)
<Response [502]>
directly behind
ERROR
Expecting value: line 1 column 1 (char 0)
<Response [502]>
no sunlight
ERROR
Expecting value: line 1 column 1 (char 0)
<Response [502]>
rider gear
ERROR
Expecting value: line 1 column 1 (char 0)
<Response [502]>
gothic arch
ERROR
Expecting value: line 1 column 1 (char 0)
<Response [502]>
roman arch
ERROR
Expecting value: line 1 column 1 (char 0)
<Response [502]>
classical arch
ERROR
Expecting value: line 1 column 1 (char 0)
<Response [502]>
short nose
ERROR
Expecting value: line 1 column 1 (char 0)
<Response [502]>
long nose
ERROR
Expecting value: line 1 column 1 (char 0)
<Response [502]>
drugs
ERROR
Expecting value: line 1 column 1 (char 0)
<Response [502]>
explosives
ERROR
Expecting value: line 1 column 1 (char 0)
<Response [502]>
weapons
ERROR
Expecting value: line 1 column 1 (char 0)
<Response [502]>
straw
ERROR
Expecting value: line 1 column 1 (char 0)
<Response [502]>
sawdust
ERROR
Expecting value: line 1 column 1 (char 0)
<Response [502]>
4-5 devices
ERROR
Expecting value: line 1 column 1 (char 0)
<Response [502]>
2-3 devices
ERROR
Expecting value: line 1 column 1 (char 0)
<Response [502]>
1 device
ERROR
Expecting value: line 1 column 1 (char 0)
<Response [502]>
normal blacklight
ERROR
Expecting value: line 1 column 1 (char 0)
<Response [502]>
uv blacklight
ERROR
Expecting value: line 1 column 1 (char 0)
<Response [502]>
airstrip
ERROR
Expecting value: line 1 column 1 (char 0)
<Response [502]>
photocopy
ERROR
Expecting value: line 1 column 1 (char 0)
<Response [502]>
no traffic
ERROR
Expecting value: line 1 column 1 (char 0)
<Response [502]>
other floaters
ERROR
Expecting value: line 1 column 1 (char 0)
<Response [502]>
airplane floaters
ERROR
Expecting value: line 1 column 1 (char 0)
<Response [502]>
boat floaters
ERROR
Expecting value: line 1 column 1 (char 0)
<Response [502]>
metal barrel
ERROR
Expecting value: line 1 column 1 (char 0)
<Response [502]>
wooden barrel
ERROR
Expecting value: line 1 column 1 (char 0)
<Response [502]>
plastic barrel
ERROR
Expecting value: line 1 column 1 (char 0)
<Response [502]>
other barrel
ERROR
Expecting value: line 1 column 1 (char 0)
<Response [502]>
steel barrel
ERROR
Expecting value: line 1 column 1 (char 0)
<Response [502]>
oak barrel
ERROR
Expecting value: line 1 column 1 (char 0)
<Response [502]>
medium seaplane
ERROR
Expecting value: line 1 column 1 (char 0)
<Response [502]>
large seaplane
ERROR
Expecting value: line 1 column 1 (char 0)
<Response [502]>
small seaplane
ERROR
Expecting value: line 1 column 1 (char 0)
<Response [502]>
wireless headphones
ERROR
Expecting value: line 1 column 1 (char 0)
<Response [502]>
wired headphones
ERROR
Expecting value: line 1 column 1 (char 0)
<Response [502]>
other materials
ERROR
Expecting value: line 1 column 1 (char 0)
<Response [502]>
heavy duty
ERROR
Expecting value: line 1 column 1 (char 0)
<Response [502]>
snow-capped mountains
ERROR
Expecting value: line 1 column 1 (char 0)
<Response [502]>
volcanic mountains
ERROR
Expecting value: line 1 column 1 (char 0)
<Response [502]>
passenger train cars
ERROR
Expecting value: line 1 column 1 (char 0)
<Response [502]>
freight train cars
ERROR
Expecting value: line 1 column 1 (char 0)
<Response [502]>
carriage
ERROR
Expecting value: line 1 column 1 (char 0)
<Response [502]>
pulling wagon
ERROR
Expecting value: line 1 column 1 (char 0)
<Response [502]>
utility wagon
ERROR
Expecting value: line 1 column 1 (char 0)
<Response [502]>
illegible
ERROR
Expecting value: line 1 column 1 (char 0)
<Response [502]>
legible
ERROR
Expecting value: line 1 column 1 (char 0)
<Response [502]>
distribution lines
ERROR
Expecting value: line 1 column 1 (char 0)
<Response [502]>
high-tension lines
ERROR
Expecting value: line 1 column 1 (char 0)
<Response [502]>
transmission lines
ERROR
Expecting value: line 1 column 1 (char 0)
<Response [502]>
low-tension lines
ERROR
Expecting value: line 1 column 1 (char 0)
<Response [502]>
transformer station
ERROR
Expecting value: line 1 column 1 (char 0)
<Response [502]>
low-tension line
ERROR
Expecting value: line 1 column 1 (char 0)
<Response [502]>
high-tension line
ERROR
Expecting value: line 1 column 1 (char 0)
<Response [502]>
string line
ERROR
Expecting value: line 1 column 1 (char 0)
<Response [502]>
pulley line
ERROR
Expecting value: line 1 column 1 (char 0)
<Response [502]>
hanging line
ERROR
Expecting value: line 1 column 1 (char 0)
<Response [502]>
eu
ERROR
Expecting value: line 1 column 1 (char 0)
<Response [502]>
single parking space
ERROR
Expecting value: line 1 column 1 (char 0)
<Response [502]>
multiple parking spaces
ERROR
Expecting value: line 1 column 1 (char 0)
<Response [502]>
reserved
ERROR
Expecting value: line 1 column 1 (char 0)
<Response [502]>
guitar
ERROR
Expecting value: line 1 column 1 (char 0)
<Response [502]>
drums
ERROR
Expecting value: line 1 column 1 (char 0)
<Response [502]>
piano
ERROR
Expecting value: line 1 column 1 (char 0)
<Response [502]>
biodegradable
ERROR
Expecting value: line 1 column 1 (char 0)
<Response [502]>
pigeonhole
ERROR
Expecting value: line 1 column 1 (char 0)
<Response [502]>
slotted
ERROR
Expecting value: line 1 column 1 (char 0)
<Response [502]>
script letters
ERROR
Expecting value: line 1 column 1 (char 0)
<Response [502]>
calligraphy
ERROR
Expecting value: line 1 column 1 (char 0)
<Response [502]>
large amount
ERROR
Expecting value: line 1 column 1 (char 0)
<Response [502]>
small amount
ERROR
Expecting value: line 1 column 1 (char 0)
<Response [502]>
medium amount
ERROR
Expecting value: line 1 column 1 (char 0)
<Response [502]>
medium term
ERROR
Expecting value: line 1 column 1 (char 0)
<Response [502]>
long term
ERROR
Expecting value: line 1 column 1 (char 0)
<Response [502]>
short term
ERROR
Expecting value: line 1 column 1 (char 0)
<Response [502]>
unoccupied
ERROR
Expecting value: line 1 column 1 (char 0)
<Response [502]>
energy drink
ERROR
Expecting value: line 1 column 1 (char 0)
<Response [502]>
waterful
ERROR
Expecting value: line 1 column 1 (char 0)
<Response [502]>
foot bridge
ERROR
Expecting value: line 1 column 1 (char 0)
<Response [502]>
berber
ERROR
Expecting value: line 1 column 1 (char 0)
<Response [502]>
truck decal
ERROR
Expecting value: line 1 column 1 (char 0)
<Response [502]>
car decal
ERROR
Expecting value: line 1 column 1 (char 0)
<Response [502]>
other decal
ERROR
Expecting value: line 1 column 1 (char 0)
<Response [502]>
cultural significance
ERROR
Expecting value: line 1 column 1 (char 0)
<Response [502]>
historical event
ERROR
Expecting value: line 1 column 1 (char 0)
<Response [502]>
tourist attraction
ERROR
Expecting value: line 1 column 1 (char 0)
<Response [502]>
directly facing the camera
ERROR
Expecting value: line 1 column 1 (char 0)
<Response [502]>
away from the camera
ERROR
Expecting value: line 1 column 1 (char 0)
<Response [502]>
angled towards the camera
ERROR
Expecting value: line 1 column 1 (char 0)
<Response [502]>
drain
ERROR
Expecting value: line 1 column 1 (char 0)
<Response [502]>
sewer
ERROR
Expecting value: line 1 column 1 (char 0)
<Response [502]>
passionate
ERROR
Expecting value: line 1 column 1 (char 0)
<Response [502]>
leather futon
ERROR
Expecting value: line 1 column 1 (char 0)
<Response [502]>
standard futon
ERROR
Expecting value: line 1 column 1 (char 0)
<Response [502]>
memory foam futon
ERROR
Expecting value: line 1 column 1 (char 0)
<Response [502]>
boomerang
ERROR
Expecting value: line 1 column 1 (char 0)
<Response [502]>
adult swim
ERROR
Expecting value: line 1 column 1 (char 0)
<Response [502]>
cartoon network
ERROR
Expecting value: line 1 column 1 (char 0)
<Response [502]>
marvel
ERROR
Expecting value: line 1 column 1 (char 0)
<Response [502]>
dc comics
ERROR
Expecting value: line 1 column 1 (char 0)
<Response [502]>
primary partition
ERROR
Expecting value: line 1 column 1 (char 0)
<Response [502]>
secondary partition
ERROR
Expecting value: line 1 column 1 (char 0)
<Response [502]>
cliffs
ERROR
Expecting value: line 1 column 1 (char 0)
<Response [502]>
reality tv
ERROR
Expecting value: line 1 column 1 (char 0)
<Response [502]>
bachelor group
ERROR
Expecting value: line 1 column 1 (char 0)
<Response [502]>
bottom half
ERROR
Expecting value: line 1 column 1 (char 0)
<Response [502]>
top half
ERROR
Expecting value: line 1 column 1 (char 0)
<Response [502]>
entire briefcase
ERROR
Expecting value: line 1 column 1 (char 0)
<Response [502]>
sinuous
ERROR
Expecting value: line 1 column 1 (char 0)
<Response [502]>
cable
ERROR
Expecting value: line 1 column 1 (char 0)
<Response [502]>
workbench
ERROR
Expecting value: line 1 column 1 (char 0)
<Response [502]>
it professional
ERROR
Expecting value: line 1 column 1 (char 0)
<Response [502]>
leather sofa
ERROR
Expecting value: line 1 column 1 (char 0)
<Response [502]>
modern sofa
ERROR
Expecting value: line 1 column 1 (char 0)
<Response [502]>
on body
ERROR
Expecting value: line 1 column 1 (char 0)
<Response [502]>
on neck
ERROR
Expecting value: line 1 column 1 (char 0)
<Response [502]>
on head
ERROR
Expecting value: line 1 column 1 (char 0)
<Response [502]>
muzzle
ERROR
Expecting value: line 1 column 1 (char 0)
<Response [502]>
paddock
ERROR
Expecting value: line 1 column 1 (char 0)
<Response [502]>
cab 180
ERROR
Expecting value: line 1 column 1 (char 0)
<Response [502]>
frontside 180
ERROR
Expecting value: line 1 column 1 (char 0)
<Response [502]>
backside 180
ERROR
Expecting value: line 1 column 1 (char 0)
<Response [502]>
english saddle
ERROR
Expecting value: line 1 column 1 (char 0)
<Response [502]>
western saddle
ERROR
Expecting value: line 1 column 1 (char 0)
<Response [502]>
four-bottom plow
ERROR
Expecting value: line 1 column 1 (char 0)
<Response [502]>
two-bottom plow
ERROR
Expecting value: line 1 column 1 (char 0)
<Response [502]>
turn trick
ERROR
Expecting value: line 1 column 1 (char 0)
<Response [502]>
spin trick
ERROR
Expecting value: line 1 column 1 (char 0)
<Response [502]>
jump trick
ERROR
Expecting value: line 1 column 1 (char 0)
<Response [502]>
t-bar
ERROR
Expecting value: line 1 column 1 (char 0)
<Response [502]>
gondola
ERROR
Expecting value: line 1 column 1 (char 0)
<Response [502]>
chairlift
ERROR
Expecting value: line 1 column 1 (char 0)
<Response [502]>
bubble chair
ERROR
Expecting value: line 1 column 1 (char 0)
<Response [502]>
medal
ERROR
Expecting value: line 1 column 1 (char 0)
<Response [502]>
certificate
ERROR
Expecting value: line 1 column 1 (char 0)
<Response [502]>
trophy
ERROR
Expecting value: line 1 column 1 (char 0)
<Response [502]>
freestyle skis
ERROR
Expecting value: line 1 column 1 (char 0)
<Response [502]>
downhill skis
ERROR
Expecting value: line 1 column 1 (char 0)
<Response [502]>
cross-country skis
ERROR
Expecting value: line 1 column 1 (char 0)
<Response [502]>
crossed
ERROR
Expecting value: line 1 column 1 (char 0)
<Response [502]>
uncrossed
ERROR
Expecting value: line 1 column 1 (char 0)
<Response [502]>
micro softball
ERROR
Expecting value: line 1 column 1 (char 0)
<Response [502]>
standard softball
ERROR
Expecting value: line 1 column 1 (char 0)
<Response [502]>
push cart
ERROR
Expecting value: line 1 column 1 (char 0)
<Response [502]>
street food cart
ERROR
Expecting value: line 1 column 1 (char 0)
<Response [502]>
mini ramp
ERROR
Expecting value: line 1 column 1 (char 0)
<Response [502]>
thrasher
ERROR
Expecting value: line 1 column 1 (char 0)
<Response [502]>
knuckleball
ERROR
Expecting value: line 1 column 1 (char 0)
<Response [502]>
porch
ERROR
Expecting value: line 1 column 1 (char 0)
<Response [502]>
ungroomed terrain
ERROR
Expecting value: line 1 column 1 (char 0)
<Response [502]>
repair
ERROR
Expecting value: line 1 column 1 (char 0)
<Response [502]>
maintenance
ERROR
Expecting value: line 1 column 1 (char 0)
<Response [502]>
hiking
ERROR
Expecting value: line 1 column 1 (char 0)
<Response [502]>
aspen
ERROR
Expecting value: line 1 column 1 (char 0)
<Response [502]>
breckenridge
ERROR
Expecting value: line 1 column 1 (char 0)
<Response [502]>
inflatable kayak
ERROR
Expecting value: line 1 column 1 (char 0)
<Response [502]>
tandem kayak
ERROR
Expecting value: line 1 column 1 (char 0)
<Response [502]>
single kayak
ERROR
Expecting value: line 1 column 1 (char 0)
<Response [502]>
rockett
ERROR
Expecting value: line 1 column 1 (char 0)
<Response [502]>
whitewater
ERROR
Expecting value: line 1 column 1 (char 0)
<Response [502]>
sit-on-top
ERROR
Expecting value: line 1 column 1 (char 0)
<Response [502]>
sit-in
ERROR
Expecting value: line 1 column 1 (char 0)
<Response [502]>
c-shape
ERROR
Expecting value: line 1 column 1 (char 0)
<Response [502]>
cola
ERROR
Expecting value: line 1 column 1 (char 0)
<Response [502]>
coleslaw
ERROR
Expecting value: line 1 column 1 (char 0)
<Response [502]>
not forked
ERROR
Expecting value: line 1 column 1 (char 0)
<Response [502]>
forked
ERROR
Expecting value: line 1 column 1 (char 0)
<Response [502]>
treetops
ERROR
Expecting value: line 1 column 1 (char 0)
<Response [502]>
sit-down paddleboard
ERROR
Expecting value: line 1 column 1 (char 0)
<Response [502]>
sit down paddleboard
ERROR
Expecting value: line 1 column 1 (char 0)
<Response [502]>
stand up paddleboard
ERROR
Expecting value: line 1 column 1 (char 0)
<Response [502]>
huge wave
ERROR
Expecting value: line 1 column 1 (char 0)
<Response [502]>
swim cap
ERROR
Expecting value: line 1 column 1 (char 0)
<Response [502]>
fins
ERROR
Expecting value: line 1 column 1 (char 0)
<Response [502]>
pedestal
ERROR
Expecting value: line 1 column 1 (char 0)
<Response [502]>
leftover
ERROR
Expecting value: line 1 column 1 (char 0)
<Response [502]>
junior
ERROR
Expecting value: line 1 column 1 (char 0)
<Response [502]>
knee-high
ERROR
Expecting value: line 1 column 1 (char 0)
<Response [502]>
other pipeline
ERROR
Expecting value: line 1 column 1 (char 0)
<Response [502]>
tidal pipeline
ERROR
Expecting value: line 1 column 1 (char 0)
<Response [502]>
wave pipeline
ERROR
Expecting value: line 1 column 1 (char 0)
<Response [502]>
rodeo
ERROR
Expecting value: line 1 column 1 (char 0)
<Response [502]>
softboard
ERROR
Expecting value: line 1 column 1 (char 0)
<Response [502]>
nightstands
ERROR
Expecting value: line 1 column 1 (char 0)
<Response [502]>
other decorative elements
ERROR
Expecting value: line 1 column 1 (char 0)
<Response [502]>
celebration with family
ERROR
Expecting value: line 1 column 1 (char 0)
<Response [502]>
celebration with friends
ERROR
Expecting value: line 1 column 1 (char 0)
<Response [502]>
board
ERROR
Expecting value: line 1 column 1 (char 0)
<Response [502]>
line
ERROR
Expecting value: line 1 column 1 (char 0)
<Response [502]>
engagement ring
ERROR
Expecting value: line 1 column 1 (char 0)
<Response [502]>
other ring
ERROR
Expecting value: line 1 column 1 (char 0)
<Response [502]>
wedding ring
ERROR
Expecting value: line 1 column 1 (char 0)
<Response [502]>
short bat
ERROR
Expecting value: line 1 column 1 (char 0)
<Response [502]>
medium bat
ERROR
Expecting value: line 1 column 1 (char 0)
<Response [502]>
long bat
ERROR
Expecting value: line 1 column 1 (char 0)
<Response [502]>
acoustic piano
ERROR
Expecting value: line 1 column 1 (char 0)
<Response [502]>
electric piano
ERROR
Expecting value: line 1 column 1 (char 0)
<Response [502]>
digital piano
ERROR
Expecting value: line 1 column 1 (char 0)
<Response [502]>
music player
ERROR
Expecting value: line 1 column 1 (char 0)
<Response [502]>
gps
ERROR
Expecting value: line 1 column 1 (char 0)
<Response [502]>
bill
ERROR
Expecting value: line 1 column 1 (char 0)
<Response [502]>
package
ERROR
Expecting value: line 1 column 1 (char 0)
<Response [502]>
some
ERROR
Expecting value: line 1 column 1 (char 0)
<Response [502]>
hit
ERROR
Expecting value: line 1 column 1 (char 0)
<Response [502]>
foul
ERROR
Expecting value: line 1 column 1 (char 0)
<Response [502]>
strike
ERROR
Expecting value: line 1 column 1 (char 0)
<Response [502]>
video game
ERROR
Expecting value: line 1 column 1 (char 0)
<Response [502]>
analog clock
ERROR
Expecting value: line 1 column 1 (char 0)
<Response [502]>
digital clock
ERROR
Expecting value: line 1 column 1 (char 0)
<Response [502]>
ipod
ERROR
Expecting value: line 1 column 1 (char 0)
<Response [502]>
blackberry
ERROR
Expecting value: line 1 column 1 (char 0)
<Response [502]>
hobbyist workshop
ERROR
Expecting value: line 1 column 1 (char 0)
<Response [502]>
professional workshop
ERROR
Expecting value: line 1 column 1 (char 0)
<Response [502]>
home workshop
ERROR
Expecting value: line 1 column 1 (char 0)
<Response [502]>
catcher's helmet
ERROR
Expecting value: line 1 column 1 (char 0)
<Response [502]>
fielder's helmet
ERROR
Expecting value: line 1 column 1 (char 0)
<Response [502]>
pitcher's helmet
ERROR
Expecting value: line 1 column 1 (char 0)
<Response [502]>
portable radio
ERROR
Expecting value: line 1 column 1 (char 0)
<Response [502]>
home radio
ERROR
Expecting value: line 1 column 1 (char 0)
<Response [502]>
car radio
ERROR
Expecting value: line 1 column 1 (char 0)
<Response [502]>
portable walkie-talkie
ERROR
Expecting value: line 1 column 1 (char 0)
<Response [502]>
handheld walkie-talkie
ERROR
Expecting value: line 1 column 1 (char 0)
<Response [502]>
fixed walkie-talkie
ERROR
Expecting value: line 1 column 1 (char 0)
<Response [502]>
climate control panel
ERROR
Expecting value: line 1 column 1 (char 0)
<Response [502]>
car stereo control panel
ERROR
Expecting value: line 1 column 1 (char 0)
<Response [502]>
gps control panel
ERROR
Expecting value: line 1 column 1 (char 0)
<Response [502]>
deep pan
ERROR
Expecting value: line 1 column 1 (char 0)
<Response [502]>
sparkling
ERROR
Expecting value: line 1 column 1 (char 0)
<Response [502]>
riedel
ERROR
Expecting value: line 1 column 1 (char 0)
<Response [502]>
dannon
ERROR
Expecting value: line 1 column 1 (char 0)
<Response [502]>
tyson
ERROR
Expecting value: line 1 column 1 (char 0)
<Response [502]>
multi-pack
ERROR
Expecting value: line 1 column 1 (char 0)
<Response [502]>
large quantity
ERROR
Expecting value: line 1 column 1 (char 0)
<Response [502]>
front shelf
ERROR
Expecting value: line 1 column 1 (char 0)
<Response [502]>
back shelf
ERROR
Expecting value: line 1 column 1 (char 0)
<Response [502]>
cosmetic
ERROR
Expecting value: line 1 column 1 (char 0)
<Response [502]>
fake
ERROR
Expecting value: line 1 column 1 (char 0)
<Response [502]>
unbranded
ERROR
Expecting value: line 1 column 1 (char 0)
<Response [502]>
sonoma county
ERROR
Expecting value: line 1 column 1 (char 0)
<Response [502]>
napa valley
ERROR
Expecting value: line 1 column 1 (char 0)
<Response [502]>
sonoma county winery
ERROR
Expecting value: line 1 column 1 (char 0)
<Response [502]>
napa valley winery
ERROR
Expecting value: line 1 column 1 (char 0)
<Response [502]>
other winery
ERROR
Expecting value: line 1 column 1 (char 0)
<Response [502]>
bluetooth connectivity
ERROR
Expecting value: line 1 column 1 (char 0)
<Response [502]>
satellite radio
ERROR
Expecting value: line 1 column 1 (char 0)
<Response [502]>
bob
ERROR
Expecting value: line 1 column 1 (char 0)
<Response [502]>
paid
ERROR
Expecting value: line 1 column 1 (char 0)
<Response [502]>
mixed-material
ERROR
Expecting value: line 1 column 1 (char 0)
<Response [502]>
all-metal
ERROR
Expecting value: line 1 column 1 (char 0)
<Response [502]>
all-plastic
ERROR
Expecting value: line 1 column 1 (char 0)
<Response [502]>
pull-out
ERROR
Expecting value: line 1 column 1 (char 0)
<Response [502]>
touch-free
ERROR
Expecting value: line 1 column 1 (char 0)
<Response [502]>
non-touch
ERROR
Expecting value: line 1 column 1 (char 0)
<Response [502]>
low net
ERROR
Expecting value: line 1 column 1 (char 0)
<Response [502]>
high net
ERROR
Expecting value: line 1 column 1 (char 0)
<Response [502]>
mid-length hair
ERROR
Expecting value: line 1 column 1 (char 0)
<Response [502]>
water mug
ERROR
Expecting value: line 1 column 1 (char 0)
<Response [502]>
tea mug
ERROR
Expecting value: line 1 column 1 (char 0)
<Response [502]>
coffee mug
ERROR
Expecting value: line 1 column 1 (char 0)
<Response [502]>
operating
ERROR
Expecting value: line 1 column 1 (char 0)
<Response [502]>
maintaining
ERROR
Expecting value: line 1 column 1 (char 0)
<Response [502]>
inspecting
ERROR
Expecting value: line 1 column 1 (char 0)
<Response [502]>
farming
ERROR
Expecting value: line 1 column 1 (char 0)
<Response [502]>
fertilizing
ERROR
Expecting value: line 1 column 1 (char 0)
<Response [502]>
pruning
ERROR
Expecting value: line 1 column 1 (char 0)
<Response [502]>
personal backpack
ERROR
Expecting value: line 1 column 1 (char 0)
<Response [502]>
company backpack
ERROR
Expecting value: line 1 column 1 (char 0)
<Response [502]>
open hopper
ERROR
Expecting value: line 1 column 1 (char 0)
<Response [502]>
tankcar
ERROR
Expecting value: line 1 column 1 (char 0)
<Response [502]>
cuddler
ERROR
Expecting value: line 1 column 1 (char 0)
<Response [502]>
contract
ERROR
Expecting value: line 1 column 1 (char 0)
<Response [502]>
memo
ERROR
Expecting value: line 1 column 1 (char 0)
<Response [502]>
documents
ERROR
Expecting value: line 1 column 1 (char 0)
<Response [502]>
intense
ERROR
Expecting value: line 1 column 1 (char 0)
<Response [502]>
ultra-light
ERROR
Expecting value: line 1 column 1 (char 0)
<Response [502]>
menthol
ERROR
Expecting value: line 1 column 1 (char 0)
<Response [502]>
jeep
ERROR
Expecting value: line 1 column 1 (char 0)
<Response [502]>
today
ERROR
Expecting value: line 1 column 1 (char 0)
<Response [502]>
tomorrow
ERROR
Expecting value: line 1 column 1 (char 0)
<Response [502]>
yesterday
ERROR
Expecting value: line 1 column 1 (char 0)
<Response [502]>
shallow water
ERROR
Expecting value: line 1 column 1 (char 0)
<Response [502]>
calm water
ERROR
Expecting value: line 1 column 1 (char 0)
<Response [502]>
deep water
ERROR
Expecting value: line 1 column 1 (char 0)
<Response [502]>
sailing vest
ERROR
Expecting value: line 1 column 1 (char 0)
<Response [502]>
life jacket
ERROR
Expecting value: line 1 column 1 (char 0)
<Response [502]>
fishing vest
ERROR
Expecting value: line 1 column 1 (char 0)
<Response [502]>
cattle farm
ERROR
Expecting value: line 1 column 1 (char 0)
<Response [502]>
other farming activity
ERROR
Expecting value: line 1 column 1 (char 0)
<Response [502]>
sheep farm
ERROR
Expecting value: line 1 column 1 (char 0)
<Response [502]>
pig farm
ERROR
Expecting value: line 1 column 1 (char 0)
<Response [502]>
warm color
ERROR
Expecting value: line 1 column 1 (char 0)
<Response [502]>
cool color
ERROR
Expecting value: line 1 column 1 (char 0)
<Response [502]>
solar light
ERROR
Expecting value: line 1 column 1 (char 0)
<Response [502]>
electronic
ERROR
Expecting value: line 1 column 1 (char 0)
<Response [502]>
acoustic
ERROR
Expecting value: line 1 column 1 (char 0)
<Response [502]>
riding suit
ERROR
Expecting value: line 1 column 1 (char 0)
<Response [502]>
children
ERROR
Expecting value: line 1 column 1 (char 0)
<Response [502]>
somewhat tight
ERROR
Expecting value: line 1 column 1 (char 0)
<Response [502]>
very tight
ERROR
Expecting value: line 1 column 1 (char 0)
<Response [502]>
loosely tied
ERROR
Expecting value: line 1 column 1 (char 0)
<Response [502]>
hot sauce
ERROR
Expecting value: line 1 column 1 (char 0)
<Response [502]>
laminate
ERROR
Expecting value: line 1 column 1 (char 0)
<Response [502]>
engineered wood
ERROR
Expecting value: line 1 column 1 (char 0)
<Response [502]>
solid wood
ERROR
Expecting value: line 1 column 1 (char 0)
<Response [502]>
number 3
ERROR
Expecting value: line 1 column 1 (char 0)
<Response [502]>
number 1
ERROR
Expecting value: line 1 column 1 (char 0)
<Response [502]>
number 2
ERROR
Expecting value: line 1 column 1 (char 0)
<Response [502]>
1920s
ERROR
Expecting value: line 1 column 1 (char 0)
<Response [502]>
grandstands
ERROR
Expecting value: line 1 column 1 (char 0)
<Response [502]>
wooden raft
ERROR
Expecting value: line 1 column 1 (char 0)
<Response [502]>
inflatable raft
ERROR
Expecting value: line 1 column 1 (char 0)
<Response [502]>
prickly pear
ERROR
Expecting value: line 1 column 1 (char 0)
<Response [502]>
saguaro
ERROR
Expecting value: line 1 column 1 (char 0)
<Response [502]>
deep crust
ERROR
Expecting value: line 1 column 1 (char 0)
<Response [502]>
medium crust
ERROR
Expecting value: line 1 column 1 (char 0)
<Response [502]>
freestyle skiboard
ERROR
Expecting value: line 1 column 1 (char 0)
<Response [502]>
regular skiboard
ERROR
Expecting value: line 1 column 1 (char 0)
<Response [502]>
other skiboard
ERROR
Expecting value: line 1 column 1 (char 0)
<Response [502]>
all-mountain skiboard
ERROR
Expecting value: line 1 column 1 (char 0)
<Response [502]>
riding downhill
ERROR
Expecting value: line 1 column 1 (char 0)
<Response [502]>
top bun
ERROR
Expecting value: line 1 column 1 (char 0)
<Response [502]>
bikini
ERROR
Expecting value: line 1 column 1 (char 0)
<Response [502]>
tankini
ERROR
Expecting value: line 1 column 1 (char 0)
<Response [502]>
laydown paddleboard
ERROR
Expecting value: line 1 column 1 (char 0)
<Response [502]>
peppers
ERROR
Expecting value: line 1 column 1 (char 0)
<Response [502]>
operating system
ERROR
Expecting value: line 1 column 1 (char 0)
<Response [502]>
graphics software
ERROR
Expecting value: line 1 column 1 (char 0)
<Response [502]>
productivity software
ERROR
Expecting value: line 1 column 1 (char 0)
<Response [502]>
lap belt
ERROR
Expecting value: line 1 column 1 (char 0)
<Response [502]>
shoulder belt
ERROR
Expecting value: line 1 column 1 (char 0)
<Response [502]>
three-point belt
ERROR
Expecting value: line 1 column 1 (char 0)
<Response [502]>
english spot
ERROR
Expecting value: line 1 column 1 (char 0)
<Response [502]>
dutch dwarf
ERROR
Expecting value: line 1 column 1 (char 0)
<Response [502]>
french lop
ERROR
Expecting value: line 1 column 1 (char 0)
<Response [502]>
education
ERROR
Expecting value: line 1 column 1 (char 0)
<Response [502]>
tourism
ERROR
Expecting value: line 1 column 1 (char 0)
<Response [502]>
erasing
ERROR
Expecting value: line 1 column 1 (char 0)
<Response [502]>
political campaign
ERROR
Expecting value: line 1 column 1 (char 0)
<Response [502]>
event promotion
ERROR
Expecting value: line 1 column 1 (char 0)
<Response [502]>
product advertisement
ERROR
Expecting value: line 1 column 1 (char 0)
<Response [502]>
crown castle
ERROR
Expecting value: line 1 column 1 (char 0)
<Response [502]>
fairy tale castle
ERROR
Expecting value: line 1 column 1 (char 0)
<Response [502]>
medieval castle
ERROR
Expecting value: line 1 column 1 (char 0)
<Response [502]>
pony
ERROR
Expecting value: line 1 column 1 (char 0)
<Response [502]>
dakota
ERROR
Expecting value: line 1 column 1 (char 0)
<Response [502]>
recyclable
ERROR
Expecting value: line 1 column 1 (char 0)
<Response [502]>
melted
ERROR
Expecting value: line 1 column 1 (char 0)
<Response [502]>
dark chocolate
ERROR
Expecting value: line 1 column 1 (char 0)
<Response [502]>
milk chocolate
ERROR
Expecting value: line 1 column 1 (char 0)
<Response [502]>
white chocolate
ERROR
Expecting value: line 1 column 1 (char 0)
<Response [502]>
small pieces
ERROR
Expecting value: line 1 column 1 (char 0)
<Response [502]>
large pieces
ERROR
Expecting value: line 1 column 1 (char 0)
<Response [502]>
claustrophobic
ERROR
Expecting value: line 1 column 1 (char 0)
<Response [502]>
handheld showerhead
ERROR
Expecting value: line 1 column 1 (char 0)
<Response [502]>
body spray
ERROR
Expecting value: line 1 column 1 (char 0)
<Response [502]>
fixed showerhead
ERROR
Expecting value: line 1 column 1 (char 0)
<Response [502]>
machine-made
ERROR
Expecting value: line 1 column 1 (char 0)
<Response [502]>
hand-painted
ERROR
Expecting value: line 1 column 1 (char 0)
<Response [502]>
sans-serif
ERROR
Expecting value: line 1 column 1 (char 0)
<Response [502]>
backhoe loader
ERROR
Expecting value: line 1 column 1 (char 0)
<Response [502]>
excavator
ERROR
Expecting value: line 1 column 1 (char 0)
<Response [502]>
crane
ERROR
Expecting value: line 1 column 1 (char 0)
<Response [502]>
native plants
ERROR
Expecting value: line 1 column 1 (char 0)
<Response [502]>
manicured lawn
ERROR
Expecting value: line 1 column 1 (char 0)
<Response [502]>
rock garden
ERROR
Expecting value: line 1 column 1 (char 0)
<Response [502]>
standalone
ERROR
Expecting value: line 1 column 1 (char 0)
<Response [502]>
airport-provided umbilical cord
ERROR
Expecting value: line 1 column 1 (char 0)
<Response [502]>
personal umbilical cord
ERROR
Expecting value: line 1 column 1 (char 0)
<Response [502]>
washington d.c. police department
ERROR
Expecting value: line 1 column 1 (char 0)
<Response [502]>
federal police
ERROR
Expecting value: line 1 column 1 (char 0)
<Response [502]>
local police department
ERROR
Expecting value: line 1 column 1 (char 0)
<Response [502]>
state police
ERROR
Expecting value: line 1 column 1 (char 0)
<Response [502]>
art festival
ERROR
Expecting value: line 1 column 1 (char 0)
<Response [502]>
food festival
ERROR
Expecting value: line 1 column 1 (char 0)
<Response [502]>
music festival
ERROR
Expecting value: line 1 column 1 (char 0)
<Response [502]>
non-motorized
ERROR
Expecting value: line 1 column 1 (char 0)
<Response [502]>
motorized
ERROR
Expecting value: line 1 column 1 (char 0)
<Response [502]>
neon sign
ERROR
Expecting value: line 1 column 1 (char 0)
<Response [502]>
professionally designed sign
ERROR
Expecting value: line 1 column 1 (char 0)
<Response [502]>
handwritten sign
ERROR
Expecting value: line 1 column 1 (char 0)
<Response [502]>
metal bookshelf
ERROR
Expecting value: line 1 column 1 (char 0)
<Response [502]>
wooden bookshelf
ERROR
Expecting value: line 1 column 1 (char 0)
<Response [502]>
glass bookshelf
ERROR
Expecting value: line 1 column 1 (char 0)
<Response [502]>
modern era
ERROR
Expecting value: line 1 column 1 (char 0)
<Response [502]>
old school
ERROR
Expecting value: line 1 column 1 (char 0)
<Response [502]>
tacos
ERROR
Expecting value: line 1 column 1 (char 0)
<Response [502]>
burritos
ERROR
Expecting value: line 1 column 1 (char 0)
<Response [502]>
quesadillas
ERROR
Expecting value: line 1 column 1 (char 0)
<Response [502]>
fuel leak
ERROR
Expecting value: line 1 column 1 (char 0)
<Response [502]>
engine failure
ERROR
Expecting value: line 1 column 1 (char 0)
<Response [502]>
male kitten
ERROR
Expecting value: line 1 column 1 (char 0)
<Response [502]>
female kitten
ERROR
Expecting value: line 1 column 1 (char 0)
<Response [502]>
limo
ERROR
Expecting value: line 1 column 1 (char 0)
<Response [502]>
uber
ERROR
Expecting value: line 1 column 1 (char 0)
<Response [502]>
cab
ERROR
Expecting value: line 1 column 1 (char 0)
<Response [502]>
branch line
ERROR
Expecting value: line 1 column 1 (char 0)
<Response [502]>
railway museum
ERROR
Expecting value: line 1 column 1 (char 0)
<Response [502]>
single digit
ERROR
Expecting value: line 1 column 1 (char 0)
<Response [502]>
multiple digits
ERROR
Expecting value: line 1 column 1 (char 0)
<Response [502]>
year
ERROR
Expecting value: line 1 column 1 (char 0)
<Response [502]>
release year
ERROR
Expecting value: line 1 column 1 (char 0)
<Response [502]>
tv shows
ERROR
Expecting value: line 1 column 1 (char 0)
<Response [502]>
bullock
ERROR
Expecting value: line 1 column 1 (char 0)
<Response [502]>
$10
ERROR
Expecting value: line 1 column 1 (char 0)
<Response [502]>
$50
ERROR
Expecting value: line 1 column 1 (char 0)
<Response [502]>
$100
ERROR
Expecting value: line 1 column 1 (char 0)
<Response [502]>
$20
ERROR
Expecting value: line 1 column 1 (char 0)
<Response [502]>
cat's milk
ERROR
Expecting value: line 1 column 1 (char 0)
<Response [502]>
cow's milk
ERROR
Expecting value: line 1 column 1 (char 0)
<Response [502]>
standard coin
ERROR
Expecting value: line 1 column 1 (char 0)
<Response [502]>
small coin
ERROR
Expecting value: line 1 column 1 (char 0)
<Response [502]>
large coin
ERROR
Expecting value: line 1 column 1 (char 0)
<Response [502]>
other event
ERROR
Expecting value: line 1 column 1 (char 0)
<Response [502]>
war
ERROR
Expecting value: line 1 column 1 (char 0)
<Response [502]>
swing
ERROR
Expecting value: line 1 column 1 (char 0)
<Response [502]>
not homeless
ERROR
Expecting value: line 1 column 1 (char 0)
<Response [502]>
bactrian
ERROR
Expecting value: line 1 column 1 (char 0)
<Response [502]>
dromedary
ERROR
Expecting value: line 1 column 1 (char 0)
<Response [502]>
buoy
ERROR
Expecting value: line 1 column 1 (char 0)
<Response [502]>
piling
ERROR
Expecting value: line 1 column 1 (char 0)
<Response [502]>
sailing school
ERROR
Expecting value: line 1 column 1 (char 0)
<Response [502]>
visiting friends
ERROR
Expecting value: line 1 column 1 (char 0)
<Response [502]>
one foot on ground
ERROR
Expecting value: line 1 column 1 (char 0)
<Response [502]>
both feet on ground
ERROR
Expecting value: line 1 column 1 (char 0)
<Response [502]>
both feet in air
ERROR
Expecting value: line 1 column 1 (char 0)
<Response [502]>
front foot
ERROR
Expecting value: line 1 column 1 (char 0)
<Response [502]>
back foot
ERROR
Expecting value: line 1 column 1 (char 0)
<Response [502]>
leather bridle
ERROR
Expecting value: line 1 column 1 (char 0)
<Response [502]>
nylon bridle
ERROR
Expecting value: line 1 column 1 (char 0)
<Response [502]>
pathway marker
ERROR
Expecting value: line 1 column 1 (char 0)
<Response [502]>
mascara
ERROR
Expecting value: line 1 column 1 (char 0)
<Response [502]>
lipstick
ERROR
Expecting value: line 1 column 1 (char 0)
<Response [502]>
eyeshadow
ERROR
Expecting value: line 1 column 1 (char 0)
<Response [502]>
blush
ERROR
Expecting value: line 1 column 1 (char 0)
<Response [502]>
rubber shoe
ERROR
Expecting value: line 1 column 1 (char 0)
<Response [502]>
steel shoe
ERROR
Expecting value: line 1 column 1 (char 0)
<Response [502]>
santa fe
ERROR
Expecting value: line 1 column 1 (char 0)
<Response [502]>
burlington northern
ERROR
Expecting value: line 1 column 1 (char 0)
<Response [502]>
appaloosa
ERROR
Expecting value: line 1 column 1 (char 0)
<Response [502]>
small stream
ERROR
Expecting value: line 1 column 1 (char 0)
<Response [502]>
medium stream
ERROR
Expecting value: line 1 column 1 (char 0)
<Response [502]>
large stream
ERROR
Expecting value: line 1 column 1 (char 0)
<Response [502]>
river stream
ERROR
Expecting value: line 1 column 1 (char 0)
<Response [502]>
lake stream
ERROR
Expecting value: line 1 column 1 (char 0)
<Response [502]>
mountain stream
ERROR
Expecting value: line 1 column 1 (char 0)
<Response [502]>
other stream
ERROR
Expecting value: line 1 column 1 (char 0)
<Response [502]>
other condition
ERROR
Expecting value: line 1 column 1 (char 0)
<Response [502]>
rushing
ERROR
Expecting value: line 1 column 1 (char 0)
<Response [502]>
metal mallet
ERROR
Expecting value: line 1 column 1 (char 0)
<Response [502]>
wooden mallet
ERROR
Expecting value: line 1 column 1 (char 0)
<Response [502]>
bull riding
ERROR
Expecting value: line 1 column 1 (char 0)
<Response [502]>
roping
ERROR
Expecting value: line 1 column 1 (char 0)
<Response [502]>
plow
ERROR
Expecting value: line 1 column 1 (char 0)
<Response [502]>
hoe
ERROR
Expecting value: line 1 column 1 (char 0)
<Response [502]>
honey bees
ERROR
Expecting value: line 1 column 1 (char 0)
<Response [502]>
other bees
ERROR
Expecting value: line 1 column 1 (char 0)
<Response [502]>
bumble bees
ERROR
Expecting value: line 1 column 1 (char 0)
<Response [502]>
roof-mounted
ERROR
Expecting value: line 1 column 1 (char 0)
<Response [502]>
side-mounted
ERROR
Expecting value: line 1 column 1 (char 0)
<Response [502]>
court with hoop
ERROR
Expecting value: line 1 column 1 (char 0)
<Response [502]>
crafting material
ERROR
Expecting value: line 1 column 1 (char 0)
<Response [502]>
comic books
ERROR
Expecting value: line 1 column 1 (char 0)
<Response [502]>
video games
ERROR
Expecting value: line 1 column 1 (char 0)
<Response [502]>
even
ERROR
Expecting value: line 1 column 1 (char 0)
<Response [502]>
uneven
ERROR
Expecting value: line 1 column 1 (char 0)
<Response [502]>
strain
ERROR
Expecting value: line 1 column 1 (char 0)
<Response [502]>
sprain
ERROR
Expecting value: line 1 column 1 (char 0)
<Response [502]>
torn ligament
ERROR
Expecting value: line 1 column 1 (char 0)
<Response [502]>
single food item
ERROR
Expecting value: line 1 column 1 (char 0)
<Response [502]>
multiple food items
ERROR
Expecting value: line 1 column 1 (char 0)
<Response [502]>
in front of a house
ERROR
Expecting value: line 1 column 1 (char 0)
<Response [502]>
cement
ERROR
Expecting value: line 1 column 1 (char 0)
<Response [502]>
quad chairlift
ERROR
Expecting value: line 1 column 1 (char 0)
<Response [502]>
double chairlift
ERROR
Expecting value: line 1 column 1 (char 0)
<Response [502]>
riding switch
ERROR
Expecting value: line 1 column 1 (char 0)
<Response [502]>
flips
ERROR
Expecting value: line 1 column 1 (char 0)
<Response [502]>
small jumps
ERROR
Expecting value: line 1 column 1 (char 0)
<Response [502]>
large jumps
ERROR
Expecting value: line 1 column 1 (char 0)
<Response [502]>
medium jumps
ERROR
Expecting value: line 1 column 1 (char 0)
<Response [502]>
lawn chair
ERROR
Expecting value: line 1 column 1 (char 0)
<Response [502]>
nutella
ERROR
Expecting value: line 1 column 1 (char 0)
<Response [502]>
cream cheese
ERROR
Expecting value: line 1 column 1 (char 0)
<Response [502]>
extreme
ERROR
Expecting value: line 1 column 1 (char 0)
<Response [502]>
upholstered
ERROR
Expecting value: line 1 column 1 (char 0)
<Response [502]>
toy car
ERROR
Expecting value: line 1 column 1 (char 0)
<Response [502]>
real car
ERROR
Expecting value: line 1 column 1 (char 0)
<Response [502]>
therapy
ERROR
Expecting value: line 1 column 1 (char 0)
<Response [502]>
list
ERROR
Expecting value: line 1 column 1 (char 0)
<Response [502]>
diagram
ERROR
Expecting value: line 1 column 1 (char 0)
<Response [502]>
bread dough
ERROR
Expecting value: line 1 column 1 (char 0)
<Response [502]>
pizza dough
ERROR
Expecting value: line 1 column 1 (char 0)
<Response [502]>
fashion headband
ERROR
Expecting value: line 1 column 1 (char 0)
<Response [502]>
sports headband
ERROR
Expecting value: line 1 column 1 (char 0)
<Response [502]>
built-in
ERROR
Expecting value: line 1 column 1 (char 0)
<Response [502]>
reheating
ERROR
Expecting value: line 1 column 1 (char 0)
<Response [502]>
heating
ERROR
Expecting value: line 1 column 1 (char 0)
<Response [502]>
grid
ERROR
Expecting value: line 1 column 1 (char 0)
<Response [502]>
ruled
ERROR
Expecting value: line 1 column 1 (char 0)
<Response [502]>
facebook
ERROR
Expecting value: line 1 column 1 (char 0)
<Response [502]>
instagram
ERROR
Expecting value: line 1 column 1 (char 0)
<Response [502]>
google maps
ERROR
Expecting value: line 1 column 1 (char 0)
<Response [502]>
tiktok
ERROR
Expecting value: line 1 column 1 (char 0)
<Response [502]>
messaging
ERROR
Expecting value: line 1 column 1 (char 0)
<Response [502]>
baroque
ERROR
Expecting value: line 1 column 1 (char 0)
<Response [502]>
starbucks
ERROR
Expecting value: line 1 column 1 (char 0)
<Response [502]>
dunkin' donuts
ERROR
Expecting value: line 1 column 1 (char 0)
<Response [502]>
waze
ERROR
Expecting value: line 1 column 1 (char 0)
<Response [502]>
80%-89%
ERROR
Expecting value: line 1 column 1 (char 0)
<Response [502]>
50%-59%
ERROR
Expecting value: line 1 column 1 (char 0)
<Response [502]>
60%-70%
ERROR
Expecting value: line 1 column 1 (char 0)
<Response [502]>
less than 40%
ERROR
Expecting value: line 1 column 1 (char 0)
<Response [502]>
40%-49%
ERROR
Expecting value: line 1 column 1 (char 0)
<Response [502]>
70%-79%
ERROR
Expecting value: line 1 column 1 (char 0)
<Response [502]>
90%-100%
ERROR
Expecting value: line 1 column 1 (char 0)
<Response [502]>
personal message
ERROR
Expecting value: line 1 column 1 (char 0)
<Response [502]>
work related
ERROR
Expecting value: line 1 column 1 (char 0)
<Response [502]>
golden brown
ERROR
Expecting value: line 1 column 1 (char 0)
<Response [502]>
well done
ERROR
Expecting value: line 1 column 1 (char 0)
<Response [502]>
reminder
ERROR
Expecting value: line 1 column 1 (char 0)
<Response [502]>
research
ERROR
Expecting value: line 1 column 1 (char 0)
<Response [502]>
brainstorming
ERROR
Expecting value: line 1 column 1 (char 0)
<Response [502]>
planning
ERROR
Expecting value: line 1 column 1 (char 0)
<Response [502]>
learning book
ERROR
Expecting value: line 1 column 1 (char 0)
<Response [502]>
fairy tale
ERROR
Expecting value: line 1 column 1 (char 0)
<Response [502]>
nighttime celebration
ERROR
Expecting value: line 1 column 1 (char 0)
<Response [502]>
nighttime exploration
ERROR
Expecting value: line 1 column 1 (char 0)
<Response [502]>
nighttime defense
ERROR
Expecting value: line 1 column 1 (char 0)
<Response [502]>
chopsticks
ERROR
Expecting value: line 1 column 1 (char 0)
<Response [502]>
baby-led weaning
ERROR
Expecting value: line 1 column 1 (char 0)
<Response [502]>
1 cup
ERROR
Expecting value: line 1 column 1 (char 0)
<Response [502]>
3 cups
ERROR
Expecting value: line 1 column 1 (char 0)
<Response [502]>
2 cups
ERROR
Expecting value: line 1 column 1 (char 0)
<Response [502]>
almond
ERROR
Expecting value: line 1 column 1 (char 0)
<Response [502]>
walnut
ERROR
Expecting value: line 1 column 1 (char 0)
<Response [502]>
peanut
ERROR
Expecting value: line 1 column 1 (char 0)
<Response [502]>
digital face clock
ERROR
Expecting value: line 1 column 1 (char 0)
<Response [502]>
small face clock
ERROR
Expecting value: line 1 column 1 (char 0)
<Response [502]>
analog face clock
ERROR
Expecting value: line 1 column 1 (char 0)
<Response [502]>
large face clock
ERROR
Expecting value: line 1 column 1 (char 0)
<Response [502]>
gemstone
ERROR
Expecting value: line 1 column 1 (char 0)
<Response [502]>
hugging
Done!
